Time,Hour,Minute,ep_fridge_an,ep_washer_an,ep_dryer_bn,boosterpump_abn,ep_pump,l2_bathroom1_an,l3_socket1_an,l1_airc_abn,l2_airc1_abn,l2_airc2_abn,l3_airc_abn,ep_1f_lighting1_an,ep_1f_lighting2_bn,ep_2f_lighting1_an,ep_2f_lighting2_bn,ep_3f_lighting1_an,ep_3f_lighting2_bn,l1_lighting1_an,l1_lighting2_bn,l2_lighting1_an,l2_lighting2_bn,l3_lighting1_an,l3_lighting2_bn,ep_1f_wifi_an,ep_1f_socket_bn,ep_kitchen_bn,ep_2f_socket1_an,ep_2f_socket2_bn,l1_socket1_an,l1_socket2_bn,l1_socket3_an,l1_socket4_bn,l1_socket5_an,l1_socket6_bn,l1_kitchen_abn,l2_socket1_an,l2_socket2_bn,l2_socket3_an,l2_socket4_bn,l2_socket5_an,l2_socket6_bn,l2_socket7_an,l2_socket8_bn,l2_bathroom2_bn,l3_socket2_bn,l3_socket3_an,l3_socket4_bn,l3_socket5_an,l3_socket6_bn,l3_socket7_an,l3_socket8_bn
00:00,0,0,100,100,100,100,100,300,400,200,300,300,400,100,100,100,100,100,100,200,200,300,300,300,400,100,100,100,100,100,200,200,200,200,200,200,200,300,300,300,300,300,300,300,300,300,400,400,400,400,400,400,400
00:01,0,1,100,100,100,100,100,300,400,200,300,300,400,100,100,100,100,100,100,200,200,300,300,300,400,100,100,100,100,100,200,200,200,200,200,200,200,300,300,300,300,300,300,300,300,300,400,400,400,400,400,400,400
00:02,0,2,100,100,100,100,100,300,400,200,300,300,400,100,100,100,100,100,100,200,200,300,300,300,400,100,100,100,100,100,200,200,200,200,200,200,200,300,300,300,300,300,300,300,300,300,400,400,400,400,400,400,400
00:03,0,3,100,100,100,100,100,300,400,200,300,300,400,100,100,100,100,100,100,200,200,300,300,300,400,100,100,100,100,100,200,200,200,200,200,200,200,300,300,300,300,300,300,300,300,300,400,400,400,400,400,400,400
00:04,0,4,100,100,100,100,100,300,400,200,300,300,400,100,100,100,100,100,100,200,200,300,300,300,400,100,100,100,100,100,200,200,200,200,200,200,200,300,300,300,300,300,300,300,300,300,400,400,400,400,400,400,400
00:05,0,5,100,100,100,100,100,300,400,200,300,300,400,100,100,100,100,100,100,200,200,300,300,300,400,100,100,100,100,100,200,200,200,200,200,200,200,300,300,300,300,300,300,300,300,300,400,400,400,400,400,400,400
00:06,0,6,100,100,100,100,100,300,400,200,300,300,400,100,100,100,100,100,100,200,200,300,300,300,400,100,100,100,100,100,200,200,200,200,200,200,200,300,300,300,300,300,300,300,300,300,400,400,400,400,400,400,400
00:07,0,7,100,100,100,100,100,300,400,200,300,300,400,100,100,100,100,100,100,200,200,300,300,300,400,100,100,100,100,100,200,200,200,200,200,200,200,300,300,300,300,300,300,300,300,300,400,400,400,400,400,400,400
00:08,0,8,100,100,100,100,100,300,400,200,300,300,400,100,100,100,100,100,100,200,200,300,300,300,400,100,100,100,100,100,200,200,200,200,200,200,200,300,300,300,300,300,300,300,300,300,400,400,400,400,400,400,400
00:09,0,9,100,100,100,100,100,300,400,200,300,300,400,100,100,100,100,100,100,200,200,300,300,300,400,100,100,100,100,100,200,200,200,200,200,200,200,300,300,300,300,300,300,300,300,300,400,400,400,400,400,400,400
00:10,0,10,100,100,100,100,100,300,400,200,300,300,400,100,100,100,100,100,100,200,200,300,300,300,400,100,100,100,100,100,200,200,200,200,200,200,200,300,300,300,300,300,300,300,300,300,400,400,400,400,400,400,400
00:11,0,11,100,100,100,100,100,300,400,200,300,300,400,100,100,100,100,100,100,200,200,300,300,300,400,100,100,100,100,100,200,200,200,200,200,200,200,300,300,300,300,300,300,300,300,300,400,400,400,400,400,400,400
00:12,0,12,100,100,100,100,100,300,400,200,300,300,400,100,100,100,100,100,100,200,200,300,300,300,400,100,100,100,100,100,200,200,200,200,200,200,200,300,300,300,300,300,300,300,300,300,400,400,400,400,400,400,400
00:13,0,13,100,100,100,100,100,300,400,200,300,300,400,100,100,100,100,100,100,200,200,300,300,300,400,100,100,100,100,100,200,200,200,200,200,200,200,300,300,300,300,300,300,300,300,300,400,400,400,400,400,400,400
00:14,0,14,100,100,100,100,100,300,400,200,300,300,400,100,100,100,100,100,100,200,200,300,300,300,400,100,100,100,100,100,200,200,200,200,200,200,200,300,300,300,300,300,300,300,300,300,400,400,400,400,400,400,400
00:15,0,15,100,100,100,100,100,300,400,200,300,300,400,100,100,100,100,100,100,200,200,300,300,300,400,100,100,100,100,100,200,200,200,200,200,200,200,300,300,300,300,300,300,300,300,300,400,400,400,400,400,400,400
00:16,0,16,100,100,100,100,100,300,400,200,300,300,400,100,100,100,100,100,100,200,200,300,300,300,400,100,100,100,100,100,200,200,200,200,200,200,200,300,300,300,300,300,300,300,300,300,400,400,400,400,400,400,400
00:17,0,17,100,100,100,100,100,300,400,200,300,300,400,100,100,100,100,100,100,200,200,300,300,300,400,100,100,100,100,100,200,200,200,200,200,200,200,300,300,300,300,300,300,300,300,300,400,400,400,400,400,400,400
00:18,0,18,100,100,100,100,100,300,400,200,300,300,400,100,100,100,100,100,100,200,200,300,300,300,400,100,100,100,100,100,200,200,200,200,200,200,200,300,300,300,300,300,300,300,300,300,400,400,400,400,400,400,400
00:19,0,19,100,100,100,100,100,300,400,200,300,300,400,100,100,100,100,100,100,200,200,300,300,300,400,100,100,100,100,100,200,200,200,200,200,200,200,300,300,300,300,300,300,300,300,300,400,400,400,400,400,400,400
00:20,0,20,100,100,100,100,100,300,400,200,300,300,400,100,100,100,100,100,100,200,200,300,300,300,400,100,100,100,100,100,200,200,200,200,200,200,200,300,300,300,300,300,300,300,300,300,400,400,400,400,400,400,400
00:21,0,21,100,100,100,100,100,300,400,200,300,300,400,100,100,100,100,100,100,200,200,300,300,300,400,100,100,100,100,100,200,200,200,200,200,200,200,300,300,300,300,300,300,300,300,300,400,400,400,400,400,400,400
00:22,0,22,100,100,100,100,100,300,400,200,300,300,400,100,100,100,100,100,100,200,200,300,300,300,400,100,100,100,100,100,200,200,200,200,200,200,200,300,300,300,300,300,300,300,300,300,400,400,400,400,400,400,400
00:23,0,23,100,100,100,100,100,300,400,200,300,300,400,100,100,100,100,100,100,200,200,300,300,300,400,100,100,100,100,100,200,200,200,200,200,200,200,300,300,300,300,300,300,300,300,300,400,400,400,400,400,400,400
00:24,0,24,100,100,100,100,100,300,400,200,300,300,400,100,100,100,100,100,100,200,200,300,300,300,400,100,100,100,100,100,200,200,200,200,200,200,200,300,300,300,300,300,300,300,300,300,400,400,400,400,400,400,400
00:25,0,25,100,100,100,100,100,300,400,200,300,300,400,100,100,100,100,100,100,200,200,300,300,300,400,100,100,100,100,100,200,200,200,200,200,200,200,300,300,300,300,300,300,300,300,300,400,400,400,400,400,400,400
00:26,0,26,100,100,100,100,100,300,400,200,300,300,400,100,100,100,100,100,100,200,200,300,300,300,400,100,100,100,100,100,200,200,200,200,200,200,200,300,300,300,300,300,300,300,300,300,400,400,400,400,400,400,400
00:27,0,27,100,100,100,100,100,300,400,200,300,300,400,100,100,100,100,100,100,200,200,300,300,300,400,100,100,100,100,100,200,200,200,200,200,200,200,300,300,300,300,300,300,300,300,300,400,400,400,400,400,400,400
00:28,0,28,100,100,100,100,100,300,400,200,300,300,400,100,100,100,100,100,100,200,200,300,300,300,400,100,100,100,100,100,200,200,200,200,200,200,200,300,300,300,300,300,300,300,300,300,400,400,400,400,400,400,400
00:29,0,29,100,100,100,100,100,300,400,200,300,300,400,100,100,100,100,100,100,200,200,300,300,300,400,100,100,100,100,100,200,200,200,200,200,200,200,300,300,300,300,300,300,300,300,300,400,400,400,400,400,400,400
00:30,0,30,100,100,100,100,100,300,400,200,300,300,400,100,100,100,100,100,100,200,200,300,300,300,400,100,100,100,100,100,200,200,200,200,200,200,200,300,300,300,300,300,300,300,300,300,400,400,400,400,400,400,400
00:31,0,31,100,100,100,100,100,300,400,200,300,300,400,100,100,100,100,100,100,200,200,300,300,300,400,100,100,100,100,100,200,200,200,200,200,200,200,300,300,300,300,300,300,300,300,300,400,400,400,400,400,400,400
00:32,0,32,100,100,100,100,100,300,400,200,300,300,400,100,100,100,100,100,100,200,200,300,300,300,400,100,100,100,100,100,200,200,200,200,200,200,200,300,300,300,300,300,300,300,300,300,400,400,400,400,400,400,400
00:33,0,33,100,100,100,100,100,300,400,200,300,300,400,100,100,100,100,100,100,200,200,300,300,300,400,100,100,100,100,100,200,200,200,200,200,200,200,300,300,300,300,300,300,300,300,300,400,400,400,400,400,400,400
00:34,0,34,100,100,100,100,100,300,400,200,300,300,400,100,100,100,100,100,100,200,200,300,300,300,400,100,100,100,100,100,200,200,200,200,200,200,200,300,300,300,300,300,300,300,300,300,400,400,400,400,400,400,400
00:35,0,35,100,100,100,100,100,300,400,200,300,300,400,100,100,100,100,100,100,200,200,300,300,300,400,100,100,100,100,100,200,200,200,200,200,200,200,300,300,300,300,300,300,300,300,300,400,400,400,400,400,400,400
00:36,0,36,100,100,100,100,100,300,400,200,300,300,400,100,100,100,100,100,100,200,200,300,300,300,400,100,100,100,100,100,200,200,200,200,200,200,200,300,300,300,300,300,300,300,300,300,400,400,400,400,400,400,400
00:37,0,37,100,100,100,100,100,300,400,200,300,300,400,100,100,100,100,100,100,200,200,300,300,300,400,100,100,100,100,100,200,200,200,200,200,200,200,300,300,300,300,300,300,300,300,300,400,400,400,400,400,400,400
00:38,0,38,100,100,100,100,100,300,400,200,300,300,400,100,100,100,100,100,100,200,200,300,300,300,400,100,100,100,100,100,200,200,200,200,200,200,200,300,300,300,300,300,300,300,300,300,400,400,400,400,400,400,400
00:39,0,39,100,100,100,100,100,300,400,200,300,300,400,100,100,100,100,100,100,200,200,300,300,300,400,100,100,100,100,100,200,200,200,200,200,200,200,300,300,300,300,300,300,300,300,300,400,400,400,400,400,400,400
00:40,0,40,100,100,100,100,100,300,400,200,300,300,400,100,100,100,100,100,100,200,200,300,300,300,400,100,100,100,100,100,200,200,200,200,200,200,200,300,300,300,300,300,300,300,300,300,400,400,400,400,400,400,400
00:41,0,41,100,100,100,100,100,300,400,200,300,300,400,100,100,100,100,100,100,200,200,300,300,300,400,100,100,100,100,100,200,200,200,200,200,200,200,300,300,300,300,300,300,300,300,300,400,400,400,400,400,400,400
00:42,0,42,100,100,100,100,100,300,400,200,300,300,400,100,100,100,100,100,100,200,200,300,300,300,400,100,100,100,100,100,200,200,200,200,200,200,200,300,300,300,300,300,300,300,300,300,400,400,400,400,400,400,400
00:43,0,43,100,100,100,100,100,300,400,200,300,300,400,100,100,100,100,100,100,200,200,300,300,300,400,100,100,100,100,100,200,200,200,200,200,200,200,300,300,300,300,300,300,300,300,300,400,400,400,400,400,400,400
00:44,0,44,100,100,100,100,100,300,400,200,300,300,400,100,100,100,100,100,100,200,200,300,300,300,400,100,100,100,100,100,200,200,200,200,200,200,200,300,300,300,300,300,300,300,300,300,400,400,400,400,400,400,400
00:45,0,45,100,100,100,100,100,300,400,200,300,300,400,100,100,100,100,100,100,200,200,300,300,300,400,100,100,100,100,100,200,200,200,200,200,200,200,300,300,300,300,300,300,300,300,300,400,400,400,400,400,400,400
00:46,0,46,100,100,100,100,100,300,400,200,300,300,400,100,100,100,100,100,100,200,200,300,300,300,400,100,100,100,100,100,200,200,200,200,200,200,200,300,300,300,300,300,300,300,300,300,400,400,400,400,400,400,400
00:47,0,47,100,100,100,100,100,300,400,200,300,300,400,100,100,100,100,100,100,200,200,300,300,300,400,100,100,100,100,100,200,200,200,200,200,200,200,300,300,300,300,300,300,300,300,300,400,400,400,400,400,400,400
00:48,0,48,100,100,100,100,100,300,400,200,300,300,400,100,100,100,100,100,100,200,200,300,300,300,400,100,100,100,100,100,200,200,200,200,200,200,200,300,300,300,300,300,300,300,300,300,400,400,400,400,400,400,400
00:49,0,49,100,100,100,100,100,300,400,200,300,300,400,100,100,100,100,100,100,200,200,300,300,300,400,100,100,100,100,100,200,200,200,200,200,200,200,300,300,300,300,300,300,300,300,300,400,400,400,400,400,400,400
00:50,0,50,100,100,100,100,100,300,400,200,300,300,400,100,100,100,100,100,100,200,200,300,300,300,400,100,100,100,100,100,200,200,200,200,200,200,200,300,300,300,300,300,300,300,300,300,400,400,400,400,400,400,400
00:51,0,51,100,100,100,100,100,300,400,200,300,300,400,100,100,100,100,100,100,200,200,300,300,300,400,100,100,100,100,100,200,200,200,200,200,200,200,300,300,300,300,300,300,300,300,300,400,400,400,400,400,400,400
00:52,0,52,100,100,100,100,100,300,400,200,300,300,400,100,100,100,100,100,100,200,200,300,300,300,400,100,100,100,100,100,200,200,200,200,200,200,200,300,300,300,300,300,300,300,300,300,400,400,400,400,400,400,400
00:53,0,53,100,100,100,100,100,300,400,200,300,300,400,100,100,100,100,100,100,200,200,300,300,300,400,100,100,100,100,100,200,200,200,200,200,200,200,300,300,300,300,300,300,300,300,300,400,400,400,400,400,400,400
00:54,0,54,100,100,100,100,100,300,400,200,300,300,400,100,100,100,100,100,100,200,200,300,300,300,400,100,100,100,100,100,200,200,200,200,200,200,200,300,300,300,300,300,300,300,300,300,400,400,400,400,400,400,400
00:55,0,55,100,100,100,100,100,300,400,200,300,300,400,100,100,100,100,100,100,200,200,300,300,300,400,100,100,100,100,100,200,200,200,200,200,200,200,300,300,300,300,300,300,300,300,300,400,400,400,400,400,400,400
00:56,0,56,100,100,100,100,100,300,400,200,300,300,400,100,100,100,100,100,100,200,200,300,300,300,400,100,100,100,100,100,200,200,200,200,200,200,200,300,300,300,300,300,300,300,300,300,400,400,400,400,400,400,400
00:57,0,57,100,100,100,100,100,300,400,200,300,300,400,100,100,100,100,100,100,200,200,300,300,300,400,100,100,100,100,100,200,200,200,200,200,200,200,300,300,300,300,300,300,300,300,300,400,400,400,400,400,400,400
00:58,0,58,100,100,100,100,100,300,400,200,300,300,400,100,100,100,100,100,100,200,200,300,300,300,400,100,100,100,100,100,200,200,200,200,200,200,200,300,300,300,300,300,300,300,300,300,400,400,400,400,400,400,400
00:59,0,59,100,100,100,100,100,300,400,200,300,300,400,100,100,100,100,100,100,200,200,300,300,300,400,100,100,100,100,100,200,200,200,200,200,200,200,300,300,300,300,300,300,300,300,300,400,400,400,400,400,400,400
01:00,1,0,100,100,100,100,100,300,400,200,300,300,400,100,100,100,100,100,100,200,200,300,300,300,400,100,100,100,100,100,200,200,200,200,200,200,200,300,300,300,300,300,300,300,300,300,400,400,400,400,400,400,400
01:01,1,1,100,100,100,100,100,300,400,200,300,300,400,100,100,100,100,100,100,200,200,300,300,300,400,100,100,100,100,100,200,200,200,200,200,200,200,300,300,300,300,300,300,300,300,300,400,400,400,400,400,400,400
01:02,1,2,100,100,100,100,100,300,400,200,300,300,400,100,100,100,100,100,100,200,200,300,300,300,400,100,100,100,100,100,200,200,200,200,200,200,200,300,300,300,300,300,300,300,300,300,400,400,400,400,400,400,400
01:03,1,3,100,100,100,100,100,300,400,200,300,300,400,100,100,100,100,100,100,200,200,300,300,300,400,100,100,100,100,100,200,200,200,200,200,200,200,300,300,300,300,300,300,300,300,300,400,400,400,400,400,400,400
01:04,1,4,100,100,100,100,100,300,400,200,300,300,400,100,100,100,100,100,100,200,200,300,300,300,400,100,100,100,100,100,200,200,200,200,200,200,200,300,300,300,300,300,300,300,300,300,400,400,400,400,400,400,400
01:05,1,5,100,100,100,100,100,300,400,200,300,300,400,100,100,100,100,100,100,200,200,300,300,300,400,100,100,100,100,100,200,200,200,200,200,200,200,300,300,300,300,300,300,300,300,300,400,400,400,400,400,400,400
01:06,1,6,100,100,100,100,100,300,400,200,300,300,400,100,100,100,100,100,100,200,200,300,300,300,400,100,100,100,100,100,200,200,200,200,200,200,200,300,300,300,300,300,300,300,300,300,400,400,400,400,400,400,400
01:07,1,7,100,100,100,100,100,300,400,200,300,300,400,100,100,100,100,100,100,200,200,300,300,300,400,100,100,100,100,100,200,200,200,200,200,200,200,300,300,300,300,300,300,300,300,300,400,400,400,400,400,400,400
01:08,1,8,100,100,100,100,100,300,400,200,300,300,400,100,100,100,100,100,100,200,200,300,300,300,400,100,100,100,100,100,200,200,200,200,200,200,200,300,300,300,300,300,300,300,300,300,400,400,400,400,400,400,400
01:09,1,9,100,100,100,100,100,300,400,200,300,300,400,100,100,100,100,100,100,200,200,300,300,300,400,100,100,100,100,100,200,200,200,200,200,200,200,300,300,300,300,300,300,300,300,300,400,400,400,400,400,400,400
01:10,1,10,100,100,100,100,100,300,400,200,300,300,400,100,100,100,100,100,100,200,200,300,300,300,400,100,100,100,100,100,200,200,200,200,200,200,200,300,300,300,300,300,300,300,300,300,400,400,400,400,400,400,400
01:11,1,11,100,100,100,100,100,300,400,200,300,300,400,100,100,100,100,100,100,200,200,300,300,300,400,100,100,100,100,100,200,200,200,200,200,200,200,300,300,300,300,300,300,300,300,300,400,400,400,400,400,400,400
01:12,1,12,100,100,100,100,100,300,400,200,300,300,400,100,100,100,100,100,100,200,200,300,300,300,400,100,100,100,100,100,200,200,200,200,200,200,200,300,300,300,300,300,300,300,300,300,400,400,400,400,400,400,400
01:13,1,13,100,100,100,100,100,300,400,200,300,300,400,100,100,100,100,100,100,200,200,300,300,300,400,100,100,100,100,100,200,200,200,200,200,200,200,300,300,300,300,300,300,300,300,300,400,400,400,400,400,400,400
01:14,1,14,100,100,100,100,100,300,400,200,300,300,400,100,100,100,100,100,100,200,200,300,300,300,400,100,100,100,100,100,200,200,200,200,200,200,200,300,300,300,300,300,300,300,300,300,400,400,400,400,400,400,400
01:15,1,15,100,100,100,100,100,300,400,200,300,300,400,100,100,100,100,100,100,200,200,300,300,300,400,100,100,100,100,100,200,200,200,200,200,200,200,300,300,300,300,300,300,300,300,300,400,400,400,400,400,400,400
01:16,1,16,100,100,100,100,100,300,400,200,300,300,400,100,100,100,100,100,100,200,200,300,300,300,400,100,100,100,100,100,200,200,200,200,200,200,200,300,300,300,300,300,300,300,300,300,400,400,400,400,400,400,400
01:17,1,17,100,100,100,100,100,300,400,200,300,300,400,100,100,100,100,100,100,200,200,300,300,300,400,100,100,100,100,100,200,200,200,200,200,200,200,300,300,300,300,300,300,300,300,300,400,400,400,400,400,400,400
01:18,1,18,100,100,100,100,100,300,400,200,300,300,400,100,100,100,100,100,100,200,200,300,300,300,400,100,100,100,100,100,200,200,200,200,200,200,200,300,300,300,300,300,300,300,300,300,400,400,400,400,400,400,400
01:19,1,19,100,100,100,100,100,300,400,200,300,300,400,100,100,100,100,100,100,200,200,300,300,300,400,100,100,100,100,100,200,200,200,200,200,200,200,300,300,300,300,300,300,300,300,300,400,400,400,400,400,400,400
01:20,1,20,100,100,100,100,100,300,400,200,300,300,400,100,100,100,100,100,100,200,200,300,300,300,400,100,100,100,100,100,200,200,200,200,200,200,200,300,300,300,300,300,300,300,300,300,400,400,400,400,400,400,400
01:21,1,21,100,100,100,100,100,300,400,200,300,300,400,100,100,100,100,100,100,200,200,300,300,300,400,100,100,100,100,100,200,200,200,200,200,200,200,300,300,300,300,300,300,300,300,300,400,400,400,400,400,400,400
01:22,1,22,100,100,100,100,100,300,400,200,300,300,400,100,100,100,100,100,100,200,200,300,300,300,400,100,100,100,100,100,200,200,200,200,200,200,200,300,300,300,300,300,300,300,300,300,400,400,400,400,400,400,400
01:23,1,23,100,100,100,100,100,300,400,200,300,300,400,100,100,100,100,100,100,200,200,300,300,300,400,100,100,100,100,100,200,200,200,200,200,200,200,300,300,300,300,300,300,300,300,300,400,400,400,400,400,400,400
01:24,1,24,100,100,100,100,100,300,400,200,300,300,400,100,100,100,100,100,100,200,200,300,300,300,400,100,100,100,100,100,200,200,200,200,200,200,200,300,300,300,300,300,300,300,300,300,400,400,400,400,400,400,400
01:25,1,25,100,100,100,100,100,300,400,200,300,300,400,100,100,100,100,100,100,200,200,300,300,300,400,100,100,100,100,100,200,200,200,200,200,200,200,300,300,300,300,300,300,300,300,300,400,400,400,400,400,400,400
01:26,1,26,100,100,100,100,100,300,400,200,300,300,400,100,100,100,100,100,100,200,200,300,300,300,400,100,100,100,100,100,200,200,200,200,200,200,200,300,300,300,300,300,300,300,300,300,400,400,400,400,400,400,400
01:27,1,27,100,100,100,100,100,300,400,200,300,300,400,100,100,100,100,100,100,200,200,300,300,300,400,100,100,100,100,100,200,200,200,200,200,200,200,300,300,300,300,300,300,300,300,300,400,400,400,400,400,400,400
01:28,1,28,100,100,100,100,100,300,400,200,300,300,400,100,100,100,100,100,100,200,200,300,300,300,400,100,100,100,100,100,200,200,200,200,200,200,200,300,300,300,300,300,300,300,300,300,400,400,400,400,400,400,400
01:29,1,29,100,100,100,100,100,300,400,200,300,300,400,100,100,100,100,100,100,200,200,300,300,300,400,100,100,100,100,100,200,200,200,200,200,200,200,300,300,300,300,300,300,300,300,300,400,400,400,400,400,400,400
01:30,1,30,100,100,100,100,100,300,400,200,300,300,400,100,100,100,100,100,100,200,200,300,300,300,400,100,100,100,100,100,200,200,200,200,200,200,200,300,300,300,300,300,300,300,300,300,400,400,400,400,400,400,400
01:31,1,31,100,100,100,100,100,300,400,200,300,300,400,100,100,100,100,100,100,200,200,300,300,300,400,100,100,100,100,100,200,200,200,200,200,200,200,300,300,300,300,300,300,300,300,300,400,400,400,400,400,400,400
01:32,1,32,100,100,100,100,100,300,400,200,300,300,400,100,100,100,100,100,100,200,200,300,300,300,400,100,100,100,100,100,200,200,200,200,200,200,200,300,300,300,300,300,300,300,300,300,400,400,400,400,400,400,400
01:33,1,33,100,100,100,100,100,300,400,200,300,300,400,100,100,100,100,100,100,200,200,300,300,300,400,100,100,100,100,100,200,200,200,200,200,200,200,300,300,300,300,300,300,300,300,300,400,400,400,400,400,400,400
01:34,1,34,100,100,100,100,100,300,400,200,300,300,400,100,100,100,100,100,100,200,200,300,300,300,400,100,100,100,100,100,200,200,200,200,200,200,200,300,300,300,300,300,300,300,300,300,400,400,400,400,400,400,400
01:35,1,35,100,100,100,100,100,300,400,200,300,300,400,100,100,100,100,100,100,200,200,300,300,300,400,100,100,100,100,100,200,200,200,200,200,200,200,300,300,300,300,300,300,300,300,300,400,400,400,400,400,400,400
01:36,1,36,100,100,100,100,100,300,400,200,300,300,400,100,100,100,100,100,100,200,200,300,300,300,400,100,100,100,100,100,200,200,200,200,200,200,200,300,300,300,300,300,300,300,300,300,400,400,400,400,400,400,400
01:37,1,37,100,100,100,100,100,300,400,200,300,300,400,100,100,100,100,100,100,200,200,300,300,300,400,100,100,100,100,100,200,200,200,200,200,200,200,300,300,300,300,300,300,300,300,300,400,400,400,400,400,400,400
01:38,1,38,100,100,100,100,100,300,400,200,300,300,400,100,100,100,100,100,100,200,200,300,300,300,400,100,100,100,100,100,200,200,200,200,200,200,200,300,300,300,300,300,300,300,300,300,400,400,400,400,400,400,400
01:39,1,39,100,100,100,100,100,300,400,200,300,300,400,100,100,100,100,100,100,200,200,300,300,300,400,100,100,100,100,100,200,200,200,200,200,200,200,300,300,300,300,300,300,300,300,300,400,400,400,400,400,400,400
01:40,1,40,100,100,100,100,100,300,400,200,300,300,400,100,100,100,100,100,100,200,200,300,300,300,400,100,100,100,100,100,200,200,200,200,200,200,200,300,300,300,300,300,300,300,300,300,400,400,400,400,400,400,400
01:41,1,41,100,100,100,100,100,300,400,200,300,300,400,100,100,100,100,100,100,200,200,300,300,300,400,100,100,100,100,100,200,200,200,200,200,200,200,300,300,300,300,300,300,300,300,300,400,400,400,400,400,400,400
01:42,1,42,100,100,100,100,100,300,400,200,300,300,400,100,100,100,100,100,100,200,200,300,300,300,400,100,100,100,100,100,200,200,200,200,200,200,200,300,300,300,300,300,300,300,300,300,400,400,400,400,400,400,400
01:43,1,43,100,100,100,100,100,300,400,200,300,300,400,100,100,100,100,100,100,200,200,300,300,300,400,100,100,100,100,100,200,200,200,200,200,200,200,300,300,300,300,300,300,300,300,300,400,400,400,400,400,400,400
01:44,1,44,100,100,100,100,100,300,400,200,300,300,400,100,100,100,100,100,100,200,200,300,300,300,400,100,100,100,100,100,200,200,200,200,200,200,200,300,300,300,300,300,300,300,300,300,400,400,400,400,400,400,400
01:45,1,45,100,100,100,100,100,300,400,200,300,300,400,100,100,100,100,100,100,200,200,300,300,300,400,100,100,100,100,100,200,200,200,200,200,200,200,300,300,300,300,300,300,300,300,300,400,400,400,400,400,400,400
01:46,1,46,100,100,100,100,100,300,400,200,300,300,400,100,100,100,100,100,100,200,200,300,300,300,400,100,100,100,100,100,200,200,200,200,200,200,200,300,300,300,300,300,300,300,300,300,400,400,400,400,400,400,400
01:47,1,47,100,100,100,100,100,300,400,200,300,300,400,100,100,100,100,100,100,200,200,300,300,300,400,100,100,100,100,100,200,200,200,200,200,200,200,300,300,300,300,300,300,300,300,300,400,400,400,400,400,400,400
01:48,1,48,100,100,100,100,100,300,400,200,300,300,400,100,100,100,100,100,100,200,200,300,300,300,400,100,100,100,100,100,200,200,200,200,200,200,200,300,300,300,300,300,300,300,300,300,400,400,400,400,400,400,400
01:49,1,49,100,100,100,100,100,300,400,200,300,300,400,100,100,100,100,100,100,200,200,300,300,300,400,100,100,100,100,100,200,200,200,200,200,200,200,300,300,300,300,300,300,300,300,300,400,400,400,400,400,400,400
01:50,1,50,100,100,100,100,100,300,400,200,300,300,400,100,100,100,100,100,100,200,200,300,300,300,400,100,100,100,100,100,200,200,200,200,200,200,200,300,300,300,300,300,300,300,300,300,400,400,400,400,400,400,400
01:51,1,51,100,100,100,100,100,300,400,200,300,300,400,100,100,100,100,100,100,200,200,300,300,300,400,100,100,100,100,100,200,200,200,200,200,200,200,300,300,300,300,300,300,300,300,300,400,400,400,400,400,400,400
01:52,1,52,100,100,100,100,100,300,400,200,300,300,400,100,100,100,100,100,100,200,200,300,300,300,400,100,100,100,100,100,200,200,200,200,200,200,200,300,300,300,300,300,300,300,300,300,400,400,400,400,400,400,400
01:53,1,53,100,100,100,100,100,300,400,200,300,300,400,100,100,100,100,100,100,200,200,300,300,300,400,100,100,100,100,100,200,200,200,200,200,200,200,300,300,300,300,300,300,300,300,300,400,400,400,400,400,400,400
01:54,1,54,100,100,100,100,100,300,400,200,300,300,400,100,100,100,100,100,100,200,200,300,300,300,400,100,100,100,100,100,200,200,200,200,200,200,200,300,300,300,300,300,300,300,300,300,400,400,400,400,400,400,400
01:55,1,55,100,100,100,100,100,300,400,200,300,300,400,100,100,100,100,100,100,200,200,300,300,300,400,100,100,100,100,100,200,200,200,200,200,200,200,300,300,300,300,300,300,300,300,300,400,400,400,400,400,400,400
01:56,1,56,100,100,100,100,100,300,400,200,300,300,400,100,100,100,100,100,100,200,200,300,300,300,400,100,100,100,100,100,200,200,200,200,200,200,200,300,300,300,300,300,300,300,300,300,400,400,400,400,400,400,400
01:57,1,57,100,100,100,100,100,300,400,200,300,300,400,100,100,100,100,100,100,200,200,300,300,300,400,100,100,100,100,100,200,200,200,200,200,200,200,300,300,300,300,300,300,300,300,300,400,400,400,400,400,400,400
01:58,1,58,100,100,100,100,100,300,400,200,300,300,400,100,100,100,100,100,100,200,200,300,300,300,400,100,100,100,100,100,200,200,200,200,200,200,200,300,300,300,300,300,300,300,300,300,400,400,400,400,400,400,400
01:59,1,59,100,100,100,100,100,300,400,200,300,300,400,100,100,100,100,100,100,200,200,300,300,300,400,100,100,100,100,100,200,200,200,200,200,200,200,300,300,300,300,300,300,300,300,300,400,400,400,400,400,400,400
02:00,2,0,100,100,100,100,100,300,400,200,300,300,400,100,100,100,100,100,100,200,200,300,300,300,400,100,100,100,100,100,200,200,200,200,200,200,200,300,300,300,300,300,300,300,300,300,400,400,400,400,400,400,400
02:01,2,1,100,100,100,100,100,300,400,200,300,300,400,100,100,100,100,100,100,200,200,300,300,300,400,100,100,100,100,100,200,200,200,200,200,200,200,300,300,300,300,300,300,300,300,300,400,400,400,400,400,400,400
02:02,2,2,100,100,100,100,100,300,400,200,300,300,400,100,100,100,100,100,100,200,200,300,300,300,400,100,100,100,100,100,200,200,200,200,200,200,200,300,300,300,300,300,300,300,300,300,400,400,400,400,400,400,400
02:03,2,3,100,100,100,100,100,300,400,200,300,300,400,100,100,100,100,100,100,200,200,300,300,300,400,100,100,100,100,100,200,200,200,200,200,200,200,300,300,300,300,300,300,300,300,300,400,400,400,400,400,400,400
02:04,2,4,100,100,100,100,100,300,400,200,300,300,400,100,100,100,100,100,100,200,200,300,300,300,400,100,100,100,100,100,200,200,200,200,200,200,200,300,300,300,300,300,300,300,300,300,400,400,400,400,400,400,400
02:05,2,5,100,100,100,100,100,300,400,200,300,300,400,100,100,100,100,100,100,200,200,300,300,300,400,100,100,100,100,100,200,200,200,200,200,200,200,300,300,300,300,300,300,300,300,300,400,400,400,400,400,400,400
02:06,2,6,100,100,100,100,100,300,400,200,300,300,400,100,100,100,100,100,100,200,200,300,300,300,400,100,100,100,100,100,200,200,200,200,200,200,200,300,300,300,300,300,300,300,300,300,400,400,400,400,400,400,400
02:07,2,7,100,100,100,100,100,300,400,200,300,300,400,100,100,100,100,100,100,200,200,300,300,300,400,100,100,100,100,100,200,200,200,200,200,200,200,300,300,300,300,300,300,300,300,300,400,400,400,400,400,400,400
02:08,2,8,100,100,100,100,100,300,400,200,300,300,400,100,100,100,100,100,100,200,200,300,300,300,400,100,100,100,100,100,200,200,200,200,200,200,200,300,300,300,300,300,300,300,300,300,400,400,400,400,400,400,400
02:09,2,9,100,100,100,100,100,300,400,200,300,300,400,100,100,100,100,100,100,200,200,300,300,300,400,100,100,100,100,100,200,200,200,200,200,200,200,300,300,300,300,300,300,300,300,300,400,400,400,400,400,400,400
02:10,2,10,100,100,100,100,100,300,400,200,300,300,400,100,100,100,100,100,100,200,200,300,300,300,400,100,100,100,100,100,200,200,200,200,200,200,200,300,300,300,300,300,300,300,300,300,400,400,400,400,400,400,400
02:11,2,11,100,100,100,100,100,300,400,200,300,300,400,100,100,100,100,100,100,200,200,300,300,300,400,100,100,100,100,100,200,200,200,200,200,200,200,300,300,300,300,300,300,300,300,300,400,400,400,400,400,400,400
02:12,2,12,100,100,100,100,100,300,400,200,300,300,400,100,100,100,100,100,100,200,200,300,300,300,400,100,100,100,100,100,200,200,200,200,200,200,200,300,300,300,300,300,300,300,300,300,400,400,400,400,400,400,400
02:13,2,13,100,100,100,100,100,300,400,200,300,300,400,100,100,100,100,100,100,200,200,300,300,300,400,100,100,100,100,100,200,200,200,200,200,200,200,300,300,300,300,300,300,300,300,300,400,400,400,400,400,400,400
02:14,2,14,100,100,100,100,100,300,400,200,300,300,400,100,100,100,100,100,100,200,200,300,300,300,400,100,100,100,100,100,200,200,200,200,200,200,200,300,300,300,300,300,300,300,300,300,400,400,400,400,400,400,400
02:15,2,15,100,100,100,100,100,300,400,200,300,300,400,100,100,100,100,100,100,200,200,300,300,300,400,100,100,100,100,100,200,200,200,200,200,200,200,300,300,300,300,300,300,300,300,300,400,400,400,400,400,400,400
02:16,2,16,100,100,100,100,100,300,400,200,300,300,400,100,100,100,100,100,100,200,200,300,300,300,400,100,100,100,100,100,200,200,200,200,200,200,200,300,300,300,300,300,300,300,300,300,400,400,400,400,400,400,400
02:17,2,17,100,100,100,100,100,300,400,200,300,300,400,100,100,100,100,100,100,200,200,300,300,300,400,100,100,100,100,100,200,200,200,200,200,200,200,300,300,300,300,300,300,300,300,300,400,400,400,400,400,400,400
02:18,2,18,100,100,100,100,100,300,400,200,300,300,400,100,100,100,100,100,100,200,200,300,300,300,400,100,100,100,100,100,200,200,200,200,200,200,200,300,300,300,300,300,300,300,300,300,400,400,400,400,400,400,400
02:19,2,19,100,100,100,100,100,300,400,200,300,300,400,100,100,100,100,100,100,200,200,300,300,300,400,100,100,100,100,100,200,200,200,200,200,200,200,300,300,300,300,300,300,300,300,300,400,400,400,400,400,400,400
02:20,2,20,100,100,100,100,100,300,400,200,300,300,400,100,100,100,100,100,100,200,200,300,300,300,400,100,100,100,100,100,200,200,200,200,200,200,200,300,300,300,300,300,300,300,300,300,400,400,400,400,400,400,400
02:21,2,21,100,100,100,100,100,300,400,200,300,300,400,100,100,100,100,100,100,200,200,300,300,300,400,100,100,100,100,100,200,200,200,200,200,200,200,300,300,300,300,300,300,300,300,300,400,400,400,400,400,400,400
02:22,2,22,100,100,100,100,100,300,400,200,300,300,400,100,100,100,100,100,100,200,200,300,300,300,400,100,100,100,100,100,200,200,200,200,200,200,200,300,300,300,300,300,300,300,300,300,400,400,400,400,400,400,400
02:23,2,23,100,100,100,100,100,300,400,200,300,300,400,100,100,100,100,100,100,200,200,300,300,300,400,100,100,100,100,100,200,200,200,200,200,200,200,300,300,300,300,300,300,300,300,300,400,400,400,400,400,400,400
02:24,2,24,100,100,100,100,100,300,400,200,300,300,400,100,100,100,100,100,100,200,200,300,300,300,400,100,100,100,100,100,200,200,200,200,200,200,200,300,300,300,300,300,300,300,300,300,400,400,400,400,400,400,400
02:25,2,25,100,100,100,100,100,300,400,200,300,300,400,100,100,100,100,100,100,200,200,300,300,300,400,100,100,100,100,100,200,200,200,200,200,200,200,300,300,300,300,300,300,300,300,300,400,400,400,400,400,400,400
02:26,2,26,100,100,100,100,100,300,400,200,300,300,400,100,100,100,100,100,100,200,200,300,300,300,400,100,100,100,100,100,200,200,200,200,200,200,200,300,300,300,300,300,300,300,300,300,400,400,400,400,400,400,400
02:27,2,27,100,100,100,100,100,300,400,200,300,300,400,100,100,100,100,100,100,200,200,300,300,300,400,100,100,100,100,100,200,200,200,200,200,200,200,300,300,300,300,300,300,300,300,300,400,400,400,400,400,400,400
02:28,2,28,100,100,100,100,100,300,400,200,300,300,400,100,100,100,100,100,100,200,200,300,300,300,400,100,100,100,100,100,200,200,200,200,200,200,200,300,300,300,300,300,300,300,300,300,400,400,400,400,400,400,400
02:29,2,29,100,100,100,100,100,300,400,200,300,300,400,100,100,100,100,100,100,200,200,300,300,300,400,100,100,100,100,100,200,200,200,200,200,200,200,300,300,300,300,300,300,300,300,300,400,400,400,400,400,400,400
02:30,2,30,100,100,100,100,100,300,400,200,300,300,400,100,100,100,100,100,100,200,200,300,300,300,400,100,100,100,100,100,200,200,200,200,200,200,200,300,300,300,300,300,300,300,300,300,400,400,400,400,400,400,400
02:31,2,31,100,100,100,100,100,300,400,200,300,300,400,100,100,100,100,100,100,200,200,300,300,300,400,100,100,100,100,100,200,200,200,200,200,200,200,300,300,300,300,300,300,300,300,300,400,400,400,400,400,400,400
02:32,2,32,100,100,100,100,100,300,400,200,300,300,400,100,100,100,100,100,100,200,200,300,300,300,400,100,100,100,100,100,200,200,200,200,200,200,200,300,300,300,300,300,300,300,300,300,400,400,400,400,400,400,400
02:33,2,33,100,100,100,100,100,300,400,200,300,300,400,100,100,100,100,100,100,200,200,300,300,300,400,100,100,100,100,100,200,200,200,200,200,200,200,300,300,300,300,300,300,300,300,300,400,400,400,400,400,400,400
02:34,2,34,100,100,100,100,100,300,400,200,300,300,400,100,100,100,100,100,100,200,200,300,300,300,400,100,100,100,100,100,200,200,200,200,200,200,200,300,300,300,300,300,300,300,300,300,400,400,400,400,400,400,400
02:35,2,35,100,100,100,100,100,300,400,200,300,300,400,100,100,100,100,100,100,200,200,300,300,300,400,100,100,100,100,100,200,200,200,200,200,200,200,300,300,300,300,300,300,300,300,300,400,400,400,400,400,400,400
02:36,2,36,100,100,100,100,100,300,400,200,300,300,400,100,100,100,100,100,100,200,200,300,300,300,400,100,100,100,100,100,200,200,200,200,200,200,200,300,300,300,300,300,300,300,300,300,400,400,400,400,400,400,400
02:37,2,37,100,100,100,100,100,300,400,200,300,300,400,100,100,100,100,100,100,200,200,300,300,300,400,100,100,100,100,100,200,200,200,200,200,200,200,300,300,300,300,300,300,300,300,300,400,400,400,400,400,400,400
02:38,2,38,100,100,100,100,100,300,400,200,300,300,400,100,100,100,100,100,100,200,200,300,300,300,400,100,100,100,100,100,200,200,200,200,200,200,200,300,300,300,300,300,300,300,300,300,400,400,400,400,400,400,400
02:39,2,39,100,100,100,100,100,300,400,200,300,300,400,100,100,100,100,100,100,200,200,300,300,300,400,100,100,100,100,100,200,200,200,200,200,200,200,300,300,300,300,300,300,300,300,300,400,400,400,400,400,400,400
02:40,2,40,100,100,100,100,100,300,400,200,300,300,400,100,100,100,100,100,100,200,200,300,300,300,400,100,100,100,100,100,200,200,200,200,200,200,200,300,300,300,300,300,300,300,300,300,400,400,400,400,400,400,400
02:41,2,41,100,100,100,100,100,300,400,200,300,300,400,100,100,100,100,100,100,200,200,300,300,300,400,100,100,100,100,100,200,200,200,200,200,200,200,300,300,300,300,300,300,300,300,300,400,400,400,400,400,400,400
02:42,2,42,100,100,100,100,100,300,400,200,300,300,400,100,100,100,100,100,100,200,200,300,300,300,400,100,100,100,100,100,200,200,200,200,200,200,200,300,300,300,300,300,300,300,300,300,400,400,400,400,400,400,400
02:43,2,43,100,100,100,100,100,300,400,200,300,300,400,100,100,100,100,100,100,200,200,300,300,300,400,100,100,100,100,100,200,200,200,200,200,200,200,300,300,300,300,300,300,300,300,300,400,400,400,400,400,400,400
02:44,2,44,100,100,100,100,100,300,400,200,300,300,400,100,100,100,100,100,100,200,200,300,300,300,400,100,100,100,100,100,200,200,200,200,200,200,200,300,300,300,300,300,300,300,300,300,400,400,400,400,400,400,400
02:45,2,45,100,100,100,100,100,300,400,200,300,300,400,100,100,100,100,100,100,200,200,300,300,300,400,100,100,100,100,100,200,200,200,200,200,200,200,300,300,300,300,300,300,300,300,300,400,400,400,400,400,400,400
02:46,2,46,100,100,100,100,100,300,400,200,300,300,400,100,100,100,100,100,100,200,200,300,300,300,400,100,100,100,100,100,200,200,200,200,200,200,200,300,300,300,300,300,300,300,300,300,400,400,400,400,400,400,400
02:47,2,47,100,100,100,100,100,300,400,200,300,300,400,100,100,100,100,100,100,200,200,300,300,300,400,100,100,100,100,100,200,200,200,200,200,200,200,300,300,300,300,300,300,300,300,300,400,400,400,400,400,400,400
02:48,2,48,100,100,100,100,100,300,400,200,300,300,400,100,100,100,100,100,100,200,200,300,300,300,400,100,100,100,100,100,200,200,200,200,200,200,200,300,300,300,300,300,300,300,300,300,400,400,400,400,400,400,400
02:49,2,49,100,100,100,100,100,300,400,200,300,300,400,100,100,100,100,100,100,200,200,300,300,300,400,100,100,100,100,100,200,200,200,200,200,200,200,300,300,300,300,300,300,300,300,300,400,400,400,400,400,400,400
02:50,2,50,100,100,100,100,100,300,400,200,300,300,400,100,100,100,100,100,100,200,200,300,300,300,400,100,100,100,100,100,200,200,200,200,200,200,200,300,300,300,300,300,300,300,300,300,400,400,400,400,400,400,400
02:51,2,51,100,100,100,100,100,300,400,200,300,300,400,100,100,100,100,100,100,200,200,300,300,300,400,100,100,100,100,100,200,200,200,200,200,200,200,300,300,300,300,300,300,300,300,300,400,400,400,400,400,400,400
02:52,2,52,100,100,100,100,100,300,400,200,300,300,400,100,100,100,100,100,100,200,200,300,300,300,400,100,100,100,100,100,200,200,200,200,200,200,200,300,300,300,300,300,300,300,300,300,400,400,400,400,400,400,400
02:53,2,53,100,100,100,100,100,300,400,200,300,300,400,100,100,100,100,100,100,200,200,300,300,300,400,100,100,100,100,100,200,200,200,200,200,200,200,300,300,300,300,300,300,300,300,300,400,400,400,400,400,400,400
02:54,2,54,100,100,100,100,100,300,400,200,300,300,400,100,100,100,100,100,100,200,200,300,300,300,400,100,100,100,100,100,200,200,200,200,200,200,200,300,300,300,300,300,300,300,300,300,400,400,400,400,400,400,400
02:55,2,55,100,100,100,100,100,300,400,200,300,300,400,100,100,100,100,100,100,200,200,300,300,300,400,100,100,100,100,100,200,200,200,200,200,200,200,300,300,300,300,300,300,300,300,300,400,400,400,400,400,400,400
02:56,2,56,100,100,100,100,100,300,400,200,300,300,400,100,100,100,100,100,100,200,200,300,300,300,400,100,100,100,100,100,200,200,200,200,200,200,200,300,300,300,300,300,300,300,300,300,400,400,400,400,400,400,400
02:57,2,57,100,100,100,100,100,300,400,200,300,300,400,100,100,100,100,100,100,200,200,300,300,300,400,100,100,100,100,100,200,200,200,200,200,200,200,300,300,300,300,300,300,300,300,300,400,400,400,400,400,400,400
02:58,2,58,100,100,100,100,100,300,400,200,300,300,400,100,100,100,100,100,100,200,200,300,300,300,400,100,100,100,100,100,200,200,200,200,200,200,200,300,300,300,300,300,300,300,300,300,400,400,400,400,400,400,400
02:59,2,59,100,100,100,100,100,300,400,200,300,300,400,100,100,100,100,100,100,200,200,300,300,300,400,100,100,100,100,100,200,200,200,200,200,200,200,300,300,300,300,300,300,300,300,300,400,400,400,400,400,400,400
03:00,3,0,100,100,100,100,100,300,400,200,300,300,400,100,100,100,100,100,100,200,200,300,300,300,400,100,100,100,100,100,200,200,200,200,200,200,200,300,300,300,300,300,300,300,300,300,400,400,400,400,400,400,400
03:01,3,1,100,100,100,100,100,300,400,200,300,300,400,100,100,100,100,100,100,200,200,300,300,300,400,100,100,100,100,100,200,200,200,200,200,200,200,300,300,300,300,300,300,300,300,300,400,400,400,400,400,400,400
03:02,3,2,100,100,100,100,100,300,400,200,300,300,400,100,100,100,100,100,100,200,200,300,300,300,400,100,100,100,100,100,200,200,200,200,200,200,200,300,300,300,300,300,300,300,300,300,400,400,400,400,400,400,400
03:03,3,3,100,100,100,100,100,300,400,200,300,300,400,100,100,100,100,100,100,200,200,300,300,300,400,100,100,100,100,100,200,200,200,200,200,200,200,300,300,300,300,300,300,300,300,300,400,400,400,400,400,400,400
03:04,3,4,100,100,100,100,100,300,400,200,300,300,400,100,100,100,100,100,100,200,200,300,300,300,400,100,100,100,100,100,200,200,200,200,200,200,200,300,300,300,300,300,300,300,300,300,400,400,400,400,400,400,400
03:05,3,5,100,100,100,100,100,300,400,200,300,300,400,100,100,100,100,100,100,200,200,300,300,300,400,100,100,100,100,100,200,200,200,200,200,200,200,300,300,300,300,300,300,300,300,300,400,400,400,400,400,400,400
03:06,3,6,100,100,100,100,100,300,400,200,300,300,400,100,100,100,100,100,100,200,200,300,300,300,400,100,100,100,100,100,200,200,200,200,200,200,200,300,300,300,300,300,300,300,300,300,400,400,400,400,400,400,400
03:07,3,7,100,100,100,100,100,300,400,200,300,300,400,100,100,100,100,100,100,200,200,300,300,300,400,100,100,100,100,100,200,200,200,200,200,200,200,300,300,300,300,300,300,300,300,300,400,400,400,400,400,400,400
03:08,3,8,100,100,100,100,100,300,400,200,300,300,400,100,100,100,100,100,100,200,200,300,300,300,400,100,100,100,100,100,200,200,200,200,200,200,200,300,300,300,300,300,300,300,300,300,400,400,400,400,400,400,400
03:09,3,9,100,100,100,100,100,300,400,200,300,300,400,100,100,100,100,100,100,200,200,300,300,300,400,100,100,100,100,100,200,200,200,200,200,200,200,300,300,300,300,300,300,300,300,300,400,400,400,400,400,400,400
03:10,3,10,100,100,100,100,100,300,400,200,300,300,400,100,100,100,100,100,100,200,200,300,300,300,400,100,100,100,100,100,200,200,200,200,200,200,200,300,300,300,300,300,300,300,300,300,400,400,400,400,400,400,400
03:11,3,11,100,100,100,100,100,300,400,200,300,300,400,100,100,100,100,100,100,200,200,300,300,300,400,100,100,100,100,100,200,200,200,200,200,200,200,300,300,300,300,300,300,300,300,300,400,400,400,400,400,400,400
03:12,3,12,100,100,100,100,100,300,400,200,300,300,400,100,100,100,100,100,100,200,200,300,300,300,400,100,100,100,100,100,200,200,200,200,200,200,200,300,300,300,300,300,300,300,300,300,400,400,400,400,400,400,400
03:13,3,13,100,100,100,100,100,300,400,200,300,300,400,100,100,100,100,100,100,200,200,300,300,300,400,100,100,100,100,100,200,200,200,200,200,200,200,300,300,300,300,300,300,300,300,300,400,400,400,400,400,400,400
03:14,3,14,100,100,100,100,100,300,400,200,300,300,400,100,100,100,100,100,100,200,200,300,300,300,400,100,100,100,100,100,200,200,200,200,200,200,200,300,300,300,300,300,300,300,300,300,400,400,400,400,400,400,400
03:15,3,15,100,100,100,100,100,300,400,200,300,300,400,100,100,100,100,100,100,200,200,300,300,300,400,100,100,100,100,100,200,200,200,200,200,200,200,300,300,300,300,300,300,300,300,300,400,400,400,400,400,400,400
03:16,3,16,100,100,100,100,100,300,400,200,300,300,400,100,100,100,100,100,100,200,200,300,300,300,400,100,100,100,100,100,200,200,200,200,200,200,200,300,300,300,300,300,300,300,300,300,400,400,400,400,400,400,400
03:17,3,17,100,100,100,100,100,300,400,200,300,300,400,100,100,100,100,100,100,200,200,300,300,300,400,100,100,100,100,100,200,200,200,200,200,200,200,300,300,300,300,300,300,300,300,300,400,400,400,400,400,400,400
03:18,3,18,100,100,100,100,100,300,400,200,300,300,400,100,100,100,100,100,100,200,200,300,300,300,400,100,100,100,100,100,200,200,200,200,200,200,200,300,300,300,300,300,300,300,300,300,400,400,400,400,400,400,400
03:19,3,19,100,100,100,100,100,300,400,200,300,300,400,100,100,100,100,100,100,200,200,300,300,300,400,100,100,100,100,100,200,200,200,200,200,200,200,300,300,300,300,300,300,300,300,300,400,400,400,400,400,400,400
03:20,3,20,100,100,100,100,100,300,400,200,300,300,400,100,100,100,100,100,100,200,200,300,300,300,400,100,100,100,100,100,200,200,200,200,200,200,200,300,300,300,300,300,300,300,300,300,400,400,400,400,400,400,400
03:21,3,21,100,100,100,100,100,300,400,200,300,300,400,100,100,100,100,100,100,200,200,300,300,300,400,100,100,100,100,100,200,200,200,200,200,200,200,300,300,300,300,300,300,300,300,300,400,400,400,400,400,400,400
03:22,3,22,100,100,100,100,100,300,400,200,300,300,400,100,100,100,100,100,100,200,200,300,300,300,400,100,100,100,100,100,200,200,200,200,200,200,200,300,300,300,300,300,300,300,300,300,400,400,400,400,400,400,400
03:23,3,23,100,100,100,100,100,300,400,200,300,300,400,100,100,100,100,100,100,200,200,300,300,300,400,100,100,100,100,100,200,200,200,200,200,200,200,300,300,300,300,300,300,300,300,300,400,400,400,400,400,400,400
03:24,3,24,100,100,100,100,100,300,400,200,300,300,400,100,100,100,100,100,100,200,200,300,300,300,400,100,100,100,100,100,200,200,200,200,200,200,200,300,300,300,300,300,300,300,300,300,400,400,400,400,400,400,400
03:25,3,25,100,100,100,100,100,300,400,200,300,300,400,100,100,100,100,100,100,200,200,300,300,300,400,100,100,100,100,100,200,200,200,200,200,200,200,300,300,300,300,300,300,300,300,300,400,400,400,400,400,400,400
03:26,3,26,100,100,100,100,100,300,400,200,300,300,400,100,100,100,100,100,100,200,200,300,300,300,400,100,100,100,100,100,200,200,200,200,200,200,200,300,300,300,300,300,300,300,300,300,400,400,400,400,400,400,400
03:27,3,27,100,100,100,100,100,300,400,200,300,300,400,100,100,100,100,100,100,200,200,300,300,300,400,100,100,100,100,100,200,200,200,200,200,200,200,300,300,300,300,300,300,300,300,300,400,400,400,400,400,400,400
03:28,3,28,100,100,100,100,100,300,400,200,300,300,400,100,100,100,100,100,100,200,200,300,300,300,400,100,100,100,100,100,200,200,200,200,200,200,200,300,300,300,300,300,300,300,300,300,400,400,400,400,400,400,400
03:29,3,29,100,100,100,100,100,300,400,200,300,300,400,100,100,100,100,100,100,200,200,300,300,300,400,100,100,100,100,100,200,200,200,200,200,200,200,300,300,300,300,300,300,300,300,300,400,400,400,400,400,400,400
03:30,3,30,100,100,100,100,100,300,400,200,300,300,400,100,100,100,100,100,100,200,200,300,300,300,400,100,100,100,100,100,200,200,200,200,200,200,200,300,300,300,300,300,300,300,300,300,400,400,400,400,400,400,400
03:31,3,31,100,100,100,100,100,300,400,200,300,300,400,100,100,100,100,100,100,200,200,300,300,300,400,100,100,100,100,100,200,200,200,200,200,200,200,300,300,300,300,300,300,300,300,300,400,400,400,400,400,400,400
03:32,3,32,100,100,100,100,100,300,400,200,300,300,400,100,100,100,100,100,100,200,200,300,300,300,400,100,100,100,100,100,200,200,200,200,200,200,200,300,300,300,300,300,300,300,300,300,400,400,400,400,400,400,400
03:33,3,33,100,100,100,100,100,300,400,200,300,300,400,100,100,100,100,100,100,200,200,300,300,300,400,100,100,100,100,100,200,200,200,200,200,200,200,300,300,300,300,300,300,300,300,300,400,400,400,400,400,400,400
03:34,3,34,100,100,100,100,100,300,400,200,300,300,400,100,100,100,100,100,100,200,200,300,300,300,400,100,100,100,100,100,200,200,200,200,200,200,200,300,300,300,300,300,300,300,300,300,400,400,400,400,400,400,400
03:35,3,35,100,100,100,100,100,300,400,200,300,300,400,100,100,100,100,100,100,200,200,300,300,300,400,100,100,100,100,100,200,200,200,200,200,200,200,300,300,300,300,300,300,300,300,300,400,400,400,400,400,400,400
03:36,3,36,100,100,100,100,100,300,400,200,300,300,400,100,100,100,100,100,100,200,200,300,300,300,400,100,100,100,100,100,200,200,200,200,200,200,200,300,300,300,300,300,300,300,300,300,400,400,400,400,400,400,400
03:37,3,37,100,100,100,100,100,300,400,200,300,300,400,100,100,100,100,100,100,200,200,300,300,300,400,100,100,100,100,100,200,200,200,200,200,200,200,300,300,300,300,300,300,300,300,300,400,400,400,400,400,400,400
03:38,3,38,100,100,100,100,100,300,400,200,300,300,400,100,100,100,100,100,100,200,200,300,300,300,400,100,100,100,100,100,200,200,200,200,200,200,200,300,300,300,300,300,300,300,300,300,400,400,400,400,400,400,400
03:39,3,39,100,100,100,100,100,300,400,200,300,300,400,100,100,100,100,100,100,200,200,300,300,300,400,100,100,100,100,100,200,200,200,200,200,200,200,300,300,300,300,300,300,300,300,300,400,400,400,400,400,400,400
03:40,3,40,100,100,100,100,100,300,400,200,300,300,400,100,100,100,100,100,100,200,200,300,300,300,400,100,100,100,100,100,200,200,200,200,200,200,200,300,300,300,300,300,300,300,300,300,400,400,400,400,400,400,400
03:41,3,41,100,100,100,100,100,300,400,200,300,300,400,100,100,100,100,100,100,200,200,300,300,300,400,100,100,100,100,100,200,200,200,200,200,200,200,300,300,300,300,300,300,300,300,300,400,400,400,400,400,400,400
03:42,3,42,100,100,100,100,100,300,400,200,300,300,400,100,100,100,100,100,100,200,200,300,300,300,400,100,100,100,100,100,200,200,200,200,200,200,200,300,300,300,300,300,300,300,300,300,400,400,400,400,400,400,400
03:43,3,43,100,100,100,100,100,300,400,200,300,300,400,100,100,100,100,100,100,200,200,300,300,300,400,100,100,100,100,100,200,200,200,200,200,200,200,300,300,300,300,300,300,300,300,300,400,400,400,400,400,400,400
03:44,3,44,100,100,100,100,100,300,400,200,300,300,400,100,100,100,100,100,100,200,200,300,300,300,400,100,100,100,100,100,200,200,200,200,200,200,200,300,300,300,300,300,300,300,300,300,400,400,400,400,400,400,400
03:45,3,45,100,100,100,100,100,300,400,200,300,300,400,100,100,100,100,100,100,200,200,300,300,300,400,100,100,100,100,100,200,200,200,200,200,200,200,300,300,300,300,300,300,300,300,300,400,400,400,400,400,400,400
03:46,3,46,100,100,100,100,100,300,400,200,300,300,400,100,100,100,100,100,100,200,200,300,300,300,400,100,100,100,100,100,200,200,200,200,200,200,200,300,300,300,300,300,300,300,300,300,400,400,400,400,400,400,400
03:47,3,47,100,100,100,100,100,300,400,200,300,300,400,100,100,100,100,100,100,200,200,300,300,300,400,100,100,100,100,100,200,200,200,200,200,200,200,300,300,300,300,300,300,300,300,300,400,400,400,400,400,400,400
03:48,3,48,100,100,100,100,100,300,400,200,300,300,400,100,100,100,100,100,100,200,200,300,300,300,400,100,100,100,100,100,200,200,200,200,200,200,200,300,300,300,300,300,300,300,300,300,400,400,400,400,400,400,400
03:49,3,49,100,100,100,100,100,300,400,200,300,300,400,100,100,100,100,100,100,200,200,300,300,300,400,100,100,100,100,100,200,200,200,200,200,200,200,300,300,300,300,300,300,300,300,300,400,400,400,400,400,400,400
03:50,3,50,100,100,100,100,100,300,400,200,300,300,400,100,100,100,100,100,100,200,200,300,300,300,400,100,100,100,100,100,200,200,200,200,200,200,200,300,300,300,300,300,300,300,300,300,400,400,400,400,400,400,400
03:51,3,51,100,100,100,100,100,300,400,200,300,300,400,100,100,100,100,100,100,200,200,300,300,300,400,100,100,100,100,100,200,200,200,200,200,200,200,300,300,300,300,300,300,300,300,300,400,400,400,400,400,400,400
03:52,3,52,100,100,100,100,100,300,400,200,300,300,400,100,100,100,100,100,100,200,200,300,300,300,400,100,100,100,100,100,200,200,200,200,200,200,200,300,300,300,300,300,300,300,300,300,400,400,400,400,400,400,400
03:53,3,53,100,100,100,100,100,300,400,200,300,300,400,100,100,100,100,100,100,200,200,300,300,300,400,100,100,100,100,100,200,200,200,200,200,200,200,300,300,300,300,300,300,300,300,300,400,400,400,400,400,400,400
03:54,3,54,100,100,100,100,100,300,400,200,300,300,400,100,100,100,100,100,100,200,200,300,300,300,400,100,100,100,100,100,200,200,200,200,200,200,200,300,300,300,300,300,300,300,300,300,400,400,400,400,400,400,400
03:55,3,55,100,100,100,100,100,300,400,200,300,300,400,100,100,100,100,100,100,200,200,300,300,300,400,100,100,100,100,100,200,200,200,200,200,200,200,300,300,300,300,300,300,300,300,300,400,400,400,400,400,400,400
03:56,3,56,100,100,100,100,100,300,400,200,300,300,400,100,100,100,100,100,100,200,200,300,300,300,400,100,100,100,100,100,200,200,200,200,200,200,200,300,300,300,300,300,300,300,300,300,400,400,400,400,400,400,400
03:57,3,57,100,100,100,100,100,300,400,200,300,300,400,100,100,100,100,100,100,200,200,300,300,300,400,100,100,100,100,100,200,200,200,200,200,200,200,300,300,300,300,300,300,300,300,300,400,400,400,400,400,400,400
03:58,3,58,100,100,100,100,100,300,400,200,300,300,400,100,100,100,100,100,100,200,200,300,300,300,400,100,100,100,100,100,200,200,200,200,200,200,200,300,300,300,300,300,300,300,300,300,400,400,400,400,400,400,400
03:59,3,59,100,100,100,100,100,300,400,200,300,300,400,100,100,100,100,100,100,200,200,300,300,300,400,100,100,100,100,100,200,200,200,200,200,200,200,300,300,300,300,300,300,300,300,300,400,400,400,400,400,400,400
04:00,4,0,100,100,100,100,100,300,400,200,300,300,400,100,100,100,100,100,100,200,200,300,300,300,400,100,100,100,100,100,200,200,200,200,200,200,200,300,300,300,300,300,300,300,300,300,400,400,400,400,400,400,400
04:01,4,1,100,100,100,100,100,300,400,200,300,300,400,100,100,100,100,100,100,200,200,300,300,300,400,100,100,100,100,100,200,200,200,200,200,200,200,300,300,300,300,300,300,300,300,300,400,400,400,400,400,400,400
04:02,4,2,100,100,100,100,100,300,400,200,300,300,400,100,100,100,100,100,100,200,200,300,300,300,400,100,100,100,100,100,200,200,200,200,200,200,200,300,300,300,300,300,300,300,300,300,400,400,400,400,400,400,400
04:03,4,3,100,100,100,100,100,300,400,200,300,300,400,100,100,100,100,100,100,200,200,300,300,300,400,100,100,100,100,100,200,200,200,200,200,200,200,300,300,300,300,300,300,300,300,300,400,400,400,400,400,400,400
04:04,4,4,100,100,100,100,100,300,400,200,300,300,400,100,100,100,100,100,100,200,200,300,300,300,400,100,100,100,100,100,200,200,200,200,200,200,200,300,300,300,300,300,300,300,300,300,400,400,400,400,400,400,400
04:05,4,5,100,100,100,100,100,300,400,200,300,300,400,100,100,100,100,100,100,200,200,300,300,300,400,100,100,100,100,100,200,200,200,200,200,200,200,300,300,300,300,300,300,300,300,300,400,400,400,400,400,400,400
04:06,4,6,100,100,100,100,100,300,400,200,300,300,400,100,100,100,100,100,100,200,200,300,300,300,400,100,100,100,100,100,200,200,200,200,200,200,200,300,300,300,300,300,300,300,300,300,400,400,400,400,400,400,400
04:07,4,7,100,100,100,100,100,300,400,200,300,300,400,100,100,100,100,100,100,200,200,300,300,300,400,100,100,100,100,100,200,200,200,200,200,200,200,300,300,300,300,300,300,300,300,300,400,400,400,400,400,400,400
04:08,4,8,100,100,100,100,100,300,400,200,300,300,400,100,100,100,100,100,100,200,200,300,300,300,400,100,100,100,100,100,200,200,200,200,200,200,200,300,300,300,300,300,300,300,300,300,400,400,400,400,400,400,400
04:09,4,9,100,100,100,100,100,300,400,200,300,300,400,100,100,100,100,100,100,200,200,300,300,300,400,100,100,100,100,100,200,200,200,200,200,200,200,300,300,300,300,300,300,300,300,300,400,400,400,400,400,400,400
04:10,4,10,100,100,100,100,100,300,400,200,300,300,400,100,100,100,100,100,100,200,200,300,300,300,400,100,100,100,100,100,200,200,200,200,200,200,200,300,300,300,300,300,300,300,300,300,400,400,400,400,400,400,400
04:11,4,11,100,100,100,100,100,300,400,200,300,300,400,100,100,100,100,100,100,200,200,300,300,300,400,100,100,100,100,100,200,200,200,200,200,200,200,300,300,300,300,300,300,300,300,300,400,400,400,400,400,400,400
04:12,4,12,100,100,100,100,100,300,400,200,300,300,400,100,100,100,100,100,100,200,200,300,300,300,400,100,100,100,100,100,200,200,200,200,200,200,200,300,300,300,300,300,300,300,300,300,400,400,400,400,400,400,400
04:13,4,13,100,100,100,100,100,300,400,200,300,300,400,100,100,100,100,100,100,200,200,300,300,300,400,100,100,100,100,100,200,200,200,200,200,200,200,300,300,300,300,300,300,300,300,300,400,400,400,400,400,400,400
04:14,4,14,100,100,100,100,100,300,400,200,300,300,400,100,100,100,100,100,100,200,200,300,300,300,400,100,100,100,100,100,200,200,200,200,200,200,200,300,300,300,300,300,300,300,300,300,400,400,400,400,400,400,400
04:15,4,15,100,100,100,100,100,300,400,200,300,300,400,100,100,100,100,100,100,200,200,300,300,300,400,100,100,100,100,100,200,200,200,200,200,200,200,300,300,300,300,300,300,300,300,300,400,400,400,400,400,400,400
04:16,4,16,100,100,100,100,100,300,400,200,300,300,400,100,100,100,100,100,100,200,200,300,300,300,400,100,100,100,100,100,200,200,200,200,200,200,200,300,300,300,300,300,300,300,300,300,400,400,400,400,400,400,400
04:17,4,17,100,100,100,100,100,300,400,200,300,300,400,100,100,100,100,100,100,200,200,300,300,300,400,100,100,100,100,100,200,200,200,200,200,200,200,300,300,300,300,300,300,300,300,300,400,400,400,400,400,400,400
04:18,4,18,100,100,100,100,100,300,400,200,300,300,400,100,100,100,100,100,100,200,200,300,300,300,400,100,100,100,100,100,200,200,200,200,200,200,200,300,300,300,300,300,300,300,300,300,400,400,400,400,400,400,400
04:19,4,19,100,100,100,100,100,300,400,200,300,300,400,100,100,100,100,100,100,200,200,300,300,300,400,100,100,100,100,100,200,200,200,200,200,200,200,300,300,300,300,300,300,300,300,300,400,400,400,400,400,400,400
04:20,4,20,100,100,100,100,100,300,400,200,300,300,400,100,100,100,100,100,100,200,200,300,300,300,400,100,100,100,100,100,200,200,200,200,200,200,200,300,300,300,300,300,300,300,300,300,400,400,400,400,400,400,400
04:21,4,21,100,100,100,100,100,300,400,200,300,300,400,100,100,100,100,100,100,200,200,300,300,300,400,100,100,100,100,100,200,200,200,200,200,200,200,300,300,300,300,300,300,300,300,300,400,400,400,400,400,400,400
04:22,4,22,100,100,100,100,100,300,400,200,300,300,400,100,100,100,100,100,100,200,200,300,300,300,400,100,100,100,100,100,200,200,200,200,200,200,200,300,300,300,300,300,300,300,300,300,400,400,400,400,400,400,400
04:23,4,23,100,100,100,100,100,300,400,200,300,300,400,100,100,100,100,100,100,200,200,300,300,300,400,100,100,100,100,100,200,200,200,200,200,200,200,300,300,300,300,300,300,300,300,300,400,400,400,400,400,400,400
04:24,4,24,100,100,100,100,100,300,400,200,300,300,400,100,100,100,100,100,100,200,200,300,300,300,400,100,100,100,100,100,200,200,200,200,200,200,200,300,300,300,300,300,300,300,300,300,400,400,400,400,400,400,400
04:25,4,25,100,100,100,100,100,300,400,200,300,300,400,100,100,100,100,100,100,200,200,300,300,300,400,100,100,100,100,100,200,200,200,200,200,200,200,300,300,300,300,300,300,300,300,300,400,400,400,400,400,400,400
04:26,4,26,100,100,100,100,100,300,400,200,300,300,400,100,100,100,100,100,100,200,200,300,300,300,400,100,100,100,100,100,200,200,200,200,200,200,200,300,300,300,300,300,300,300,300,300,400,400,400,400,400,400,400
04:27,4,27,100,100,100,100,100,300,400,200,300,300,400,100,100,100,100,100,100,200,200,300,300,300,400,100,100,100,100,100,200,200,200,200,200,200,200,300,300,300,300,300,300,300,300,300,400,400,400,400,400,400,400
04:28,4,28,100,100,100,100,100,300,400,200,300,300,400,100,100,100,100,100,100,200,200,300,300,300,400,100,100,100,100,100,200,200,200,200,200,200,200,300,300,300,300,300,300,300,300,300,400,400,400,400,400,400,400
04:29,4,29,100,100,100,100,100,300,400,200,300,300,400,100,100,100,100,100,100,200,200,300,300,300,400,100,100,100,100,100,200,200,200,200,200,200,200,300,300,300,300,300,300,300,300,300,400,400,400,400,400,400,400
04:30,4,30,100,100,100,100,100,300,400,200,300,300,400,100,100,100,100,100,100,200,200,300,300,300,400,100,100,100,100,100,200,200,200,200,200,200,200,300,300,300,300,300,300,300,300,300,400,400,400,400,400,400,400
04:31,4,31,100,100,100,100,100,300,400,200,300,300,400,100,100,100,100,100,100,200,200,300,300,300,400,100,100,100,100,100,200,200,200,200,200,200,200,300,300,300,300,300,300,300,300,300,400,400,400,400,400,400,400
04:32,4,32,100,100,100,100,100,300,400,200,300,300,400,100,100,100,100,100,100,200,200,300,300,300,400,100,100,100,100,100,200,200,200,200,200,200,200,300,300,300,300,300,300,300,300,300,400,400,400,400,400,400,400
04:33,4,33,100,100,100,100,100,300,400,200,300,300,400,100,100,100,100,100,100,200,200,300,300,300,400,100,100,100,100,100,200,200,200,200,200,200,200,300,300,300,300,300,300,300,300,300,400,400,400,400,400,400,400
04:34,4,34,100,100,100,100,100,300,400,200,300,300,400,100,100,100,100,100,100,200,200,300,300,300,400,100,100,100,100,100,200,200,200,200,200,200,200,300,300,300,300,300,300,300,300,300,400,400,400,400,400,400,400
04:35,4,35,100,100,100,100,100,300,400,200,300,300,400,100,100,100,100,100,100,200,200,300,300,300,400,100,100,100,100,100,200,200,200,200,200,200,200,300,300,300,300,300,300,300,300,300,400,400,400,400,400,400,400
04:36,4,36,100,100,100,100,100,300,400,200,300,300,400,100,100,100,100,100,100,200,200,300,300,300,400,100,100,100,100,100,200,200,200,200,200,200,200,300,300,300,300,300,300,300,300,300,400,400,400,400,400,400,400
04:37,4,37,100,100,100,100,100,300,400,200,300,300,400,100,100,100,100,100,100,200,200,300,300,300,400,100,100,100,100,100,200,200,200,200,200,200,200,300,300,300,300,300,300,300,300,300,400,400,400,400,400,400,400
04:38,4,38,100,100,100,100,100,300,400,200,300,300,400,100,100,100,100,100,100,200,200,300,300,300,400,100,100,100,100,100,200,200,200,200,200,200,200,300,300,300,300,300,300,300,300,300,400,400,400,400,400,400,400
04:39,4,39,100,100,100,100,100,300,400,200,300,300,400,100,100,100,100,100,100,200,200,300,300,300,400,100,100,100,100,100,200,200,200,200,200,200,200,300,300,300,300,300,300,300,300,300,400,400,400,400,400,400,400
04:40,4,40,100,100,100,100,100,300,400,200,300,300,400,100,100,100,100,100,100,200,200,300,300,300,400,100,100,100,100,100,200,200,200,200,200,200,200,300,300,300,300,300,300,300,300,300,400,400,400,400,400,400,400
04:41,4,41,100,100,100,100,100,300,400,200,300,300,400,100,100,100,100,100,100,200,200,300,300,300,400,100,100,100,100,100,200,200,200,200,200,200,200,300,300,300,300,300,300,300,300,300,400,400,400,400,400,400,400
04:42,4,42,100,100,100,100,100,300,400,200,300,300,400,100,100,100,100,100,100,200,200,300,300,300,400,100,100,100,100,100,200,200,200,200,200,200,200,300,300,300,300,300,300,300,300,300,400,400,400,400,400,400,400
04:43,4,43,100,100,100,100,100,300,400,200,300,300,400,100,100,100,100,100,100,200,200,300,300,300,400,100,100,100,100,100,200,200,200,200,200,200,200,300,300,300,300,300,300,300,300,300,400,400,400,400,400,400,400
04:44,4,44,100,100,100,100,100,300,400,200,300,300,400,100,100,100,100,100,100,200,200,300,300,300,400,100,100,100,100,100,200,200,200,200,200,200,200,300,300,300,300,300,300,300,300,300,400,400,400,400,400,400,400
04:45,4,45,100,100,100,100,100,300,400,200,300,300,400,100,100,100,100,100,100,200,200,300,300,300,400,100,100,100,100,100,200,200,200,200,200,200,200,300,300,300,300,300,300,300,300,300,400,400,400,400,400,400,400
04:46,4,46,100,100,100,100,100,300,400,200,300,300,400,100,100,100,100,100,100,200,200,300,300,300,400,100,100,100,100,100,200,200,200,200,200,200,200,300,300,300,300,300,300,300,300,300,400,400,400,400,400,400,400
04:47,4,47,100,100,100,100,100,300,400,200,300,300,400,100,100,100,100,100,100,200,200,300,300,300,400,100,100,100,100,100,200,200,200,200,200,200,200,300,300,300,300,300,300,300,300,300,400,400,400,400,400,400,400
04:48,4,48,100,100,100,100,100,300,400,200,300,300,400,100,100,100,100,100,100,200,200,300,300,300,400,100,100,100,100,100,200,200,200,200,200,200,200,300,300,300,300,300,300,300,300,300,400,400,400,400,400,400,400
04:49,4,49,100,100,100,100,100,300,400,200,300,300,400,100,100,100,100,100,100,200,200,300,300,300,400,100,100,100,100,100,200,200,200,200,200,200,200,300,300,300,300,300,300,300,300,300,400,400,400,400,400,400,400
04:50,4,50,100,100,100,100,100,300,400,200,300,300,400,100,100,100,100,100,100,200,200,300,300,300,400,100,100,100,100,100,200,200,200,200,200,200,200,300,300,300,300,300,300,300,300,300,400,400,400,400,400,400,400
04:51,4,51,100,100,100,100,100,300,400,200,300,300,400,100,100,100,100,100,100,200,200,300,300,300,400,100,100,100,100,100,200,200,200,200,200,200,200,300,300,300,300,300,300,300,300,300,400,400,400,400,400,400,400
04:52,4,52,100,100,100,100,100,300,400,200,300,300,400,100,100,100,100,100,100,200,200,300,300,300,400,100,100,100,100,100,200,200,200,200,200,200,200,300,300,300,300,300,300,300,300,300,400,400,400,400,400,400,400
04:53,4,53,100,100,100,100,100,300,400,200,300,300,400,100,100,100,100,100,100,200,200,300,300,300,400,100,100,100,100,100,200,200,200,200,200,200,200,300,300,300,300,300,300,300,300,300,400,400,400,400,400,400,400
04:54,4,54,100,100,100,100,100,300,400,200,300,300,400,100,100,100,100,100,100,200,200,300,300,300,400,100,100,100,100,100,200,200,200,200,200,200,200,300,300,300,300,300,300,300,300,300,400,400,400,400,400,400,400
04:55,4,55,100,100,100,100,100,300,400,200,300,300,400,100,100,100,100,100,100,200,200,300,300,300,400,100,100,100,100,100,200,200,200,200,200,200,200,300,300,300,300,300,300,300,300,300,400,400,400,400,400,400,400
04:56,4,56,100,100,100,100,100,300,400,200,300,300,400,100,100,100,100,100,100,200,200,300,300,300,400,100,100,100,100,100,200,200,200,200,200,200,200,300,300,300,300,300,300,300,300,300,400,400,400,400,400,400,400
04:57,4,57,100,100,100,100,100,300,400,200,300,300,400,100,100,100,100,100,100,200,200,300,300,300,400,100,100,100,100,100,200,200,200,200,200,200,200,300,300,300,300,300,300,300,300,300,400,400,400,400,400,400,400
04:58,4,58,100,100,100,100,100,300,400,200,300,300,400,100,100,100,100,100,100,200,200,300,300,300,400,100,100,100,100,100,200,200,200,200,200,200,200,300,300,300,300,300,300,300,300,300,400,400,400,400,400,400,400
04:59,4,59,100,100,100,100,100,300,400,200,300,300,400,100,100,100,100,100,100,200,200,300,300,300,400,100,100,100,100,100,200,200,200,200,200,200,200,300,300,300,300,300,300,300,300,300,400,400,400,400,400,400,400
05:00,5,0,100,100,100,100,100,300,400,200,300,300,400,100,100,100,100,100,100,200,200,300,300,300,400,100,100,100,100,100,200,200,200,200,200,200,200,300,300,300,300,300,300,300,300,300,400,400,400,400,400,400,400
05:01,5,1,100,100,100,100,100,300,400,200,300,300,400,100,100,100,100,100,100,200,200,300,300,300,400,100,100,100,100,100,200,200,200,200,200,200,200,300,300,300,300,300,300,300,300,300,400,400,400,400,400,400,400
05:02,5,2,100,100,100,100,100,300,400,200,300,300,400,100,100,100,100,100,100,200,200,300,300,300,400,100,100,100,100,100,200,200,200,200,200,200,200,300,300,300,300,300,300,300,300,300,400,400,400,400,400,400,400
05:03,5,3,100,100,100,100,100,300,400,200,300,300,400,100,100,100,100,100,100,200,200,300,300,300,400,100,100,100,100,100,200,200,200,200,200,200,200,300,300,300,300,300,300,300,300,300,400,400,400,400,400,400,400
05:04,5,4,100,100,100,100,100,300,400,200,300,300,400,100,100,100,100,100,100,200,200,300,300,300,400,100,100,100,100,100,200,200,200,200,200,200,200,300,300,300,300,300,300,300,300,300,400,400,400,400,400,400,400
05:05,5,5,100,100,100,100,100,300,400,200,300,300,400,100,100,100,100,100,100,200,200,300,300,300,400,100,100,100,100,100,200,200,200,200,200,200,200,300,300,300,300,300,300,300,300,300,400,400,400,400,400,400,400
05:06,5,6,100,100,100,100,100,300,400,200,300,300,400,100,100,100,100,100,100,200,200,300,300,300,400,100,100,100,100,100,200,200,200,200,200,200,200,300,300,300,300,300,300,300,300,300,400,400,400,400,400,400,400
05:07,5,7,100,100,100,100,100,300,400,200,300,300,400,100,100,100,100,100,100,200,200,300,300,300,400,100,100,100,100,100,200,200,200,200,200,200,200,300,300,300,300,300,300,300,300,300,400,400,400,400,400,400,400
05:08,5,8,100,100,100,100,100,300,400,200,300,300,400,100,100,100,100,100,100,200,200,300,300,300,400,100,100,100,100,100,200,200,200,200,200,200,200,300,300,300,300,300,300,300,300,300,400,400,400,400,400,400,400
05:09,5,9,100,100,100,100,100,300,400,200,300,300,400,100,100,100,100,100,100,200,200,300,300,300,400,100,100,100,100,100,200,200,200,200,200,200,200,300,300,300,300,300,300,300,300,300,400,400,400,400,400,400,400
05:10,5,10,100,100,100,100,100,300,400,200,300,300,400,100,100,100,100,100,100,200,200,300,300,300,400,100,100,100,100,100,200,200,200,200,200,200,200,300,300,300,300,300,300,300,300,300,400,400,400,400,400,400,400
05:11,5,11,100,100,100,100,100,300,400,200,300,300,400,100,100,100,100,100,100,200,200,300,300,300,400,100,100,100,100,100,200,200,200,200,200,200,200,300,300,300,300,300,300,300,300,300,400,400,400,400,400,400,400
05:12,5,12,100,100,100,100,100,300,400,200,300,300,400,100,100,100,100,100,100,200,200,300,300,300,400,100,100,100,100,100,200,200,200,200,200,200,200,300,300,300,300,300,300,300,300,300,400,400,400,400,400,400,400
05:13,5,13,100,100,100,100,100,300,400,200,300,300,400,100,100,100,100,100,100,200,200,300,300,300,400,100,100,100,100,100,200,200,200,200,200,200,200,300,300,300,300,300,300,300,300,300,400,400,400,400,400,400,400
05:14,5,14,100,100,100,100,100,300,400,200,300,300,400,100,100,100,100,100,100,200,200,300,300,300,400,100,100,100,100,100,200,200,200,200,200,200,200,300,300,300,300,300,300,300,300,300,400,400,400,400,400,400,400
05:15,5,15,100,100,100,100,100,300,400,200,300,300,400,100,100,100,100,100,100,200,200,300,300,300,400,100,100,100,100,100,200,200,200,200,200,200,200,300,300,300,300,300,300,300,300,300,400,400,400,400,400,400,400
05:16,5,16,100,100,100,100,100,300,400,200,300,300,400,100,100,100,100,100,100,200,200,300,300,300,400,100,100,100,100,100,200,200,200,200,200,200,200,300,300,300,300,300,300,300,300,300,400,400,400,400,400,400,400
05:17,5,17,100,100,100,100,100,300,400,200,300,300,400,100,100,100,100,100,100,200,200,300,300,300,400,100,100,100,100,100,200,200,200,200,200,200,200,300,300,300,300,300,300,300,300,300,400,400,400,400,400,400,400
05:18,5,18,100,100,100,100,100,300,400,200,300,300,400,100,100,100,100,100,100,200,200,300,300,300,400,100,100,100,100,100,200,200,200,200,200,200,200,300,300,300,300,300,300,300,300,300,400,400,400,400,400,400,400
05:19,5,19,100,100,100,100,100,300,400,200,300,300,400,100,100,100,100,100,100,200,200,300,300,300,400,100,100,100,100,100,200,200,200,200,200,200,200,300,300,300,300,300,300,300,300,300,400,400,400,400,400,400,400
05:20,5,20,100,100,100,100,100,300,400,200,300,300,400,100,100,100,100,100,100,200,200,300,300,300,400,100,100,100,100,100,200,200,200,200,200,200,200,300,300,300,300,300,300,300,300,300,400,400,400,400,400,400,400
05:21,5,21,100,100,100,100,100,300,400,200,300,300,400,100,100,100,100,100,100,200,200,300,300,300,400,100,100,100,100,100,200,200,200,200,200,200,200,300,300,300,300,300,300,300,300,300,400,400,400,400,400,400,400
05:22,5,22,100,100,100,100,100,300,400,200,300,300,400,100,100,100,100,100,100,200,200,300,300,300,400,100,100,100,100,100,200,200,200,200,200,200,200,300,300,300,300,300,300,300,300,300,400,400,400,400,400,400,400
05:23,5,23,100,100,100,100,100,300,400,200,300,300,400,100,100,100,100,100,100,200,200,300,300,300,400,100,100,100,100,100,200,200,200,200,200,200,200,300,300,300,300,300,300,300,300,300,400,400,400,400,400,400,400
05:24,5,24,100,100,100,100,100,300,400,200,300,300,400,100,100,100,100,100,100,200,200,300,300,300,400,100,100,100,100,100,200,200,200,200,200,200,200,300,300,300,300,300,300,300,300,300,400,400,400,400,400,400,400
05:25,5,25,100,100,100,100,100,300,400,200,300,300,400,100,100,100,100,100,100,200,200,300,300,300,400,100,100,100,100,100,200,200,200,200,200,200,200,300,300,300,300,300,300,300,300,300,400,400,400,400,400,400,400
05:26,5,26,100,100,100,100,100,300,400,200,300,300,400,100,100,100,100,100,100,200,200,300,300,300,400,100,100,100,100,100,200,200,200,200,200,200,200,300,300,300,300,300,300,300,300,300,400,400,400,400,400,400,400
05:27,5,27,100,100,100,100,100,300,400,200,300,300,400,100,100,100,100,100,100,200,200,300,300,300,400,100,100,100,100,100,200,200,200,200,200,200,200,300,300,300,300,300,300,300,300,300,400,400,400,400,400,400,400
05:28,5,28,100,100,100,100,100,300,400,200,300,300,400,100,100,100,100,100,100,200,200,300,300,300,400,100,100,100,100,100,200,200,200,200,200,200,200,300,300,300,300,300,300,300,300,300,400,400,400,400,400,400,400
05:29,5,29,100,100,100,100,100,300,400,200,300,300,400,100,100,100,100,100,100,200,200,300,300,300,400,100,100,100,100,100,200,200,200,200,200,200,200,300,300,300,300,300,300,300,300,300,400,400,400,400,400,400,400
05:30,5,30,100,100,100,100,100,300,400,200,300,300,400,100,100,100,100,100,100,200,200,300,300,300,400,100,100,100,100,100,200,200,200,200,200,200,200,300,300,300,300,300,300,300,300,300,400,400,400,400,400,400,400
05:31,5,31,100,100,100,100,100,300,400,200,300,300,400,100,100,100,100,100,100,200,200,300,300,300,400,100,100,100,100,100,200,200,200,200,200,200,200,300,300,300,300,300,300,300,300,300,400,400,400,400,400,400,400
05:32,5,32,100,100,100,100,100,300,400,200,300,300,400,100,100,100,100,100,100,200,200,300,300,300,400,100,100,100,100,100,200,200,200,200,200,200,200,300,300,300,300,300,300,300,300,300,400,400,400,400,400,400,400
05:33,5,33,100,100,100,100,100,300,400,200,300,300,400,100,100,100,100,100,100,200,200,300,300,300,400,100,100,100,100,100,200,200,200,200,200,200,200,300,300,300,300,300,300,300,300,300,400,400,400,400,400,400,400
05:34,5,34,100,100,100,100,100,300,400,200,300,300,400,100,100,100,100,100,100,200,200,300,300,300,400,100,100,100,100,100,200,200,200,200,200,200,200,300,300,300,300,300,300,300,300,300,400,400,400,400,400,400,400
05:35,5,35,100,100,100,100,100,300,400,200,300,300,400,100,100,100,100,100,100,200,200,300,300,300,400,100,100,100,100,100,200,200,200,200,200,200,200,300,300,300,300,300,300,300,300,300,400,400,400,400,400,400,400
05:36,5,36,100,100,100,100,100,300,400,200,300,300,400,100,100,100,100,100,100,200,200,300,300,300,400,100,100,100,100,100,200,200,200,200,200,200,200,300,300,300,300,300,300,300,300,300,400,400,400,400,400,400,400
05:37,5,37,100,100,100,100,100,300,400,200,300,300,400,100,100,100,100,100,100,200,200,300,300,300,400,100,100,100,100,100,200,200,200,200,200,200,200,300,300,300,300,300,300,300,300,300,400,400,400,400,400,400,400
05:38,5,38,100,100,100,100,100,300,400,200,300,300,400,100,100,100,100,100,100,200,200,300,300,300,400,100,100,100,100,100,200,200,200,200,200,200,200,300,300,300,300,300,300,300,300,300,400,400,400,400,400,400,400
05:39,5,39,100,100,100,100,100,300,400,200,300,300,400,100,100,100,100,100,100,200,200,300,300,300,400,100,100,100,100,100,200,200,200,200,200,200,200,300,300,300,300,300,300,300,300,300,400,400,400,400,400,400,400
05:40,5,40,100,100,100,100,100,300,400,200,300,300,400,100,100,100,100,100,100,200,200,300,300,300,400,100,100,100,100,100,200,200,200,200,200,200,200,300,300,300,300,300,300,300,300,300,400,400,400,400,400,400,400
05:41,5,41,100,100,100,100,100,300,400,200,300,300,400,100,100,100,100,100,100,200,200,300,300,300,400,100,100,100,100,100,200,200,200,200,200,200,200,300,300,300,300,300,300,300,300,300,400,400,400,400,400,400,400
05:42,5,42,100,100,100,100,100,300,400,200,300,300,400,100,100,100,100,100,100,200,200,300,300,300,400,100,100,100,100,100,200,200,200,200,200,200,200,300,300,300,300,300,300,300,300,300,400,400,400,400,400,400,400
05:43,5,43,100,100,100,100,100,300,400,200,300,300,400,100,100,100,100,100,100,200,200,300,300,300,400,100,100,100,100,100,200,200,200,200,200,200,200,300,300,300,300,300,300,300,300,300,400,400,400,400,400,400,400
05:44,5,44,100,100,100,100,100,300,400,200,300,300,400,100,100,100,100,100,100,200,200,300,300,300,400,100,100,100,100,100,200,200,200,200,200,200,200,300,300,300,300,300,300,300,300,300,400,400,400,400,400,400,400
05:45,5,45,100,100,100,100,100,300,400,200,300,300,400,100,100,100,100,100,100,200,200,300,300,300,400,100,100,100,100,100,200,200,200,200,200,200,200,300,300,300,300,300,300,300,300,300,400,400,400,400,400,400,400
05:46,5,46,100,100,100,100,100,300,400,200,300,300,400,100,100,100,100,100,100,200,200,300,300,300,400,100,100,100,100,100,200,200,200,200,200,200,200,300,300,300,300,300,300,300,300,300,400,400,400,400,400,400,400
05:47,5,47,100,100,100,100,100,300,400,200,300,300,400,100,100,100,100,100,100,200,200,300,300,300,400,100,100,100,100,100,200,200,200,200,200,200,200,300,300,300,300,300,300,300,300,300,400,400,400,400,400,400,400
05:48,5,48,100,100,100,100,100,300,400,200,300,300,400,100,100,100,100,100,100,200,200,300,300,300,400,100,100,100,100,100,200,200,200,200,200,200,200,300,300,300,300,300,300,300,300,300,400,400,400,400,400,400,400
05:49,5,49,100,100,100,100,100,300,400,200,300,300,400,100,100,100,100,100,100,200,200,300,300,300,400,100,100,100,100,100,200,200,200,200,200,200,200,300,300,300,300,300,300,300,300,300,400,400,400,400,400,400,400
05:50,5,50,100,100,100,100,100,300,400,200,300,300,400,100,100,100,100,100,100,200,200,300,300,300,400,100,100,100,100,100,200,200,200,200,200,200,200,300,300,300,300,300,300,300,300,300,400,400,400,400,400,400,400
05:51,5,51,100,100,100,100,100,300,400,200,300,300,400,100,100,100,100,100,100,200,200,300,300,300,400,100,100,100,100,100,200,200,200,200,200,200,200,300,300,300,300,300,300,300,300,300,400,400,400,400,400,400,400
05:52,5,52,100,100,100,100,100,300,400,200,300,300,400,100,100,100,100,100,100,200,200,300,300,300,400,100,100,100,100,100,200,200,200,200,200,200,200,300,300,300,300,300,300,300,300,300,400,400,400,400,400,400,400
05:53,5,53,100,100,100,100,100,300,400,200,300,300,400,100,100,100,100,100,100,200,200,300,300,300,400,100,100,100,100,100,200,200,200,200,200,200,200,300,300,300,300,300,300,300,300,300,400,400,400,400,400,400,400
05:54,5,54,100,100,100,100,100,300,400,200,300,300,400,100,100,100,100,100,100,200,200,300,300,300,400,100,100,100,100,100,200,200,200,200,200,200,200,300,300,300,300,300,300,300,300,300,400,400,400,400,400,400,400
05:55,5,55,100,100,100,100,100,300,400,200,300,300,400,100,100,100,100,100,100,200,200,300,300,300,400,100,100,100,100,100,200,200,200,200,200,200,200,300,300,300,300,300,300,300,300,300,400,400,400,400,400,400,400
05:56,5,56,100,100,100,100,100,300,400,200,300,300,400,100,100,100,100,100,100,200,200,300,300,300,400,100,100,100,100,100,200,200,200,200,200,200,200,300,300,300,300,300,300,300,300,300,400,400,400,400,400,400,400
05:57,5,57,100,100,100,100,100,300,400,200,300,300,400,100,100,100,100,100,100,200,200,300,300,300,400,100,100,100,100,100,200,200,200,200,200,200,200,300,300,300,300,300,300,300,300,300,400,400,400,400,400,400,400
05:58,5,58,100,100,100,100,100,300,400,200,300,300,400,100,100,100,100,100,100,200,200,300,300,300,400,100,100,100,100,100,200,200,200,200,200,200,200,300,300,300,300,300,300,300,300,300,400,400,400,400,400,400,400
05:59,5,59,100,100,100,100,100,300,400,200,300,300,400,100,100,100,100,100,100,200,200,300,300,300,400,100,100,100,100,100,200,200,200,200,200,200,200,300,300,300,300,300,300,300,300,300,400,400,400,400,400,400,400
06:00,6,0,100,100,100,100,100,300,400,200,300,300,400,100,100,100,100,100,100,200,200,300,300,300,400,100,100,100,100,100,200,200,200,200,200,200,200,300,300,300,300,300,300,300,300,300,400,400,400,400,400,400,400
06:01,6,1,100,100,100,100,100,300,400,200,300,300,400,100,100,100,100,100,100,200,200,300,300,300,400,100,100,100,100,100,200,200,200,200,200,200,200,300,300,300,300,300,300,300,300,300,400,400,400,400,400,400,400
06:02,6,2,100,100,100,100,100,300,400,200,300,300,400,100,100,100,100,100,100,200,200,300,300,300,400,100,100,100,100,100,200,200,200,200,200,200,200,300,300,300,300,300,300,300,300,300,400,400,400,400,400,400,400
06:03,6,3,100,100,100,100,100,300,400,200,300,300,400,100,100,100,100,100,100,200,200,300,300,300,400,100,100,100,100,100,200,200,200,200,200,200,200,300,300,300,300,300,300,300,300,300,400,400,400,400,400,400,400
06:04,6,4,100,100,100,100,100,300,400,200,300,300,400,100,100,100,100,100,100,200,200,300,300,300,400,100,100,100,100,100,200,200,200,200,200,200,200,300,300,300,300,300,300,300,300,300,400,400,400,400,400,400,400
06:05,6,5,100,100,100,100,100,300,400,200,300,300,400,100,100,100,100,100,100,200,200,300,300,300,400,100,100,100,100,100,200,200,200,200,200,200,200,300,300,300,300,300,300,300,300,300,400,400,400,400,400,400,400
06:06,6,6,100,100,100,100,100,300,400,200,300,300,400,100,100,100,100,100,100,200,200,300,300,300,400,100,100,100,100,100,200,200,200,200,200,200,200,300,300,300,300,300,300,300,300,300,400,400,400,400,400,400,400
06:07,6,7,100,100,100,100,100,300,400,200,300,300,400,100,100,100,100,100,100,200,200,300,300,300,400,100,100,100,100,100,200,200,200,200,200,200,200,300,300,300,300,300,300,300,300,300,400,400,400,400,400,400,400
06:08,6,8,100,100,100,100,100,300,400,200,300,300,400,100,100,100,100,100,100,200,200,300,300,300,400,100,100,100,100,100,200,200,200,200,200,200,200,300,300,300,300,300,300,300,300,300,400,400,400,400,400,400,400
06:09,6,9,100,100,100,100,100,300,400,200,300,300,400,100,100,100,100,100,100,200,200,300,300,300,400,100,100,100,100,100,200,200,200,200,200,200,200,300,300,300,300,300,300,300,300,300,400,400,400,400,400,400,400
06:10,6,10,100,100,100,100,100,300,400,200,300,300,400,100,100,100,100,100,100,200,200,300,300,300,400,100,100,100,100,100,200,200,200,200,200,200,200,300,300,300,300,300,300,300,300,300,400,400,400,400,400,400,400
06:11,6,11,100,100,100,100,100,300,400,200,300,300,400,100,100,100,100,100,100,200,200,300,300,300,400,100,100,100,100,100,200,200,200,200,200,200,200,300,300,300,300,300,300,300,300,300,400,400,400,400,400,400,400
06:12,6,12,100,100,100,100,100,300,400,200,300,300,400,100,100,100,100,100,100,200,200,300,300,300,400,100,100,100,100,100,200,200,200,200,200,200,200,300,300,300,300,300,300,300,300,300,400,400,400,400,400,400,400
06:13,6,13,100,100,100,100,100,300,400,200,300,300,400,100,100,100,100,100,100,200,200,300,300,300,400,100,100,100,100,100,200,200,200,200,200,200,200,300,300,300,300,300,300,300,300,300,400,400,400,400,400,400,400
06:14,6,14,100,100,100,100,100,300,400,200,300,300,400,100,100,100,100,100,100,200,200,300,300,300,400,100,100,100,100,100,200,200,200,200,200,200,200,300,300,300,300,300,300,300,300,300,400,400,400,400,400,400,400
06:15,6,15,100,100,100,100,100,300,400,200,300,300,400,100,100,100,100,100,100,200,200,300,300,300,400,100,100,100,100,100,200,200,200,200,200,200,200,300,300,300,300,300,300,300,300,300,400,400,400,400,400,400,400
06:16,6,16,100,100,100,100,100,300,400,200,300,300,400,100,100,100,100,100,100,200,200,300,300,300,400,100,100,100,100,100,200,200,200,200,200,200,200,300,300,300,300,300,300,300,300,300,400,400,400,400,400,400,400
06:17,6,17,100,100,100,100,100,300,400,200,300,300,400,100,100,100,100,100,100,200,200,300,300,300,400,100,100,100,100,100,200,200,200,200,200,200,200,300,300,300,300,300,300,300,300,300,400,400,400,400,400,400,400
06:18,6,18,100,100,100,100,100,300,400,200,300,300,400,100,100,100,100,100,100,200,200,300,300,300,400,100,100,100,100,100,200,200,200,200,200,200,200,300,300,300,300,300,300,300,300,300,400,400,400,400,400,400,400
06:19,6,19,100,100,100,100,100,300,400,200,300,300,400,100,100,100,100,100,100,200,200,300,300,300,400,100,100,100,100,100,200,200,200,200,200,200,200,300,300,300,300,300,300,300,300,300,400,400,400,400,400,400,400
06:20,6,20,100,100,100,100,100,300,400,200,300,300,400,100,100,100,100,100,100,200,200,300,300,300,400,100,100,100,100,100,200,200,200,200,200,200,200,300,300,300,300,300,300,300,300,300,400,400,400,400,400,400,400
06:21,6,21,100,100,100,100,100,300,400,200,300,300,400,100,100,100,100,100,100,200,200,300,300,300,400,100,100,100,100,100,200,200,200,200,200,200,200,300,300,300,300,300,300,300,300,300,400,400,400,400,400,400,400
06:22,6,22,100,100,100,100,100,300,400,200,300,300,400,100,100,100,100,100,100,200,200,300,300,300,400,100,100,100,100,100,200,200,200,200,200,200,200,300,300,300,300,300,300,300,300,300,400,400,400,400,400,400,400
06:23,6,23,100,100,100,100,100,300,400,200,300,300,400,100,100,100,100,100,100,200,200,300,300,300,400,100,100,100,100,100,200,200,200,200,200,200,200,300,300,300,300,300,300,300,300,300,400,400,400,400,400,400,400
06:24,6,24,100,100,100,100,100,300,400,200,300,300,400,100,100,100,100,100,100,200,200,300,300,300,400,100,100,100,100,100,200,200,200,200,200,200,200,300,300,300,300,300,300,300,300,300,400,400,400,400,400,400,400
06:25,6,25,100,100,100,100,100,300,400,200,300,300,400,100,100,100,100,100,100,200,200,300,300,300,400,100,100,100,100,100,200,200,200,200,200,200,200,300,300,300,300,300,300,300,300,300,400,400,400,400,400,400,400
06:26,6,26,100,100,100,100,100,300,400,200,300,300,400,100,100,100,100,100,100,200,200,300,300,300,400,100,100,100,100,100,200,200,200,200,200,200,200,300,300,300,300,300,300,300,300,300,400,400,400,400,400,400,400
06:27,6,27,100,100,100,100,100,300,400,200,300,300,400,100,100,100,100,100,100,200,200,300,300,300,400,100,100,100,100,100,200,200,200,200,200,200,200,300,300,300,300,300,300,300,300,300,400,400,400,400,400,400,400
06:28,6,28,100,100,100,100,100,300,400,200,300,300,400,100,100,100,100,100,100,200,200,300,300,300,400,100,100,100,100,100,200,200,200,200,200,200,200,300,300,300,300,300,300,300,300,300,400,400,400,400,400,400,400
06:29,6,29,100,100,100,100,100,300,400,200,300,300,400,100,100,100,100,100,100,200,200,300,300,300,400,100,100,100,100,100,200,200,200,200,200,200,200,300,300,300,300,300,300,300,300,300,400,400,400,400,400,400,400
06:30,6,30,100,100,100,100,100,300,400,200,300,300,400,100,100,100,100,100,100,200,200,300,300,300,400,100,100,100,100,100,200,200,200,200,200,200,200,300,300,300,300,300,300,300,300,300,400,400,400,400,400,400,400
06:31,6,31,100,100,100,100,100,300,400,200,300,300,400,100,100,100,100,100,100,200,200,300,300,300,400,100,100,100,100,100,200,200,200,200,200,200,200,300,300,300,300,300,300,300,300,300,400,400,400,400,400,400,400
06:32,6,32,100,100,100,100,100,300,400,200,300,300,400,100,100,100,100,100,100,200,200,300,300,300,400,100,100,100,100,100,200,200,200,200,200,200,200,300,300,300,300,300,300,300,300,300,400,400,400,400,400,400,400
06:33,6,33,100,100,100,100,100,300,400,200,300,300,400,100,100,100,100,100,100,200,200,300,300,300,400,100,100,100,100,100,200,200,200,200,200,200,200,300,300,300,300,300,300,300,300,300,400,400,400,400,400,400,400
06:34,6,34,100,100,100,100,100,300,400,200,300,300,400,100,100,100,100,100,100,200,200,300,300,300,400,100,100,100,100,100,200,200,200,200,200,200,200,300,300,300,300,300,300,300,300,300,400,400,400,400,400,400,400
06:35,6,35,100,100,100,100,100,300,400,200,300,300,400,100,100,100,100,100,100,200,200,300,300,300,400,100,100,100,100,100,200,200,200,200,200,200,200,300,300,300,300,300,300,300,300,300,400,400,400,400,400,400,400
06:36,6,36,100,100,100,100,100,300,400,200,300,300,400,100,100,100,100,100,100,200,200,300,300,300,400,100,100,100,100,100,200,200,200,200,200,200,200,300,300,300,300,300,300,300,300,300,400,400,400,400,400,400,400
06:37,6,37,100,100,100,100,100,300,400,200,300,300,400,100,100,100,100,100,100,200,200,300,300,300,400,100,100,100,100,100,200,200,200,200,200,200,200,300,300,300,300,300,300,300,300,300,400,400,400,400,400,400,400
06:38,6,38,100,100,100,100,100,300,400,200,300,300,400,100,100,100,100,100,100,200,200,300,300,300,400,100,100,100,100,100,200,200,200,200,200,200,200,300,300,300,300,300,300,300,300,300,400,400,400,400,400,400,400
06:39,6,39,100,100,100,100,100,300,400,200,300,300,400,100,100,100,100,100,100,200,200,300,300,300,400,100,100,100,100,100,200,200,200,200,200,200,200,300,300,300,300,300,300,300,300,300,400,400,400,400,400,400,400
06:40,6,40,100,100,100,100,100,300,400,200,300,300,400,100,100,100,100,100,100,200,200,300,300,300,400,100,100,100,100,100,200,200,200,200,200,200,200,300,300,300,300,300,300,300,300,300,400,400,400,400,400,400,400
06:41,6,41,100,100,100,100,100,300,400,200,300,300,400,100,100,100,100,100,100,200,200,300,300,300,400,100,100,100,100,100,200,200,200,200,200,200,200,300,300,300,300,300,300,300,300,300,400,400,400,400,400,400,400
06:42,6,42,100,100,100,100,100,300,400,200,300,300,400,100,100,100,100,100,100,200,200,300,300,300,400,100,100,100,100,100,200,200,200,200,200,200,200,300,300,300,300,300,300,300,300,300,400,400,400,400,400,400,400
06:43,6,43,100,100,100,100,100,300,400,200,300,300,400,100,100,100,100,100,100,200,200,300,300,300,400,100,100,100,100,100,200,200,200,200,200,200,200,300,300,300,300,300,300,300,300,300,400,400,400,400,400,400,400
06:44,6,44,100,100,100,100,100,300,400,200,300,300,400,100,100,100,100,100,100,200,200,300,300,300,400,100,100,100,100,100,200,200,200,200,200,200,200,300,300,300,300,300,300,300,300,300,400,400,400,400,400,400,400
06:45,6,45,100,100,100,100,100,300,400,200,300,300,400,100,100,100,100,100,100,200,200,300,300,300,400,100,100,100,100,100,200,200,200,200,200,200,200,300,300,300,300,300,300,300,300,300,400,400,400,400,400,400,400
06:46,6,46,100,100,100,100,100,300,400,200,300,300,400,100,100,100,100,100,100,200,200,300,300,300,400,100,100,100,100,100,200,200,200,200,200,200,200,300,300,300,300,300,300,300,300,300,400,400,400,400,400,400,400
06:47,6,47,100,100,100,100,100,300,400,200,300,300,400,100,100,100,100,100,100,200,200,300,300,300,400,100,100,100,100,100,200,200,200,200,200,200,200,300,300,300,300,300,300,300,300,300,400,400,400,400,400,400,400
06:48,6,48,100,100,100,100,100,300,400,200,300,300,400,100,100,100,100,100,100,200,200,300,300,300,400,100,100,100,100,100,200,200,200,200,200,200,200,300,300,300,300,300,300,300,300,300,400,400,400,400,400,400,400
06:49,6,49,100,100,100,100,100,300,400,200,300,300,400,100,100,100,100,100,100,200,200,300,300,300,400,100,100,100,100,100,200,200,200,200,200,200,200,300,300,300,300,300,300,300,300,300,400,400,400,400,400,400,400
06:50,6,50,100,100,100,100,100,300,400,200,300,300,400,100,100,100,100,100,100,200,200,300,300,300,400,100,100,100,100,100,200,200,200,200,200,200,200,300,300,300,300,300,300,300,300,300,400,400,400,400,400,400,400
06:51,6,51,100,100,100,100,100,300,400,200,300,300,400,100,100,100,100,100,100,200,200,300,300,300,400,100,100,100,100,100,200,200,200,200,200,200,200,300,300,300,300,300,300,300,300,300,400,400,400,400,400,400,400
06:52,6,52,100,100,100,100,100,300,400,200,300,300,400,100,100,100,100,100,100,200,200,300,300,300,400,100,100,100,100,100,200,200,200,200,200,200,200,300,300,300,300,300,300,300,300,300,400,400,400,400,400,400,400
06:53,6,53,100,100,100,100,100,300,400,200,300,300,400,100,100,100,100,100,100,200,200,300,300,300,400,100,100,100,100,100,200,200,200,200,200,200,200,300,300,300,300,300,300,300,300,300,400,400,400,400,400,400,400
06:54,6,54,100,100,100,100,100,300,400,200,300,300,400,100,100,100,100,100,100,200,200,300,300,300,400,100,100,100,100,100,200,200,200,200,200,200,200,300,300,300,300,300,300,300,300,300,400,400,400,400,400,400,400
06:55,6,55,100,100,100,100,100,300,400,200,300,300,400,100,100,100,100,100,100,200,200,300,300,300,400,100,100,100,100,100,200,200,200,200,200,200,200,300,300,300,300,300,300,300,300,300,400,400,400,400,400,400,400
06:56,6,56,100,100,100,100,100,300,400,200,300,300,400,100,100,100,100,100,100,200,200,300,300,300,400,100,100,100,100,100,200,200,200,200,200,200,200,300,300,300,300,300,300,300,300,300,400,400,400,400,400,400,400
06:57,6,57,100,100,100,100,100,300,400,200,300,300,400,100,100,100,100,100,100,200,200,300,300,300,400,100,100,100,100,100,200,200,200,200,200,200,200,300,300,300,300,300,300,300,300,300,400,400,400,400,400,400,400
06:58,6,58,100,100,100,100,100,300,400,200,300,300,400,100,100,100,100,100,100,200,200,300,300,300,400,100,100,100,100,100,200,200,200,200,200,200,200,300,300,300,300,300,300,300,300,300,400,400,400,400,400,400,400
06:59,6,59,100,100,100,100,100,300,400,200,300,300,400,100,100,100,100,100,100,200,200,300,300,300,400,100,100,100,100,100,200,200,200,200,200,200,200,300,300,300,300,300,300,300,300,300,400,400,400,400,400,400,400
07:00,7,0,100,100,100,100,100,300,400,200,300,300,400,100,100,100,100,100,100,200,200,300,300,300,400,100,100,100,100,100,200,200,200,200,200,200,200,300,300,300,300,300,300,300,300,300,400,400,400,400,400,400,400
07:01,7,1,100,100,100,100,100,300,400,200,300,300,400,100,100,100,100,100,100,200,200,300,300,300,400,100,100,100,100,100,200,200,200,200,200,200,200,300,300,300,300,300,300,300,300,300,400,400,400,400,400,400,400
07:02,7,2,100,100,100,100,100,300,400,200,300,300,400,100,100,100,100,100,100,200,200,300,300,300,400,100,100,100,100,100,200,200,200,200,200,200,200,300,300,300,300,300,300,300,300,300,400,400,400,400,400,400,400
07:03,7,3,100,100,100,100,100,300,400,200,300,300,400,100,100,100,100,100,100,200,200,300,300,300,400,100,100,100,100,100,200,200,200,200,200,200,200,300,300,300,300,300,300,300,300,300,400,400,400,400,400,400,400
07:04,7,4,100,100,100,100,100,300,400,200,300,300,400,100,100,100,100,100,100,200,200,300,300,300,400,100,100,100,100,100,200,200,200,200,200,200,200,300,300,300,300,300,300,300,300,300,400,400,400,400,400,400,400
07:05,7,5,100,100,100,100,100,300,400,200,300,300,400,100,100,100,100,100,100,200,200,300,300,300,400,100,100,100,100,100,200,200,200,200,200,200,200,300,300,300,300,300,300,300,300,300,400,400,400,400,400,400,400
07:06,7,6,100,100,100,100,100,300,400,200,300,300,400,100,100,100,100,100,100,200,200,300,300,300,400,100,100,100,100,100,200,200,200,200,200,200,200,300,300,300,300,300,300,300,300,300,400,400,400,400,400,400,400
07:07,7,7,100,100,100,100,100,300,400,200,300,300,400,100,100,100,100,100,100,200,200,300,300,300,400,100,100,100,100,100,200,200,200,200,200,200,200,300,300,300,300,300,300,300,300,300,400,400,400,400,400,400,400
07:08,7,8,100,100,100,100,100,300,400,200,300,300,400,100,100,100,100,100,100,200,200,300,300,300,400,100,100,100,100,100,200,200,200,200,200,200,200,300,300,300,300,300,300,300,300,300,400,400,400,400,400,400,400
07:09,7,9,100,100,100,100,100,300,400,200,300,300,400,100,100,100,100,100,100,200,200,300,300,300,400,100,100,100,100,100,200,200,200,200,200,200,200,300,300,300,300,300,300,300,300,300,400,400,400,400,400,400,400
07:10,7,10,100,100,100,100,100,300,400,200,300,300,400,100,100,100,100,100,100,200,200,300,300,300,400,100,100,100,100,100,200,200,200,200,200,200,200,300,300,300,300,300,300,300,300,300,400,400,400,400,400,400,400
07:11,7,11,100,100,100,100,100,300,400,200,300,300,400,100,100,100,100,100,100,200,200,300,300,300,400,100,100,100,100,100,200,200,200,200,200,200,200,300,300,300,300,300,300,300,300,300,400,400,400,400,400,400,400
07:12,7,12,100,100,100,100,100,300,400,200,300,300,400,100,100,100,100,100,100,200,200,300,300,300,400,100,100,100,100,100,200,200,200,200,200,200,200,300,300,300,300,300,300,300,300,300,400,400,400,400,400,400,400
07:13,7,13,100,100,100,100,100,300,400,200,300,300,400,100,100,100,100,100,100,200,200,300,300,300,400,100,100,100,100,100,200,200,200,200,200,200,200,300,300,300,300,300,300,300,300,300,400,400,400,400,400,400,400
07:14,7,14,100,100,100,100,100,300,400,200,300,300,400,100,100,100,100,100,100,200,200,300,300,300,400,100,100,100,100,100,200,200,200,200,200,200,200,300,300,300,300,300,300,300,300,300,400,400,400,400,400,400,400
07:15,7,15,100,100,100,100,100,300,400,200,300,300,400,100,100,100,100,100,100,200,200,300,300,300,400,100,100,100,100,100,200,200,200,200,200,200,200,300,300,300,300,300,300,300,300,300,400,400,400,400,400,400,400
07:16,7,16,100,100,100,100,100,300,400,200,300,300,400,100,100,100,100,100,100,200,200,300,300,300,400,100,100,100,100,100,200,200,200,200,200,200,200,300,300,300,300,300,300,300,300,300,400,400,400,400,400,400,400
07:17,7,17,100,100,100,100,100,300,400,200,300,300,400,100,100,100,100,100,100,200,200,300,300,300,400,100,100,100,100,100,200,200,200,200,200,200,200,300,300,300,300,300,300,300,300,300,400,400,400,400,400,400,400
07:18,7,18,100,100,100,100,100,300,400,200,300,300,400,100,100,100,100,100,100,200,200,300,300,300,400,100,100,100,100,100,200,200,200,200,200,200,200,300,300,300,300,300,300,300,300,300,400,400,400,400,400,400,400
07:19,7,19,100,100,100,100,100,300,400,200,300,300,400,100,100,100,100,100,100,200,200,300,300,300,400,100,100,100,100,100,200,200,200,200,200,200,200,300,300,300,300,300,300,300,300,300,400,400,400,400,400,400,400
07:20,7,20,100,100,100,100,100,300,400,200,300,300,400,100,100,100,100,100,100,200,200,300,300,300,400,100,100,100,100,100,200,200,200,200,200,200,200,300,300,300,300,300,300,300,300,300,400,400,400,400,400,400,400
07:21,7,21,100,100,100,100,100,300,400,200,300,300,400,100,100,100,100,100,100,200,200,300,300,300,400,100,100,100,100,100,200,200,200,200,200,200,200,300,300,300,300,300,300,300,300,300,400,400,400,400,400,400,400
07:22,7,22,100,100,100,100,100,300,400,200,300,300,400,100,100,100,100,100,100,200,200,300,300,300,400,100,100,100,100,100,200,200,200,200,200,200,200,300,300,300,300,300,300,300,300,300,400,400,400,400,400,400,400
07:23,7,23,100,100,100,100,100,300,400,200,300,300,400,100,100,100,100,100,100,200,200,300,300,300,400,100,100,100,100,100,200,200,200,200,200,200,200,300,300,300,300,300,300,300,300,300,400,400,400,400,400,400,400
07:24,7,24,100,100,100,100,100,300,400,200,300,300,400,100,100,100,100,100,100,200,200,300,300,300,400,100,100,100,100,100,200,200,200,200,200,200,200,300,300,300,300,300,300,300,300,300,400,400,400,400,400,400,400
07:25,7,25,100,100,100,100,100,300,400,200,300,300,400,100,100,100,100,100,100,200,200,300,300,300,400,100,100,100,100,100,200,200,200,200,200,200,200,300,300,300,300,300,300,300,300,300,400,400,400,400,400,400,400
07:26,7,26,100,100,100,100,100,300,400,200,300,300,400,100,100,100,100,100,100,200,200,300,300,300,400,100,100,100,100,100,200,200,200,200,200,200,200,300,300,300,300,300,300,300,300,300,400,400,400,400,400,400,400
07:27,7,27,100,100,100,100,100,300,400,200,300,300,400,100,100,100,100,100,100,200,200,300,300,300,400,100,100,100,100,100,200,200,200,200,200,200,200,300,300,300,300,300,300,300,300,300,400,400,400,400,400,400,400
07:28,7,28,100,100,100,100,100,300,400,200,300,300,400,100,100,100,100,100,100,200,200,300,300,300,400,100,100,100,100,100,200,200,200,200,200,200,200,300,300,300,300,300,300,300,300,300,400,400,400,400,400,400,400
07:29,7,29,100,100,100,100,100,300,400,200,300,300,400,100,100,100,100,100,100,200,200,300,300,300,400,100,100,100,100,100,200,200,200,200,200,200,200,300,300,300,300,300,300,300,300,300,400,400,400,400,400,400,400
07:30,7,30,100,100,100,100,100,300,400,200,300,300,400,100,100,100,100,100,100,200,200,300,300,300,400,100,100,100,100,100,200,200,200,200,200,200,200,300,300,300,300,300,300,300,300,300,400,400,400,400,400,400,400
07:31,7,31,100,100,100,100,100,300,400,200,300,300,400,100,100,100,100,100,100,200,200,300,300,300,400,100,100,100,100,100,200,200,200,200,200,200,200,300,300,300,300,300,300,300,300,300,400,400,400,400,400,400,400
07:32,7,32,100,100,100,100,100,300,400,200,300,300,400,100,100,100,100,100,100,200,200,300,300,300,400,100,100,100,100,100,200,200,200,200,200,200,200,300,300,300,300,300,300,300,300,300,400,400,400,400,400,400,400
07:33,7,33,100,100,100,100,100,300,400,200,300,300,400,100,100,100,100,100,100,200,200,300,300,300,400,100,100,100,100,100,200,200,200,200,200,200,200,300,300,300,300,300,300,300,300,300,400,400,400,400,400,400,400
07:34,7,34,100,100,100,100,100,300,400,200,300,300,400,100,100,100,100,100,100,200,200,300,300,300,400,100,100,100,100,100,200,200,200,200,200,200,200,300,300,300,300,300,300,300,300,300,400,400,400,400,400,400,400
07:35,7,35,100,100,100,100,100,300,400,200,300,300,400,100,100,100,100,100,100,200,200,300,300,300,400,100,100,100,100,100,200,200,200,200,200,200,200,300,300,300,300,300,300,300,300,300,400,400,400,400,400,400,400
07:36,7,36,100,100,100,100,100,300,400,200,300,300,400,100,100,100,100,100,100,200,200,300,300,300,400,100,100,100,100,100,200,200,200,200,200,200,200,300,300,300,300,300,300,300,300,300,400,400,400,400,400,400,400
07:37,7,37,100,100,100,100,100,300,400,200,300,300,400,100,100,100,100,100,100,200,200,300,300,300,400,100,100,100,100,100,200,200,200,200,200,200,200,300,300,300,300,300,300,300,300,300,400,400,400,400,400,400,400
07:38,7,38,100,100,100,100,100,300,400,200,300,300,400,100,100,100,100,100,100,200,200,300,300,300,400,100,100,100,100,100,200,200,200,200,200,200,200,300,300,300,300,300,300,300,300,300,400,400,400,400,400,400,400
07:39,7,39,100,100,100,100,100,300,400,200,300,300,400,100,100,100,100,100,100,200,200,300,300,300,400,100,100,100,100,100,200,200,200,200,200,200,200,300,300,300,300,300,300,300,300,300,400,400,400,400,400,400,400
07:40,7,40,100,100,100,100,100,300,400,200,300,300,400,100,100,100,100,100,100,200,200,300,300,300,400,100,100,100,100,100,200,200,200,200,200,200,200,300,300,300,300,300,300,300,300,300,400,400,400,400,400,400,400
07:41,7,41,100,100,100,100,100,300,400,200,300,300,400,100,100,100,100,100,100,200,200,300,300,300,400,100,100,100,100,100,200,200,200,200,200,200,200,300,300,300,300,300,300,300,300,300,400,400,400,400,400,400,400
07:42,7,42,100,100,100,100,100,300,400,200,300,300,400,100,100,100,100,100,100,200,200,300,300,300,400,100,100,100,100,100,200,200,200,200,200,200,200,300,300,300,300,300,300,300,300,300,400,400,400,400,400,400,400
07:43,7,43,100,100,100,100,100,300,400,200,300,300,400,100,100,100,100,100,100,200,200,300,300,300,400,100,100,100,100,100,200,200,200,200,200,200,200,300,300,300,300,300,300,300,300,300,400,400,400,400,400,400,400
07:44,7,44,100,100,100,100,100,300,400,200,300,300,400,100,100,100,100,100,100,200,200,300,300,300,400,100,100,100,100,100,200,200,200,200,200,200,200,300,300,300,300,300,300,300,300,300,400,400,400,400,400,400,400
07:45,7,45,100,100,100,100,100,300,400,200,300,300,400,100,100,100,100,100,100,200,200,300,300,300,400,100,100,100,100,100,200,200,200,200,200,200,200,300,300,300,300,300,300,300,300,300,400,400,400,400,400,400,400
07:46,7,46,100,100,100,100,100,300,400,200,300,300,400,100,100,100,100,100,100,200,200,300,300,300,400,100,100,100,100,100,200,200,200,200,200,200,200,300,300,300,300,300,300,300,300,300,400,400,400,400,400,400,400
07:47,7,47,100,100,100,100,100,300,400,200,300,300,400,100,100,100,100,100,100,200,200,300,300,300,400,100,100,100,100,100,200,200,200,200,200,200,200,300,300,300,300,300,300,300,300,300,400,400,400,400,400,400,400
07:48,7,48,100,100,100,100,100,300,400,200,300,300,400,100,100,100,100,100,100,200,200,300,300,300,400,100,100,100,100,100,200,200,200,200,200,200,200,300,300,300,300,300,300,300,300,300,400,400,400,400,400,400,400
07:49,7,49,100,100,100,100,100,300,400,200,300,300,400,100,100,100,100,100,100,200,200,300,300,300,400,100,100,100,100,100,200,200,200,200,200,200,200,300,300,300,300,300,300,300,300,300,400,400,400,400,400,400,400
07:50,7,50,100,100,100,100,100,300,400,200,300,300,400,100,100,100,100,100,100,200,200,300,300,300,400,100,100,100,100,100,200,200,200,200,200,200,200,300,300,300,300,300,300,300,300,300,400,400,400,400,400,400,400
07:51,7,51,100,100,100,100,100,300,400,200,300,300,400,100,100,100,100,100,100,200,200,300,300,300,400,100,100,100,100,100,200,200,200,200,200,200,200,300,300,300,300,300,300,300,300,300,400,400,400,400,400,400,400
07:52,7,52,100,100,100,100,100,300,400,200,300,300,400,100,100,100,100,100,100,200,200,300,300,300,400,100,100,100,100,100,200,200,200,200,200,200,200,300,300,300,300,300,300,300,300,300,400,400,400,400,400,400,400
07:53,7,53,100,100,100,100,100,300,400,200,300,300,400,100,100,100,100,100,100,200,200,300,300,300,400,100,100,100,100,100,200,200,200,200,200,200,200,300,300,300,300,300,300,300,300,300,400,400,400,400,400,400,400
07:54,7,54,100,100,100,100,100,300,400,200,300,300,400,100,100,100,100,100,100,200,200,300,300,300,400,100,100,100,100,100,200,200,200,200,200,200,200,300,300,300,300,300,300,300,300,300,400,400,400,400,400,400,400
07:55,7,55,100,100,100,100,100,300,400,200,300,300,400,100,100,100,100,100,100,200,200,300,300,300,400,100,100,100,100,100,200,200,200,200,200,200,200,300,300,300,300,300,300,300,300,300,400,400,400,400,400,400,400
07:56,7,56,100,100,100,100,100,300,400,200,300,300,400,100,100,100,100,100,100,200,200,300,300,300,400,100,100,100,100,100,200,200,200,200,200,200,200,300,300,300,300,300,300,300,300,300,400,400,400,400,400,400,400
07:57,7,57,100,100,100,100,100,300,400,200,300,300,400,100,100,100,100,100,100,200,200,300,300,300,400,100,100,100,100,100,200,200,200,200,200,200,200,300,300,300,300,300,300,300,300,300,400,400,400,400,400,400,400
07:58,7,58,100,100,100,100,100,300,400,200,300,300,400,100,100,100,100,100,100,200,200,300,300,300,400,100,100,100,100,100,200,200,200,200,200,200,200,300,300,300,300,300,300,300,300,300,400,400,400,400,400,400,400
07:59,7,59,100,100,100,100,100,300,400,200,300,300,400,100,100,100,100,100,100,200,200,300,300,300,400,100,100,100,100,100,200,200,200,200,200,200,200,300,300,300,300,300,300,300,300,300,400,400,400,400,400,400,400
08:00,8,0,100,100,100,100,100,300,400,200,300,300,400,100,100,100,100,100,100,200,200,300,300,300,400,100,100,100,100,100,200,200,200,200,200,200,200,300,300,300,300,300,300,300,300,300,400,400,400,400,400,400,400
08:01,8,1,100,100,100,100,100,300,400,200,300,300,400,100,100,100,100,100,100,200,200,300,300,300,400,100,100,100,100,100,200,200,200,200,200,200,200,300,300,300,300,300,300,300,300,300,400,400,400,400,400,400,400
08:02,8,2,100,100,100,100,100,300,400,200,300,300,400,100,100,100,100,100,100,200,200,300,300,300,400,100,100,100,100,100,200,200,200,200,200,200,200,300,300,300,300,300,300,300,300,300,400,400,400,400,400,400,400
08:03,8,3,100,100,100,100,100,300,400,200,300,300,400,100,100,100,100,100,100,200,200,300,300,300,400,100,100,100,100,100,200,200,200,200,200,200,200,300,300,300,300,300,300,300,300,300,400,400,400,400,400,400,400
08:04,8,4,100,100,100,100,100,300,400,200,300,300,400,100,100,100,100,100,100,200,200,300,300,300,400,100,100,100,100,100,200,200,200,200,200,200,200,300,300,300,300,300,300,300,300,300,400,400,400,400,400,400,400
08:05,8,5,100,100,100,100,100,300,400,200,300,300,400,100,100,100,100,100,100,200,200,300,300,300,400,100,100,100,100,100,200,200,200,200,200,200,200,300,300,300,300,300,300,300,300,300,400,400,400,400,400,400,400
08:06,8,6,100,100,100,100,100,300,400,200,300,300,400,100,100,100,100,100,100,200,200,300,300,300,400,100,100,100,100,100,200,200,200,200,200,200,200,300,300,300,300,300,300,300,300,300,400,400,400,400,400,400,400
08:07,8,7,100,100,100,100,100,300,400,200,300,300,400,100,100,100,100,100,100,200,200,300,300,300,400,100,100,100,100,100,200,200,200,200,200,200,200,300,300,300,300,300,300,300,300,300,400,400,400,400,400,400,400
08:08,8,8,100,100,100,100,100,300,400,200,300,300,400,100,100,100,100,100,100,200,200,300,300,300,400,100,100,100,100,100,200,200,200,200,200,200,200,300,300,300,300,300,300,300,300,300,400,400,400,400,400,400,400
08:09,8,9,100,100,100,100,100,300,400,200,300,300,400,100,100,100,100,100,100,200,200,300,300,300,400,100,100,100,100,100,200,200,200,200,200,200,200,300,300,300,300,300,300,300,300,300,400,400,400,400,400,400,400
08:10,8,10,100,100,100,100,100,300,400,200,300,300,400,100,100,100,100,100,100,200,200,300,300,300,400,100,100,100,100,100,200,200,200,200,200,200,200,300,300,300,300,300,300,300,300,300,400,400,400,400,400,400,400
08:11,8,11,100,100,100,100,100,300,400,200,300,300,400,100,100,100,100,100,100,200,200,300,300,300,400,100,100,100,100,100,200,200,200,200,200,200,200,300,300,300,300,300,300,300,300,300,400,400,400,400,400,400,400
08:12,8,12,100,100,100,100,100,300,400,200,300,300,400,100,100,100,100,100,100,200,200,300,300,300,400,100,100,100,100,100,200,200,200,200,200,200,200,300,300,300,300,300,300,300,300,300,400,400,400,400,400,400,400
08:13,8,13,100,100,100,100,100,300,400,200,300,300,400,100,100,100,100,100,100,200,200,300,300,300,400,100,100,100,100,100,200,200,200,200,200,200,200,300,300,300,300,300,300,300,300,300,400,400,400,400,400,400,400
08:14,8,14,100,100,100,100,100,300,400,200,300,300,400,100,100,100,100,100,100,200,200,300,300,300,400,100,100,100,100,100,200,200,200,200,200,200,200,300,300,300,300,300,300,300,300,300,400,400,400,400,400,400,400
08:15,8,15,100,100,100,100,100,300,400,200,300,300,400,100,100,100,100,100,100,200,200,300,300,300,400,100,100,100,100,100,200,200,200,200,200,200,200,300,300,300,300,300,300,300,300,300,400,400,400,400,400,400,400
08:16,8,16,100,100,100,100,100,300,400,200,300,300,400,100,100,100,100,100,100,200,200,300,300,300,400,100,100,100,100,100,200,200,200,200,200,200,200,300,300,300,300,300,300,300,300,300,400,400,400,400,400,400,400
08:17,8,17,100,100,100,100,100,300,400,200,300,300,400,100,100,100,100,100,100,200,200,300,300,300,400,100,100,100,100,100,200,200,200,200,200,200,200,300,300,300,300,300,300,300,300,300,400,400,400,400,400,400,400
08:18,8,18,100,100,100,100,100,300,400,200,300,300,400,100,100,100,100,100,100,200,200,300,300,300,400,100,100,100,100,100,200,200,200,200,200,200,200,300,300,300,300,300,300,300,300,300,400,400,400,400,400,400,400
08:19,8,19,100,100,100,100,100,300,400,200,300,300,400,100,100,100,100,100,100,200,200,300,300,300,400,100,100,100,100,100,200,200,200,200,200,200,200,300,300,300,300,300,300,300,300,300,400,400,400,400,400,400,400
08:20,8,20,100,100,100,100,100,300,400,200,300,300,400,100,100,100,100,100,100,200,200,300,300,300,400,100,100,100,100,100,200,200,200,200,200,200,200,300,300,300,300,300,300,300,300,300,400,400,400,400,400,400,400
08:21,8,21,100,100,100,100,100,300,400,200,300,300,400,100,100,100,100,100,100,200,200,300,300,300,400,100,100,100,100,100,200,200,200,200,200,200,200,300,300,300,300,300,300,300,300,300,400,400,400,400,400,400,400
08:22,8,22,100,100,100,100,100,300,400,200,300,300,400,100,100,100,100,100,100,200,200,300,300,300,400,100,100,100,100,100,200,200,200,200,200,200,200,300,300,300,300,300,300,300,300,300,400,400,400,400,400,400,400
08:23,8,23,100,100,100,100,100,300,400,200,300,300,400,100,100,100,100,100,100,200,200,300,300,300,400,100,100,100,100,100,200,200,200,200,200,200,200,300,300,300,300,300,300,300,300,300,400,400,400,400,400,400,400
08:24,8,24,100,100,100,100,100,300,400,200,300,300,400,100,100,100,100,100,100,200,200,300,300,300,400,100,100,100,100,100,200,200,200,200,200,200,200,300,300,300,300,300,300,300,300,300,400,400,400,400,400,400,400
08:25,8,25,100,100,100,100,100,300,400,200,300,300,400,100,100,100,100,100,100,200,200,300,300,300,400,100,100,100,100,100,200,200,200,200,200,200,200,300,300,300,300,300,300,300,300,300,400,400,400,400,400,400,400
08:26,8,26,100,100,100,100,100,300,400,200,300,300,400,100,100,100,100,100,100,200,200,300,300,300,400,100,100,100,100,100,200,200,200,200,200,200,200,300,300,300,300,300,300,300,300,300,400,400,400,400,400,400,400
08:27,8,27,100,100,100,100,100,300,400,200,300,300,400,100,100,100,100,100,100,200,200,300,300,300,400,100,100,100,100,100,200,200,200,200,200,200,200,300,300,300,300,300,300,300,300,300,400,400,400,400,400,400,400
08:28,8,28,100,100,100,100,100,300,400,200,300,300,400,100,100,100,100,100,100,200,200,300,300,300,400,100,100,100,100,100,200,200,200,200,200,200,200,300,300,300,300,300,300,300,300,300,400,400,400,400,400,400,400
08:29,8,29,100,100,100,100,100,300,400,200,300,300,400,100,100,100,100,100,100,200,200,300,300,300,400,100,100,100,100,100,200,200,200,200,200,200,200,300,300,300,300,300,300,300,300,300,400,400,400,400,400,400,400
08:30,8,30,100,100,100,100,100,300,400,200,300,300,400,100,100,100,100,100,100,200,200,300,300,300,400,100,100,100,100,100,200,200,200,200,200,200,200,300,300,300,300,300,300,300,300,300,400,400,400,400,400,400,400
08:31,8,31,100,100,100,100,100,300,400,200,300,300,400,100,100,100,100,100,100,200,200,300,300,300,400,100,100,100,100,100,200,200,200,200,200,200,200,300,300,300,300,300,300,300,300,300,400,400,400,400,400,400,400
08:32,8,32,100,100,100,100,100,300,400,200,300,300,400,100,100,100,100,100,100,200,200,300,300,300,400,100,100,100,100,100,200,200,200,200,200,200,200,300,300,300,300,300,300,300,300,300,400,400,400,400,400,400,400
08:33,8,33,100,100,100,100,100,300,400,200,300,300,400,100,100,100,100,100,100,200,200,300,300,300,400,100,100,100,100,100,200,200,200,200,200,200,200,300,300,300,300,300,300,300,300,300,400,400,400,400,400,400,400
08:34,8,34,100,100,100,100,100,300,400,200,300,300,400,100,100,100,100,100,100,200,200,300,300,300,400,100,100,100,100,100,200,200,200,200,200,200,200,300,300,300,300,300,300,300,300,300,400,400,400,400,400,400,400
08:35,8,35,100,100,100,100,100,300,400,200,300,300,400,100,100,100,100,100,100,200,200,300,300,300,400,100,100,100,100,100,200,200,200,200,200,200,200,300,300,300,300,300,300,300,300,300,400,400,400,400,400,400,400
08:36,8,36,100,100,100,100,100,300,400,200,300,300,400,100,100,100,100,100,100,200,200,300,300,300,400,100,100,100,100,100,200,200,200,200,200,200,200,300,300,300,300,300,300,300,300,300,400,400,400,400,400,400,400
08:37,8,37,100,100,100,100,100,300,400,200,300,300,400,100,100,100,100,100,100,200,200,300,300,300,400,100,100,100,100,100,200,200,200,200,200,200,200,300,300,300,300,300,300,300,300,300,400,400,400,400,400,400,400
08:38,8,38,100,100,100,100,100,300,400,200,300,300,400,100,100,100,100,100,100,200,200,300,300,300,400,100,100,100,100,100,200,200,200,200,200,200,200,300,300,300,300,300,300,300,300,300,400,400,400,400,400,400,400
08:39,8,39,100,100,100,100,100,300,400,200,300,300,400,100,100,100,100,100,100,200,200,300,300,300,400,100,100,100,100,100,200,200,200,200,200,200,200,300,300,300,300,300,300,300,300,300,400,400,400,400,400,400,400
08:40,8,40,100,100,100,100,100,300,400,200,300,300,400,100,100,100,100,100,100,200,200,300,300,300,400,100,100,100,100,100,200,200,200,200,200,200,200,300,300,300,300,300,300,300,300,300,400,400,400,400,400,400,400
08:41,8,41,100,100,100,100,100,300,400,200,300,300,400,100,100,100,100,100,100,200,200,300,300,300,400,100,100,100,100,100,200,200,200,200,200,200,200,300,300,300,300,300,300,300,300,300,400,400,400,400,400,400,400
08:42,8,42,100,100,100,100,100,300,400,200,300,300,400,100,100,100,100,100,100,200,200,300,300,300,400,100,100,100,100,100,200,200,200,200,200,200,200,300,300,300,300,300,300,300,300,300,400,400,400,400,400,400,400
08:43,8,43,100,100,100,100,100,300,400,200,300,300,400,100,100,100,100,100,100,200,200,300,300,300,400,100,100,100,100,100,200,200,200,200,200,200,200,300,300,300,300,300,300,300,300,300,400,400,400,400,400,400,400
08:44,8,44,100,100,100,100,100,300,400,200,300,300,400,100,100,100,100,100,100,200,200,300,300,300,400,100,100,100,100,100,200,200,200,200,200,200,200,300,300,300,300,300,300,300,300,300,400,400,400,400,400,400,400
08:45,8,45,100,100,100,100,100,300,400,200,300,300,400,100,100,100,100,100,100,200,200,300,300,300,400,100,100,100,100,100,200,200,200,200,200,200,200,300,300,300,300,300,300,300,300,300,400,400,400,400,400,400,400
08:46,8,46,100,100,100,100,100,300,400,200,300,300,400,100,100,100,100,100,100,200,200,300,300,300,400,100,100,100,100,100,200,200,200,200,200,200,200,300,300,300,300,300,300,300,300,300,400,400,400,400,400,400,400
08:47,8,47,100,100,100,100,100,300,400,200,300,300,400,100,100,100,100,100,100,200,200,300,300,300,400,100,100,100,100,100,200,200,200,200,200,200,200,300,300,300,300,300,300,300,300,300,400,400,400,400,400,400,400
08:48,8,48,100,100,100,100,100,300,400,200,300,300,400,100,100,100,100,100,100,200,200,300,300,300,400,100,100,100,100,100,200,200,200,200,200,200,200,300,300,300,300,300,300,300,300,300,400,400,400,400,400,400,400
08:49,8,49,100,100,100,100,100,300,400,200,300,300,400,100,100,100,100,100,100,200,200,300,300,300,400,100,100,100,100,100,200,200,200,200,200,200,200,300,300,300,300,300,300,300,300,300,400,400,400,400,400,400,400
08:50,8,50,100,100,100,100,100,300,400,200,300,300,400,100,100,100,100,100,100,200,200,300,300,300,400,100,100,100,100,100,200,200,200,200,200,200,200,300,300,300,300,300,300,300,300,300,400,400,400,400,400,400,400
08:51,8,51,100,100,100,100,100,300,400,200,300,300,400,100,100,100,100,100,100,200,200,300,300,300,400,100,100,100,100,100,200,200,200,200,200,200,200,300,300,300,300,300,300,300,300,300,400,400,400,400,400,400,400
08:52,8,52,100,100,100,100,100,300,400,200,300,300,400,100,100,100,100,100,100,200,200,300,300,300,400,100,100,100,100,100,200,200,200,200,200,200,200,300,300,300,300,300,300,300,300,300,400,400,400,400,400,400,400
08:53,8,53,100,100,100,100,100,300,400,200,300,300,400,100,100,100,100,100,100,200,200,300,300,300,400,100,100,100,100,100,200,200,200,200,200,200,200,300,300,300,300,300,300,300,300,300,400,400,400,400,400,400,400
08:54,8,54,100,100,100,100,100,300,400,200,300,300,400,100,100,100,100,100,100,200,200,300,300,300,400,100,100,100,100,100,200,200,200,200,200,200,200,300,300,300,300,300,300,300,300,300,400,400,400,400,400,400,400
08:55,8,55,100,100,100,100,100,300,400,200,300,300,400,100,100,100,100,100,100,200,200,300,300,300,400,100,100,100,100,100,200,200,200,200,200,200,200,300,300,300,300,300,300,300,300,300,400,400,400,400,400,400,400
08:56,8,56,100,100,100,100,100,300,400,200,300,300,400,100,100,100,100,100,100,200,200,300,300,300,400,100,100,100,100,100,200,200,200,200,200,200,200,300,300,300,300,300,300,300,300,300,400,400,400,400,400,400,400
08:57,8,57,100,100,100,100,100,300,400,200,300,300,400,100,100,100,100,100,100,200,200,300,300,300,400,100,100,100,100,100,200,200,200,200,200,200,200,300,300,300,300,300,300,300,300,300,400,400,400,400,400,400,400
08:58,8,58,100,100,100,100,100,300,400,200,300,300,400,100,100,100,100,100,100,200,200,300,300,300,400,100,100,100,100,100,200,200,200,200,200,200,200,300,300,300,300,300,300,300,300,300,400,400,400,400,400,400,400
08:59,8,59,100,100,100,100,100,300,400,200,300,300,400,100,100,100,100,100,100,200,200,300,300,300,400,100,100,100,100,100,200,200,200,200,200,200,200,300,300,300,300,300,300,300,300,300,400,400,400,400,400,400,400
09:00,9,0,100,100,100,100,100,300,400,200,300,300,400,100,100,100,100,100,100,200,200,300,300,300,400,100,100,100,100,100,200,200,200,200,200,200,200,300,300,300,300,300,300,300,300,300,400,400,400,400,400,400,400
09:01,9,1,100,100,100,100,100,300,400,200,300,300,400,100,100,100,100,100,100,200,200,300,300,300,400,100,100,100,100,100,200,200,200,200,200,200,200,300,300,300,300,300,300,300,300,300,400,400,400,400,400,400,400
09:02,9,2,100,100,100,100,100,300,400,200,300,300,400,100,100,100,100,100,100,200,200,300,300,300,400,100,100,100,100,100,200,200,200,200,200,200,200,300,300,300,300,300,300,300,300,300,400,400,400,400,400,400,400
09:03,9,3,100,100,100,100,100,300,400,200,300,300,400,100,100,100,100,100,100,200,200,300,300,300,400,100,100,100,100,100,200,200,200,200,200,200,200,300,300,300,300,300,300,300,300,300,400,400,400,400,400,400,400
09:04,9,4,100,100,100,100,100,300,400,200,300,300,400,100,100,100,100,100,100,200,200,300,300,300,400,100,100,100,100,100,200,200,200,200,200,200,200,300,300,300,300,300,300,300,300,300,400,400,400,400,400,400,400
09:05,9,5,100,100,100,100,100,300,400,200,300,300,400,100,100,100,100,100,100,200,200,300,300,300,400,100,100,100,100,100,200,200,200,200,200,200,200,300,300,300,300,300,300,300,300,300,400,400,400,400,400,400,400
09:06,9,6,100,100,100,100,100,300,400,200,300,300,400,100,100,100,100,100,100,200,200,300,300,300,400,100,100,100,100,100,200,200,200,200,200,200,200,300,300,300,300,300,300,300,300,300,400,400,400,400,400,400,400
09:07,9,7,100,100,100,100,100,300,400,200,300,300,400,100,100,100,100,100,100,200,200,300,300,300,400,100,100,100,100,100,200,200,200,200,200,200,200,300,300,300,300,300,300,300,300,300,400,400,400,400,400,400,400
09:08,9,8,100,100,100,100,100,300,400,200,300,300,400,100,100,100,100,100,100,200,200,300,300,300,400,100,100,100,100,100,200,200,200,200,200,200,200,300,300,300,300,300,300,300,300,300,400,400,400,400,400,400,400
09:09,9,9,100,100,100,100,100,300,400,200,300,300,400,100,100,100,100,100,100,200,200,300,300,300,400,100,100,100,100,100,200,200,200,200,200,200,200,300,300,300,300,300,300,300,300,300,400,400,400,400,400,400,400
09:10,9,10,100,100,100,100,100,300,400,200,300,300,400,100,100,100,100,100,100,200,200,300,300,300,400,100,100,100,100,100,200,200,200,200,200,200,200,300,300,300,300,300,300,300,300,300,400,400,400,400,400,400,400
09:11,9,11,100,100,100,100,100,300,400,200,300,300,400,100,100,100,100,100,100,200,200,300,300,300,400,100,100,100,100,100,200,200,200,200,200,200,200,300,300,300,300,300,300,300,300,300,400,400,400,400,400,400,400
09:12,9,12,100,100,100,100,100,300,400,200,300,300,400,100,100,100,100,100,100,200,200,300,300,300,400,100,100,100,100,100,200,200,200,200,200,200,200,300,300,300,300,300,300,300,300,300,400,400,400,400,400,400,400
09:13,9,13,100,100,100,100,100,300,400,200,300,300,400,100,100,100,100,100,100,200,200,300,300,300,400,100,100,100,100,100,200,200,200,200,200,200,200,300,300,300,300,300,300,300,300,300,400,400,400,400,400,400,400
09:14,9,14,100,100,100,100,100,300,400,200,300,300,400,100,100,100,100,100,100,200,200,300,300,300,400,100,100,100,100,100,200,200,200,200,200,200,200,300,300,300,300,300,300,300,300,300,400,400,400,400,400,400,400
09:15,9,15,100,100,100,100,100,300,400,200,300,300,400,100,100,100,100,100,100,200,200,300,300,300,400,100,100,100,100,100,200,200,200,200,200,200,200,300,300,300,300,300,300,300,300,300,400,400,400,400,400,400,400
09:16,9,16,100,100,100,100,100,300,400,200,300,300,400,100,100,100,100,100,100,200,200,300,300,300,400,100,100,100,100,100,200,200,200,200,200,200,200,300,300,300,300,300,300,300,300,300,400,400,400,400,400,400,400
09:17,9,17,100,100,100,100,100,300,400,200,300,300,400,100,100,100,100,100,100,200,200,300,300,300,400,100,100,100,100,100,200,200,200,200,200,200,200,300,300,300,300,300,300,300,300,300,400,400,400,400,400,400,400
09:18,9,18,100,100,100,100,100,300,400,200,300,300,400,100,100,100,100,100,100,200,200,300,300,300,400,100,100,100,100,100,200,200,200,200,200,200,200,300,300,300,300,300,300,300,300,300,400,400,400,400,400,400,400
09:19,9,19,100,100,100,100,100,300,400,200,300,300,400,100,100,100,100,100,100,200,200,300,300,300,400,100,100,100,100,100,200,200,200,200,200,200,200,300,300,300,300,300,300,300,300,300,400,400,400,400,400,400,400
09:20,9,20,100,100,100,100,100,300,400,200,300,300,400,100,100,100,100,100,100,200,200,300,300,300,400,100,100,100,100,100,200,200,200,200,200,200,200,300,300,300,300,300,300,300,300,300,400,400,400,400,400,400,400
09:21,9,21,100,100,100,100,100,300,400,200,300,300,400,100,100,100,100,100,100,200,200,300,300,300,400,100,100,100,100,100,200,200,200,200,200,200,200,300,300,300,300,300,300,300,300,300,400,400,400,400,400,400,400
09:22,9,22,100,100,100,100,100,300,400,200,300,300,400,100,100,100,100,100,100,200,200,300,300,300,400,100,100,100,100,100,200,200,200,200,200,200,200,300,300,300,300,300,300,300,300,300,400,400,400,400,400,400,400
09:23,9,23,100,100,100,100,100,300,400,200,300,300,400,100,100,100,100,100,100,200,200,300,300,300,400,100,100,100,100,100,200,200,200,200,200,200,200,300,300,300,300,300,300,300,300,300,400,400,400,400,400,400,400
09:24,9,24,100,100,100,100,100,300,400,200,300,300,400,100,100,100,100,100,100,200,200,300,300,300,400,100,100,100,100,100,200,200,200,200,200,200,200,300,300,300,300,300,300,300,300,300,400,400,400,400,400,400,400
09:25,9,25,100,100,100,100,100,300,400,200,300,300,400,100,100,100,100,100,100,200,200,300,300,300,400,100,100,100,100,100,200,200,200,200,200,200,200,300,300,300,300,300,300,300,300,300,400,400,400,400,400,400,400
09:26,9,26,100,100,100,100,100,300,400,200,300,300,400,100,100,100,100,100,100,200,200,300,300,300,400,100,100,100,100,100,200,200,200,200,200,200,200,300,300,300,300,300,300,300,300,300,400,400,400,400,400,400,400
09:27,9,27,100,100,100,100,100,300,400,200,300,300,400,100,100,100,100,100,100,200,200,300,300,300,400,100,100,100,100,100,200,200,200,200,200,200,200,300,300,300,300,300,300,300,300,300,400,400,400,400,400,400,400
09:28,9,28,100,100,100,100,100,300,400,200,300,300,400,100,100,100,100,100,100,200,200,300,300,300,400,100,100,100,100,100,200,200,200,200,200,200,200,300,300,300,300,300,300,300,300,300,400,400,400,400,400,400,400
09:29,9,29,100,100,100,100,100,300,400,200,300,300,400,100,100,100,100,100,100,200,200,300,300,300,400,100,100,100,100,100,200,200,200,200,200,200,200,300,300,300,300,300,300,300,300,300,400,400,400,400,400,400,400
09:30,9,30,100,100,100,100,100,300,400,200,300,300,400,100,100,100,100,100,100,200,200,300,300,300,400,100,100,100,100,100,200,200,200,200,200,200,200,300,300,300,300,300,300,300,300,300,400,400,400,400,400,400,400
09:31,9,31,100,100,100,100,100,300,400,200,300,300,400,100,100,100,100,100,100,200,200,300,300,300,400,100,100,100,100,100,200,200,200,200,200,200,200,300,300,300,300,300,300,300,300,300,400,400,400,400,400,400,400
09:32,9,32,100,100,100,100,100,300,400,200,300,300,400,100,100,100,100,100,100,200,200,300,300,300,400,100,100,100,100,100,200,200,200,200,200,200,200,300,300,300,300,300,300,300,300,300,400,400,400,400,400,400,400
09:33,9,33,100,100,100,100,100,300,400,200,300,300,400,100,100,100,100,100,100,200,200,300,300,300,400,100,100,100,100,100,200,200,200,200,200,200,200,300,300,300,300,300,300,300,300,300,400,400,400,400,400,400,400
09:34,9,34,100,100,100,100,100,300,400,200,300,300,400,100,100,100,100,100,100,200,200,300,300,300,400,100,100,100,100,100,200,200,200,200,200,200,200,300,300,300,300,300,300,300,300,300,400,400,400,400,400,400,400
09:35,9,35,100,100,100,100,100,300,400,200,300,300,400,100,100,100,100,100,100,200,200,300,300,300,400,100,100,100,100,100,200,200,200,200,200,200,200,300,300,300,300,300,300,300,300,300,400,400,400,400,400,400,400
09:36,9,36,100,100,100,100,100,300,400,200,300,300,400,100,100,100,100,100,100,200,200,300,300,300,400,100,100,100,100,100,200,200,200,200,200,200,200,300,300,300,300,300,300,300,300,300,400,400,400,400,400,400,400
09:37,9,37,100,100,100,100,100,300,400,200,300,300,400,100,100,100,100,100,100,200,200,300,300,300,400,100,100,100,100,100,200,200,200,200,200,200,200,300,300,300,300,300,300,300,300,300,400,400,400,400,400,400,400
09:38,9,38,100,100,100,100,100,300,400,200,300,300,400,100,100,100,100,100,100,200,200,300,300,300,400,100,100,100,100,100,200,200,200,200,200,200,200,300,300,300,300,300,300,300,300,300,400,400,400,400,400,400,400
09:39,9,39,100,100,100,100,100,300,400,200,300,300,400,100,100,100,100,100,100,200,200,300,300,300,400,100,100,100,100,100,200,200,200,200,200,200,200,300,300,300,300,300,300,300,300,300,400,400,400,400,400,400,400
09:40,9,40,100,100,100,100,100,300,400,200,300,300,400,100,100,100,100,100,100,200,200,300,300,300,400,100,100,100,100,100,200,200,200,200,200,200,200,300,300,300,300,300,300,300,300,300,400,400,400,400,400,400,400
09:41,9,41,100,100,100,100,100,300,400,200,300,300,400,100,100,100,100,100,100,200,200,300,300,300,400,100,100,100,100,100,200,200,200,200,200,200,200,300,300,300,300,300,300,300,300,300,400,400,400,400,400,400,400
09:42,9,42,100,100,100,100,100,300,400,200,300,300,400,100,100,100,100,100,100,200,200,300,300,300,400,100,100,100,100,100,200,200,200,200,200,200,200,300,300,300,300,300,300,300,300,300,400,400,400,400,400,400,400
09:43,9,43,100,100,100,100,100,300,400,200,300,300,400,100,100,100,100,100,100,200,200,300,300,300,400,100,100,100,100,100,200,200,200,200,200,200,200,300,300,300,300,300,300,300,300,300,400,400,400,400,400,400,400
09:44,9,44,100,100,100,100,100,300,400,200,300,300,400,100,100,100,100,100,100,200,200,300,300,300,400,100,100,100,100,100,200,200,200,200,200,200,200,300,300,300,300,300,300,300,300,300,400,400,400,400,400,400,400
09:45,9,45,100,100,100,100,100,300,400,200,300,300,400,100,100,100,100,100,100,200,200,300,300,300,400,100,100,100,100,100,200,200,200,200,200,200,200,300,300,300,300,300,300,300,300,300,400,400,400,400,400,400,400
09:46,9,46,100,100,100,100,100,300,400,200,300,300,400,100,100,100,100,100,100,200,200,300,300,300,400,100,100,100,100,100,200,200,200,200,200,200,200,300,300,300,300,300,300,300,300,300,400,400,400,400,400,400,400
09:47,9,47,100,100,100,100,100,300,400,200,300,300,400,100,100,100,100,100,100,200,200,300,300,300,400,100,100,100,100,100,200,200,200,200,200,200,200,300,300,300,300,300,300,300,300,300,400,400,400,400,400,400,400
09:48,9,48,100,100,100,100,100,300,400,200,300,300,400,100,100,100,100,100,100,200,200,300,300,300,400,100,100,100,100,100,200,200,200,200,200,200,200,300,300,300,300,300,300,300,300,300,400,400,400,400,400,400,400
09:49,9,49,100,100,100,100,100,300,400,200,300,300,400,100,100,100,100,100,100,200,200,300,300,300,400,100,100,100,100,100,200,200,200,200,200,200,200,300,300,300,300,300,300,300,300,300,400,400,400,400,400,400,400
09:50,9,50,100,100,100,100,100,300,400,200,300,300,400,100,100,100,100,100,100,200,200,300,300,300,400,100,100,100,100,100,200,200,200,200,200,200,200,300,300,300,300,300,300,300,300,300,400,400,400,400,400,400,400
09:51,9,51,100,100,100,100,100,300,400,200,300,300,400,100,100,100,100,100,100,200,200,300,300,300,400,100,100,100,100,100,200,200,200,200,200,200,200,300,300,300,300,300,300,300,300,300,400,400,400,400,400,400,400
09:52,9,52,100,100,100,100,100,300,400,200,300,300,400,100,100,100,100,100,100,200,200,300,300,300,400,100,100,100,100,100,200,200,200,200,200,200,200,300,300,300,300,300,300,300,300,300,400,400,400,400,400,400,400
09:53,9,53,100,100,100,100,100,300,400,200,300,300,400,100,100,100,100,100,100,200,200,300,300,300,400,100,100,100,100,100,200,200,200,200,200,200,200,300,300,300,300,300,300,300,300,300,400,400,400,400,400,400,400
09:54,9,54,100,100,100,100,100,300,400,200,300,300,400,100,100,100,100,100,100,200,200,300,300,300,400,100,100,100,100,100,200,200,200,200,200,200,200,300,300,300,300,300,300,300,300,300,400,400,400,400,400,400,400
09:55,9,55,100,100,100,100,100,300,400,200,300,300,400,100,100,100,100,100,100,200,200,300,300,300,400,100,100,100,100,100,200,200,200,200,200,200,200,300,300,300,300,300,300,300,300,300,400,400,400,400,400,400,400
09:56,9,56,100,100,100,100,100,300,400,200,300,300,400,100,100,100,100,100,100,200,200,300,300,300,400,100,100,100,100,100,200,200,200,200,200,200,200,300,300,300,300,300,300,300,300,300,400,400,400,400,400,400,400
09:57,9,57,100,100,100,100,100,300,400,200,300,300,400,100,100,100,100,100,100,200,200,300,300,300,400,100,100,100,100,100,200,200,200,200,200,200,200,300,300,300,300,300,300,300,300,300,400,400,400,400,400,400,400
09:58,9,58,100,100,100,100,100,300,400,200,300,300,400,100,100,100,100,100,100,200,200,300,300,300,400,100,100,100,100,100,200,200,200,200,200,200,200,300,300,300,300,300,300,300,300,300,400,400,400,400,400,400,400
09:59,9,59,100,100,100,100,100,300,400,200,300,300,400,100,100,100,100,100,100,200,200,300,300,300,400,100,100,100,100,100,200,200,200,200,200,200,200,300,300,300,300,300,300,300,300,300,400,400,400,400,400,400,400
10:00,10,0,100,100,100,100,100,300,400,200,300,300,400,100,100,100,100,100,100,200,200,300,300,300,400,100,100,100,100,100,200,200,200,200,200,200,200,300,300,300,300,300,300,300,300,300,400,400,400,400,400,400,400
10:01,10,1,100,100,100,100,100,300,400,200,300,300,400,100,100,100,100,100,100,200,200,300,300,300,400,100,100,100,100,100,200,200,200,200,200,200,200,300,300,300,300,300,300,300,300,300,400,400,400,400,400,400,400
10:02,10,2,100,100,100,100,100,300,400,200,300,300,400,100,100,100,100,100,100,200,200,300,300,300,400,100,100,100,100,100,200,200,200,200,200,200,200,300,300,300,300,300,300,300,300,300,400,400,400,400,400,400,400
10:03,10,3,100,100,100,100,100,300,400,200,300,300,400,100,100,100,100,100,100,200,200,300,300,300,400,100,100,100,100,100,200,200,200,200,200,200,200,300,300,300,300,300,300,300,300,300,400,400,400,400,400,400,400
10:04,10,4,100,100,100,100,100,300,400,200,300,300,400,100,100,100,100,100,100,200,200,300,300,300,400,100,100,100,100,100,200,200,200,200,200,200,200,300,300,300,300,300,300,300,300,300,400,400,400,400,400,400,400
10:05,10,5,100,100,100,100,100,300,400,200,300,300,400,100,100,100,100,100,100,200,200,300,300,300,400,100,100,100,100,100,200,200,200,200,200,200,200,300,300,300,300,300,300,300,300,300,400,400,400,400,400,400,400
10:06,10,6,100,100,100,100,100,300,400,200,300,300,400,100,100,100,100,100,100,200,200,300,300,300,400,100,100,100,100,100,200,200,200,200,200,200,200,300,300,300,300,300,300,300,300,300,400,400,400,400,400,400,400
10:07,10,7,100,100,100,100,100,300,400,200,300,300,400,100,100,100,100,100,100,200,200,300,300,300,400,100,100,100,100,100,200,200,200,200,200,200,200,300,300,300,300,300,300,300,300,300,400,400,400,400,400,400,400
10:08,10,8,100,100,100,100,100,300,400,200,300,300,400,100,100,100,100,100,100,200,200,300,300,300,400,100,100,100,100,100,200,200,200,200,200,200,200,300,300,300,300,300,300,300,300,300,400,400,400,400,400,400,400
10:09,10,9,100,100,100,100,100,300,400,200,300,300,400,100,100,100,100,100,100,200,200,300,300,300,400,100,100,100,100,100,200,200,200,200,200,200,200,300,300,300,300,300,300,300,300,300,400,400,400,400,400,400,400
10:10,10,10,100,100,100,100,100,300,400,200,300,300,400,100,100,100,100,100,100,200,200,300,300,300,400,100,100,100,100,100,200,200,200,200,200,200,200,300,300,300,300,300,300,300,300,300,400,400,400,400,400,400,400
10:11,10,11,100,100,100,100,100,300,400,200,300,300,400,100,100,100,100,100,100,200,200,300,300,300,400,100,100,100,100,100,200,200,200,200,200,200,200,300,300,300,300,300,300,300,300,300,400,400,400,400,400,400,400
10:12,10,12,100,100,100,100,100,300,400,200,300,300,400,100,100,100,100,100,100,200,200,300,300,300,400,100,100,100,100,100,200,200,200,200,200,200,200,300,300,300,300,300,300,300,300,300,400,400,400,400,400,400,400
10:13,10,13,100,100,100,100,100,300,400,200,300,300,400,100,100,100,100,100,100,200,200,300,300,300,400,100,100,100,100,100,200,200,200,200,200,200,200,300,300,300,300,300,300,300,300,300,400,400,400,400,400,400,400
10:14,10,14,100,100,100,100,100,300,400,200,300,300,400,100,100,100,100,100,100,200,200,300,300,300,400,100,100,100,100,100,200,200,200,200,200,200,200,300,300,300,300,300,300,300,300,300,400,400,400,400,400,400,400
10:15,10,15,100,100,100,100,100,300,400,200,300,300,400,100,100,100,100,100,100,200,200,300,300,300,400,100,100,100,100,100,200,200,200,200,200,200,200,300,300,300,300,300,300,300,300,300,400,400,400,400,400,400,400
10:16,10,16,100,100,100,100,100,300,400,200,300,300,400,100,100,100,100,100,100,200,200,300,300,300,400,100,100,100,100,100,200,200,200,200,200,200,200,300,300,300,300,300,300,300,300,300,400,400,400,400,400,400,400
10:17,10,17,100,100,100,100,100,300,400,200,300,300,400,100,100,100,100,100,100,200,200,300,300,300,400,100,100,100,100,100,200,200,200,200,200,200,200,300,300,300,300,300,300,300,300,300,400,400,400,400,400,400,400
10:18,10,18,100,100,100,100,100,300,400,200,300,300,400,100,100,100,100,100,100,200,200,300,300,300,400,100,100,100,100,100,200,200,200,200,200,200,200,300,300,300,300,300,300,300,300,300,400,400,400,400,400,400,400
10:19,10,19,100,100,100,100,100,300,400,200,300,300,400,100,100,100,100,100,100,200,200,300,300,300,400,100,100,100,100,100,200,200,200,200,200,200,200,300,300,300,300,300,300,300,300,300,400,400,400,400,400,400,400
10:20,10,20,100,100,100,100,100,300,400,200,300,300,400,100,100,100,100,100,100,200,200,300,300,300,400,100,100,100,100,100,200,200,200,200,200,200,200,300,300,300,300,300,300,300,300,300,400,400,400,400,400,400,400
10:21,10,21,100,100,100,100,100,300,400,200,300,300,400,100,100,100,100,100,100,200,200,300,300,300,400,100,100,100,100,100,200,200,200,200,200,200,200,300,300,300,300,300,300,300,300,300,400,400,400,400,400,400,400
10:22,10,22,100,100,100,100,100,300,400,200,300,300,400,100,100,100,100,100,100,200,200,300,300,300,400,100,100,100,100,100,200,200,200,200,200,200,200,300,300,300,300,300,300,300,300,300,400,400,400,400,400,400,400
10:23,10,23,100,100,100,100,100,300,400,200,300,300,400,100,100,100,100,100,100,200,200,300,300,300,400,100,100,100,100,100,200,200,200,200,200,200,200,300,300,300,300,300,300,300,300,300,400,400,400,400,400,400,400
10:24,10,24,100,100,100,100,100,300,400,200,300,300,400,100,100,100,100,100,100,200,200,300,300,300,400,100,100,100,100,100,200,200,200,200,200,200,200,300,300,300,300,300,300,300,300,300,400,400,400,400,400,400,400
10:25,10,25,100,100,100,100,100,300,400,200,300,300,400,100,100,100,100,100,100,200,200,300,300,300,400,100,100,100,100,100,200,200,200,200,200,200,200,300,300,300,300,300,300,300,300,300,400,400,400,400,400,400,400
10:26,10,26,100,100,100,100,100,300,400,200,300,300,400,100,100,100,100,100,100,200,200,300,300,300,400,100,100,100,100,100,200,200,200,200,200,200,200,300,300,300,300,300,300,300,300,300,400,400,400,400,400,400,400
10:27,10,27,100,100,100,100,100,300,400,200,300,300,400,100,100,100,100,100,100,200,200,300,300,300,400,100,100,100,100,100,200,200,200,200,200,200,200,300,300,300,300,300,300,300,300,300,400,400,400,400,400,400,400
10:28,10,28,100,100,100,100,100,300,400,200,300,300,400,100,100,100,100,100,100,200,200,300,300,300,400,100,100,100,100,100,200,200,200,200,200,200,200,300,300,300,300,300,300,300,300,300,400,400,400,400,400,400,400
10:29,10,29,100,100,100,100,100,300,400,200,300,300,400,100,100,100,100,100,100,200,200,300,300,300,400,100,100,100,100,100,200,200,200,200,200,200,200,300,300,300,300,300,300,300,300,300,400,400,400,400,400,400,400
10:30,10,30,100,100,100,100,100,300,400,200,300,300,400,100,100,100,100,100,100,200,200,300,300,300,400,100,100,100,100,100,200,200,200,200,200,200,200,300,300,300,300,300,300,300,300,300,400,400,400,400,400,400,400
10:31,10,31,100,100,100,100,100,300,400,200,300,300,400,100,100,100,100,100,100,200,200,300,300,300,400,100,100,100,100,100,200,200,200,200,200,200,200,300,300,300,300,300,300,300,300,300,400,400,400,400,400,400,400
10:32,10,32,100,100,100,100,100,300,400,200,300,300,400,100,100,100,100,100,100,200,200,300,300,300,400,100,100,100,100,100,200,200,200,200,200,200,200,300,300,300,300,300,300,300,300,300,400,400,400,400,400,400,400
10:33,10,33,100,100,100,100,100,300,400,200,300,300,400,100,100,100,100,100,100,200,200,300,300,300,400,100,100,100,100,100,200,200,200,200,200,200,200,300,300,300,300,300,300,300,300,300,400,400,400,400,400,400,400
10:34,10,34,100,100,100,100,100,300,400,200,300,300,400,100,100,100,100,100,100,200,200,300,300,300,400,100,100,100,100,100,200,200,200,200,200,200,200,300,300,300,300,300,300,300,300,300,400,400,400,400,400,400,400
10:35,10,35,100,100,100,100,100,300,400,200,300,300,400,100,100,100,100,100,100,200,200,300,300,300,400,100,100,100,100,100,200,200,200,200,200,200,200,300,300,300,300,300,300,300,300,300,400,400,400,400,400,400,400
10:36,10,36,100,100,100,100,100,300,400,200,300,300,400,100,100,100,100,100,100,200,200,300,300,300,400,100,100,100,100,100,200,200,200,200,200,200,200,300,300,300,300,300,300,300,300,300,400,400,400,400,400,400,400
10:37,10,37,100,100,100,100,100,300,400,200,300,300,400,100,100,100,100,100,100,200,200,300,300,300,400,100,100,100,100,100,200,200,200,200,200,200,200,300,300,300,300,300,300,300,300,300,400,400,400,400,400,400,400
10:38,10,38,100,100,100,100,100,300,400,200,300,300,400,100,100,100,100,100,100,200,200,300,300,300,400,100,100,100,100,100,200,200,200,200,200,200,200,300,300,300,300,300,300,300,300,300,400,400,400,400,400,400,400
10:39,10,39,100,100,100,100,100,300,400,200,300,300,400,100,100,100,100,100,100,200,200,300,300,300,400,100,100,100,100,100,200,200,200,200,200,200,200,300,300,300,300,300,300,300,300,300,400,400,400,400,400,400,400
10:40,10,40,100,100,100,100,100,300,400,200,300,300,400,100,100,100,100,100,100,200,200,300,300,300,400,100,100,100,100,100,200,200,200,200,200,200,200,300,300,300,300,300,300,300,300,300,400,400,400,400,400,400,400
10:41,10,41,100,100,100,100,100,300,400,200,300,300,400,100,100,100,100,100,100,200,200,300,300,300,400,100,100,100,100,100,200,200,200,200,200,200,200,300,300,300,300,300,300,300,300,300,400,400,400,400,400,400,400
10:42,10,42,100,100,100,100,100,300,400,200,300,300,400,100,100,100,100,100,100,200,200,300,300,300,400,100,100,100,100,100,200,200,200,200,200,200,200,300,300,300,300,300,300,300,300,300,400,400,400,400,400,400,400
10:43,10,43,100,100,100,100,100,300,400,200,300,300,400,100,100,100,100,100,100,200,200,300,300,300,400,100,100,100,100,100,200,200,200,200,200,200,200,300,300,300,300,300,300,300,300,300,400,400,400,400,400,400,400
10:44,10,44,100,100,100,100,100,300,400,200,300,300,400,100,100,100,100,100,100,200,200,300,300,300,400,100,100,100,100,100,200,200,200,200,200,200,200,300,300,300,300,300,300,300,300,300,400,400,400,400,400,400,400
10:45,10,45,100,100,100,100,100,300,400,200,300,300,400,100,100,100,100,100,100,200,200,300,300,300,400,100,100,100,100,100,200,200,200,200,200,200,200,300,300,300,300,300,300,300,300,300,400,400,400,400,400,400,400
10:46,10,46,100,100,100,100,100,300,400,200,300,300,400,100,100,100,100,100,100,200,200,300,300,300,400,100,100,100,100,100,200,200,200,200,200,200,200,300,300,300,300,300,300,300,300,300,400,400,400,400,400,400,400
10:47,10,47,100,100,100,100,100,300,400,200,300,300,400,100,100,100,100,100,100,200,200,300,300,300,400,100,100,100,100,100,200,200,200,200,200,200,200,300,300,300,300,300,300,300,300,300,400,400,400,400,400,400,400
10:48,10,48,100,100,100,100,100,300,400,200,300,300,400,100,100,100,100,100,100,200,200,300,300,300,400,100,100,100,100,100,200,200,200,200,200,200,200,300,300,300,300,300,300,300,300,300,400,400,400,400,400,400,400
10:49,10,49,100,100,100,100,100,300,400,200,300,300,400,100,100,100,100,100,100,200,200,300,300,300,400,100,100,100,100,100,200,200,200,200,200,200,200,300,300,300,300,300,300,300,300,300,400,400,400,400,400,400,400
10:50,10,50,100,100,100,100,100,300,400,200,300,300,400,100,100,100,100,100,100,200,200,300,300,300,400,100,100,100,100,100,200,200,200,200,200,200,200,300,300,300,300,300,300,300,300,300,400,400,400,400,400,400,400
10:51,10,51,100,100,100,100,100,300,400,200,300,300,400,100,100,100,100,100,100,200,200,300,300,300,400,100,100,100,100,100,200,200,200,200,200,200,200,300,300,300,300,300,300,300,300,300,400,400,400,400,400,400,400
10:52,10,52,100,100,100,100,100,300,400,200,300,300,400,100,100,100,100,100,100,200,200,300,300,300,400,100,100,100,100,100,200,200,200,200,200,200,200,300,300,300,300,300,300,300,300,300,400,400,400,400,400,400,400
10:53,10,53,100,100,100,100,100,300,400,200,300,300,400,100,100,100,100,100,100,200,200,300,300,300,400,100,100,100,100,100,200,200,200,200,200,200,200,300,300,300,300,300,300,300,300,300,400,400,400,400,400,400,400
10:54,10,54,100,100,100,100,100,300,400,200,300,300,400,100,100,100,100,100,100,200,200,300,300,300,400,100,100,100,100,100,200,200,200,200,200,200,200,300,300,300,300,300,300,300,300,300,400,400,400,400,400,400,400
10:55,10,55,100,100,100,100,100,300,400,200,300,300,400,100,100,100,100,100,100,200,200,300,300,300,400,100,100,100,100,100,200,200,200,200,200,200,200,300,300,300,300,300,300,300,300,300,400,400,400,400,400,400,400
10:56,10,56,100,100,100,100,100,300,400,200,300,300,400,100,100,100,100,100,100,200,200,300,300,300,400,100,100,100,100,100,200,200,200,200,200,200,200,300,300,300,300,300,300,300,300,300,400,400,400,400,400,400,400
10:57,10,57,100,100,100,100,100,300,400,200,300,300,400,100,100,100,100,100,100,200,200,300,300,300,400,100,100,100,100,100,200,200,200,200,200,200,200,300,300,300,300,300,300,300,300,300,400,400,400,400,400,400,400
10:58,10,58,100,100,100,100,100,300,400,200,300,300,400,100,100,100,100,100,100,200,200,300,300,300,400,100,100,100,100,100,200,200,200,200,200,200,200,300,300,300,300,300,300,300,300,300,400,400,400,400,400,400,400
10:59,10,59,100,100,100,100,100,300,400,200,300,300,400,100,100,100,100,100,100,200,200,300,300,300,400,100,100,100,100,100,200,200,200,200,200,200,200,300,300,300,300,300,300,300,300,300,400,400,400,400,400,400,400
11:00,11,0,100,100,100,100,100,300,400,200,300,300,400,100,100,100,100,100,100,200,200,300,300,300,400,100,100,100,100,100,200,200,200,200,200,200,200,300,300,300,300,300,300,300,300,300,400,400,400,400,400,400,400
11:01,11,1,100,100,100,100,100,300,400,200,300,300,400,100,100,100,100,100,100,200,200,300,300,300,400,100,100,100,100,100,200,200,200,200,200,200,200,300,300,300,300,300,300,300,300,300,400,400,400,400,400,400,400
11:02,11,2,100,100,100,100,100,300,400,200,300,300,400,100,100,100,100,100,100,200,200,300,300,300,400,100,100,100,100,100,200,200,200,200,200,200,200,300,300,300,300,300,300,300,300,300,400,400,400,400,400,400,400
11:03,11,3,100,100,100,100,100,300,400,200,300,300,400,100,100,100,100,100,100,200,200,300,300,300,400,100,100,100,100,100,200,200,200,200,200,200,200,300,300,300,300,300,300,300,300,300,400,400,400,400,400,400,400
11:04,11,4,100,100,100,100,100,300,400,200,300,300,400,100,100,100,100,100,100,200,200,300,300,300,400,100,100,100,100,100,200,200,200,200,200,200,200,300,300,300,300,300,300,300,300,300,400,400,400,400,400,400,400
11:05,11,5,100,100,100,100,100,300,400,200,300,300,400,100,100,100,100,100,100,200,200,300,300,300,400,100,100,100,100,100,200,200,200,200,200,200,200,300,300,300,300,300,300,300,300,300,400,400,400,400,400,400,400
11:06,11,6,100,100,100,100,100,300,400,200,300,300,400,100,100,100,100,100,100,200,200,300,300,300,400,100,100,100,100,100,200,200,200,200,200,200,200,300,300,300,300,300,300,300,300,300,400,400,400,400,400,400,400
11:07,11,7,100,100,100,100,100,300,400,200,300,300,400,100,100,100,100,100,100,200,200,300,300,300,400,100,100,100,100,100,200,200,200,200,200,200,200,300,300,300,300,300,300,300,300,300,400,400,400,400,400,400,400
11:08,11,8,100,100,100,100,100,300,400,200,300,300,400,100,100,100,100,100,100,200,200,300,300,300,400,100,100,100,100,100,200,200,200,200,200,200,200,300,300,300,300,300,300,300,300,300,400,400,400,400,400,400,400
11:09,11,9,100,100,100,100,100,300,400,200,300,300,400,100,100,100,100,100,100,200,200,300,300,300,400,100,100,100,100,100,200,200,200,200,200,200,200,300,300,300,300,300,300,300,300,300,400,400,400,400,400,400,400
11:10,11,10,100,100,100,100,100,300,400,200,300,300,400,100,100,100,100,100,100,200,200,300,300,300,400,100,100,100,100,100,200,200,200,200,200,200,200,300,300,300,300,300,300,300,300,300,400,400,400,400,400,400,400
11:11,11,11,100,100,100,100,100,300,400,200,300,300,400,100,100,100,100,100,100,200,200,300,300,300,400,100,100,100,100,100,200,200,200,200,200,200,200,300,300,300,300,300,300,300,300,300,400,400,400,400,400,400,400
11:12,11,12,100,100,100,100,100,300,400,200,300,300,400,100,100,100,100,100,100,200,200,300,300,300,400,100,100,100,100,100,200,200,200,200,200,200,200,300,300,300,300,300,300,300,300,300,400,400,400,400,400,400,400
11:13,11,13,100,100,100,100,100,300,400,200,300,300,400,100,100,100,100,100,100,200,200,300,300,300,400,100,100,100,100,100,200,200,200,200,200,200,200,300,300,300,300,300,300,300,300,300,400,400,400,400,400,400,400
11:14,11,14,100,100,100,100,100,300,400,200,300,300,400,100,100,100,100,100,100,200,200,300,300,300,400,100,100,100,100,100,200,200,200,200,200,200,200,300,300,300,300,300,300,300,300,300,400,400,400,400,400,400,400
11:15,11,15,100,100,100,100,100,300,400,200,300,300,400,100,100,100,100,100,100,200,200,300,300,300,400,100,100,100,100,100,200,200,200,200,200,200,200,300,300,300,300,300,300,300,300,300,400,400,400,400,400,400,400
11:16,11,16,100,100,100,100,100,300,400,200,300,300,400,100,100,100,100,100,100,200,200,300,300,300,400,100,100,100,100,100,200,200,200,200,200,200,200,300,300,300,300,300,300,300,300,300,400,400,400,400,400,400,400
11:17,11,17,100,100,100,100,100,300,400,200,300,300,400,100,100,100,100,100,100,200,200,300,300,300,400,100,100,100,100,100,200,200,200,200,200,200,200,300,300,300,300,300,300,300,300,300,400,400,400,400,400,400,400
11:18,11,18,100,100,100,100,100,300,400,200,300,300,400,100,100,100,100,100,100,200,200,300,300,300,400,100,100,100,100,100,200,200,200,200,200,200,200,300,300,300,300,300,300,300,300,300,400,400,400,400,400,400,400
11:19,11,19,100,100,100,100,100,300,400,200,300,300,400,100,100,100,100,100,100,200,200,300,300,300,400,100,100,100,100,100,200,200,200,200,200,200,200,300,300,300,300,300,300,300,300,300,400,400,400,400,400,400,400
11:20,11,20,100,100,100,100,100,300,400,200,300,300,400,100,100,100,100,100,100,200,200,300,300,300,400,100,100,100,100,100,200,200,200,200,200,200,200,300,300,300,300,300,300,300,300,300,400,400,400,400,400,400,400
11:21,11,21,100,100,100,100,100,300,400,200,300,300,400,100,100,100,100,100,100,200,200,300,300,300,400,100,100,100,100,100,200,200,200,200,200,200,200,300,300,300,300,300,300,300,300,300,400,400,400,400,400,400,400
11:22,11,22,100,100,100,100,100,300,400,200,300,300,400,100,100,100,100,100,100,200,200,300,300,300,400,100,100,100,100,100,200,200,200,200,200,200,200,300,300,300,300,300,300,300,300,300,400,400,400,400,400,400,400
11:23,11,23,100,100,100,100,100,300,400,200,300,300,400,100,100,100,100,100,100,200,200,300,300,300,400,100,100,100,100,100,200,200,200,200,200,200,200,300,300,300,300,300,300,300,300,300,400,400,400,400,400,400,400
11:24,11,24,100,100,100,100,100,300,400,200,300,300,400,100,100,100,100,100,100,200,200,300,300,300,400,100,100,100,100,100,200,200,200,200,200,200,200,300,300,300,300,300,300,300,300,300,400,400,400,400,400,400,400
11:25,11,25,100,100,100,100,100,300,400,200,300,300,400,100,100,100,100,100,100,200,200,300,300,300,400,100,100,100,100,100,200,200,200,200,200,200,200,300,300,300,300,300,300,300,300,300,400,400,400,400,400,400,400
11:26,11,26,100,100,100,100,100,300,400,200,300,300,400,100,100,100,100,100,100,200,200,300,300,300,400,100,100,100,100,100,200,200,200,200,200,200,200,300,300,300,300,300,300,300,300,300,400,400,400,400,400,400,400
11:27,11,27,100,100,100,100,100,300,400,200,300,300,400,100,100,100,100,100,100,200,200,300,300,300,400,100,100,100,100,100,200,200,200,200,200,200,200,300,300,300,300,300,300,300,300,300,400,400,400,400,400,400,400
11:28,11,28,100,100,100,100,100,300,400,200,300,300,400,100,100,100,100,100,100,200,200,300,300,300,400,100,100,100,100,100,200,200,200,200,200,200,200,300,300,300,300,300,300,300,300,300,400,400,400,400,400,400,400
11:29,11,29,100,100,100,100,100,300,400,200,300,300,400,100,100,100,100,100,100,200,200,300,300,300,400,100,100,100,100,100,200,200,200,200,200,200,200,300,300,300,300,300,300,300,300,300,400,400,400,400,400,400,400
11:30,11,30,100,100,100,100,100,300,400,200,300,300,400,100,100,100,100,100,100,200,200,300,300,300,400,100,100,100,100,100,200,200,200,200,200,200,200,300,300,300,300,300,300,300,300,300,400,400,400,400,400,400,400
11:31,11,31,100,100,100,100,100,300,400,200,300,300,400,100,100,100,100,100,100,200,200,300,300,300,400,100,100,100,100,100,200,200,200,200,200,200,200,300,300,300,300,300,300,300,300,300,400,400,400,400,400,400,400
11:32,11,32,100,100,100,100,100,300,400,200,300,300,400,100,100,100,100,100,100,200,200,300,300,300,400,100,100,100,100,100,200,200,200,200,200,200,200,300,300,300,300,300,300,300,300,300,400,400,400,400,400,400,400
11:33,11,33,100,100,100,100,100,300,400,200,300,300,400,100,100,100,100,100,100,200,200,300,300,300,400,100,100,100,100,100,200,200,200,200,200,200,200,300,300,300,300,300,300,300,300,300,400,400,400,400,400,400,400
11:34,11,34,100,100,100,100,100,300,400,200,300,300,400,100,100,100,100,100,100,200,200,300,300,300,400,100,100,100,100,100,200,200,200,200,200,200,200,300,300,300,300,300,300,300,300,300,400,400,400,400,400,400,400
11:35,11,35,100,100,100,100,100,300,400,200,300,300,400,100,100,100,100,100,100,200,200,300,300,300,400,100,100,100,100,100,200,200,200,200,200,200,200,300,300,300,300,300,300,300,300,300,400,400,400,400,400,400,400
11:36,11,36,100,100,100,100,100,300,400,200,300,300,400,100,100,100,100,100,100,200,200,300,300,300,400,100,100,100,100,100,200,200,200,200,200,200,200,300,300,300,300,300,300,300,300,300,400,400,400,400,400,400,400
11:37,11,37,100,100,100,100,100,300,400,200,300,300,400,100,100,100,100,100,100,200,200,300,300,300,400,100,100,100,100,100,200,200,200,200,200,200,200,300,300,300,300,300,300,300,300,300,400,400,400,400,400,400,400
11:38,11,38,100,100,100,100,100,300,400,200,300,300,400,100,100,100,100,100,100,200,200,300,300,300,400,100,100,100,100,100,200,200,200,200,200,200,200,300,300,300,300,300,300,300,300,300,400,400,400,400,400,400,400
11:39,11,39,100,100,100,100,100,300,400,200,300,300,400,100,100,100,100,100,100,200,200,300,300,300,400,100,100,100,100,100,200,200,200,200,200,200,200,300,300,300,300,300,300,300,300,300,400,400,400,400,400,400,400
11:40,11,40,100,100,100,100,100,300,400,200,300,300,400,100,100,100,100,100,100,200,200,300,300,300,400,100,100,100,100,100,200,200,200,200,200,200,200,300,300,300,300,300,300,300,300,300,400,400,400,400,400,400,400
11:41,11,41,100,100,100,100,100,300,400,200,300,300,400,100,100,100,100,100,100,200,200,300,300,300,400,100,100,100,100,100,200,200,200,200,200,200,200,300,300,300,300,300,300,300,300,300,400,400,400,400,400,400,400
11:42,11,42,100,100,100,100,100,300,400,200,300,300,400,100,100,100,100,100,100,200,200,300,300,300,400,100,100,100,100,100,200,200,200,200,200,200,200,300,300,300,300,300,300,300,300,300,400,400,400,400,400,400,400
11:43,11,43,100,100,100,100,100,300,400,200,300,300,400,100,100,100,100,100,100,200,200,300,300,300,400,100,100,100,100,100,200,200,200,200,200,200,200,300,300,300,300,300,300,300,300,300,400,400,400,400,400,400,400
11:44,11,44,100,100,100,100,100,300,400,200,300,300,400,100,100,100,100,100,100,200,200,300,300,300,400,100,100,100,100,100,200,200,200,200,200,200,200,300,300,300,300,300,300,300,300,300,400,400,400,400,400,400,400
11:45,11,45,100,100,100,100,100,300,400,200,300,300,400,100,100,100,100,100,100,200,200,300,300,300,400,100,100,100,100,100,200,200,200,200,200,200,200,300,300,300,300,300,300,300,300,300,400,400,400,400,400,400,400
11:46,11,46,100,100,100,100,100,300,400,200,300,300,400,100,100,100,100,100,100,200,200,300,300,300,400,100,100,100,100,100,200,200,200,200,200,200,200,300,300,300,300,300,300,300,300,300,400,400,400,400,400,400,400
11:47,11,47,100,100,100,100,100,300,400,200,300,300,400,100,100,100,100,100,100,200,200,300,300,300,400,100,100,100,100,100,200,200,200,200,200,200,200,300,300,300,300,300,300,300,300,300,400,400,400,400,400,400,400
11:48,11,48,100,100,100,100,100,300,400,200,300,300,400,100,100,100,100,100,100,200,200,300,300,300,400,100,100,100,100,100,200,200,200,200,200,200,200,300,300,300,300,300,300,300,300,300,400,400,400,400,400,400,400
11:49,11,49,100,100,100,100,100,300,400,200,300,300,400,100,100,100,100,100,100,200,200,300,300,300,400,100,100,100,100,100,200,200,200,200,200,200,200,300,300,300,300,300,300,300,300,300,400,400,400,400,400,400,400
11:50,11,50,100,100,100,100,100,300,400,200,300,300,400,100,100,100,100,100,100,200,200,300,300,300,400,100,100,100,100,100,200,200,200,200,200,200,200,300,300,300,300,300,300,300,300,300,400,400,400,400,400,400,400
11:51,11,51,100,100,100,100,100,300,400,200,300,300,400,100,100,100,100,100,100,200,200,300,300,300,400,100,100,100,100,100,200,200,200,200,200,200,200,300,300,300,300,300,300,300,300,300,400,400,400,400,400,400,400
11:52,11,52,100,100,100,100,100,300,400,200,300,300,400,100,100,100,100,100,100,200,200,300,300,300,400,100,100,100,100,100,200,200,200,200,200,200,200,300,300,300,300,300,300,300,300,300,400,400,400,400,400,400,400
11:53,11,53,100,100,100,100,100,300,400,200,300,300,400,100,100,100,100,100,100,200,200,300,300,300,400,100,100,100,100,100,200,200,200,200,200,200,200,300,300,300,300,300,300,300,300,300,400,400,400,400,400,400,400
11:54,11,54,100,100,100,100,100,300,400,200,300,300,400,100,100,100,100,100,100,200,200,300,300,300,400,100,100,100,100,100,200,200,200,200,200,200,200,300,300,300,300,300,300,300,300,300,400,400,400,400,400,400,400
11:55,11,55,100,100,100,100,100,300,400,200,300,300,400,100,100,100,100,100,100,200,200,300,300,300,400,100,100,100,100,100,200,200,200,200,200,200,200,300,300,300,300,300,300,300,300,300,400,400,400,400,400,400,400
11:56,11,56,100,100,100,100,100,300,400,200,300,300,400,100,100,100,100,100,100,200,200,300,300,300,400,100,100,100,100,100,200,200,200,200,200,200,200,300,300,300,300,300,300,300,300,300,400,400,400,400,400,400,400
11:57,11,57,100,100,100,100,100,300,400,200,300,300,400,100,100,100,100,100,100,200,200,300,300,300,400,100,100,100,100,100,200,200,200,200,200,200,200,300,300,300,300,300,300,300,300,300,400,400,400,400,400,400,400
11:58,11,58,100,100,100,100,100,300,400,200,300,300,400,100,100,100,100,100,100,200,200,300,300,300,400,100,100,100,100,100,200,200,200,200,200,200,200,300,300,300,300,300,300,300,300,300,400,400,400,400,400,400,400
11:59,11,59,100,100,100,100,100,300,400,200,300,300,400,100,100,100,100,100,100,200,200,300,300,300,400,100,100,100,100,100,200,200,200,200,200,200,200,300,300,300,300,300,300,300,300,300,400,400,400,400,400,400,400
12:00,12,0,100,100,100,100,100,300,400,200,300,300,400,100,100,100,100,100,100,200,200,300,300,300,400,100,100,100,100,100,200,200,200,200,200,200,200,300,300,300,300,300,300,300,300,300,400,400,400,400,400,400,400
12:01,12,1,100,100,100,100,100,300,400,200,300,300,400,100,100,100,100,100,100,200,200,300,300,300,400,100,100,100,100,100,200,200,200,200,200,200,200,300,300,300,300,300,300,300,300,300,400,400,400,400,400,400,400
12:02,12,2,100,100,100,100,100,300,400,200,300,300,400,100,100,100,100,100,100,200,200,300,300,300,400,100,100,100,100,100,200,200,200,200,200,200,200,300,300,300,300,300,300,300,300,300,400,400,400,400,400,400,400
12:03,12,3,100,100,100,100,100,300,400,200,300,300,400,100,100,100,100,100,100,200,200,300,300,300,400,100,100,100,100,100,200,200,200,200,200,200,200,300,300,300,300,300,300,300,300,300,400,400,400,400,400,400,400
12:04,12,4,100,100,100,100,100,300,400,200,300,300,400,100,100,100,100,100,100,200,200,300,300,300,400,100,100,100,100,100,200,200,200,200,200,200,200,300,300,300,300,300,300,300,300,300,400,400,400,400,400,400,400
12:05,12,5,100,100,100,100,100,300,400,200,300,300,400,100,100,100,100,100,100,200,200,300,300,300,400,100,100,100,100,100,200,200,200,200,200,200,200,300,300,300,300,300,300,300,300,300,400,400,400,400,400,400,400
12:06,12,6,100,100,100,100,100,300,400,200,300,300,400,100,100,100,100,100,100,200,200,300,300,300,400,100,100,100,100,100,200,200,200,200,200,200,200,300,300,300,300,300,300,300,300,300,400,400,400,400,400,400,400
12:07,12,7,100,100,100,100,100,300,400,200,300,300,400,100,100,100,100,100,100,200,200,300,300,300,400,100,100,100,100,100,200,200,200,200,200,200,200,300,300,300,300,300,300,300,300,300,400,400,400,400,400,400,400
12:08,12,8,100,100,100,100,100,300,400,200,300,300,400,100,100,100,100,100,100,200,200,300,300,300,400,100,100,100,100,100,200,200,200,200,200,200,200,300,300,300,300,300,300,300,300,300,400,400,400,400,400,400,400
12:09,12,9,100,100,100,100,100,300,400,200,300,300,400,100,100,100,100,100,100,200,200,300,300,300,400,100,100,100,100,100,200,200,200,200,200,200,200,300,300,300,300,300,300,300,300,300,400,400,400,400,400,400,400
12:10,12,10,100,100,100,100,100,300,400,200,300,300,400,100,100,100,100,100,100,200,200,300,300,300,400,100,100,100,100,100,200,200,200,200,200,200,200,300,300,300,300,300,300,300,300,300,400,400,400,400,400,400,400
12:11,12,11,100,100,100,100,100,300,400,200,300,300,400,100,100,100,100,100,100,200,200,300,300,300,400,100,100,100,100,100,200,200,200,200,200,200,200,300,300,300,300,300,300,300,300,300,400,400,400,400,400,400,400
12:12,12,12,100,100,100,100,100,300,400,200,300,300,400,100,100,100,100,100,100,200,200,300,300,300,400,100,100,100,100,100,200,200,200,200,200,200,200,300,300,300,300,300,300,300,300,300,400,400,400,400,400,400,400
12:13,12,13,100,100,100,100,100,300,400,200,300,300,400,100,100,100,100,100,100,200,200,300,300,300,400,100,100,100,100,100,200,200,200,200,200,200,200,300,300,300,300,300,300,300,300,300,400,400,400,400,400,400,400
12:14,12,14,100,100,100,100,100,300,400,200,300,300,400,100,100,100,100,100,100,200,200,300,300,300,400,100,100,100,100,100,200,200,200,200,200,200,200,300,300,300,300,300,300,300,300,300,400,400,400,400,400,400,400
12:15,12,15,100,100,100,100,100,300,400,200,300,300,400,100,100,100,100,100,100,200,200,300,300,300,400,100,100,100,100,100,200,200,200,200,200,200,200,300,300,300,300,300,300,300,300,300,400,400,400,400,400,400,400
12:16,12,16,100,100,100,100,100,300,400,200,300,300,400,100,100,100,100,100,100,200,200,300,300,300,400,100,100,100,100,100,200,200,200,200,200,200,200,300,300,300,300,300,300,300,300,300,400,400,400,400,400,400,400
12:17,12,17,100,100,100,100,100,300,400,200,300,300,400,100,100,100,100,100,100,200,200,300,300,300,400,100,100,100,100,100,200,200,200,200,200,200,200,300,300,300,300,300,300,300,300,300,400,400,400,400,400,400,400
12:18,12,18,100,100,100,100,100,300,400,200,300,300,400,100,100,100,100,100,100,200,200,300,300,300,400,100,100,100,100,100,200,200,200,200,200,200,200,300,300,300,300,300,300,300,300,300,400,400,400,400,400,400,400
12:19,12,19,100,100,100,100,100,300,400,200,300,300,400,100,100,100,100,100,100,200,200,300,300,300,400,100,100,100,100,100,200,200,200,200,200,200,200,300,300,300,300,300,300,300,300,300,400,400,400,400,400,400,400
12:20,12,20,100,100,100,100,100,300,400,200,300,300,400,100,100,100,100,100,100,200,200,300,300,300,400,100,100,100,100,100,200,200,200,200,200,200,200,300,300,300,300,300,300,300,300,300,400,400,400,400,400,400,400
12:21,12,21,100,100,100,100,100,300,400,200,300,300,400,100,100,100,100,100,100,200,200,300,300,300,400,100,100,100,100,100,200,200,200,200,200,200,200,300,300,300,300,300,300,300,300,300,400,400,400,400,400,400,400
12:22,12,22,100,100,100,100,100,300,400,200,300,300,400,100,100,100,100,100,100,200,200,300,300,300,400,100,100,100,100,100,200,200,200,200,200,200,200,300,300,300,300,300,300,300,300,300,400,400,400,400,400,400,400
12:23,12,23,100,100,100,100,100,300,400,200,300,300,400,100,100,100,100,100,100,200,200,300,300,300,400,100,100,100,100,100,200,200,200,200,200,200,200,300,300,300,300,300,300,300,300,300,400,400,400,400,400,400,400
12:24,12,24,100,100,100,100,100,300,400,200,300,300,400,100,100,100,100,100,100,200,200,300,300,300,400,100,100,100,100,100,200,200,200,200,200,200,200,300,300,300,300,300,300,300,300,300,400,400,400,400,400,400,400
12:25,12,25,100,100,100,100,100,300,400,200,300,300,400,100,100,100,100,100,100,200,200,300,300,300,400,100,100,100,100,100,200,200,200,200,200,200,200,300,300,300,300,300,300,300,300,300,400,400,400,400,400,400,400
12:26,12,26,100,100,100,100,100,300,400,200,300,300,400,100,100,100,100,100,100,200,200,300,300,300,400,100,100,100,100,100,200,200,200,200,200,200,200,300,300,300,300,300,300,300,300,300,400,400,400,400,400,400,400
12:27,12,27,100,100,100,100,100,300,400,200,300,300,400,100,100,100,100,100,100,200,200,300,300,300,400,100,100,100,100,100,200,200,200,200,200,200,200,300,300,300,300,300,300,300,300,300,400,400,400,400,400,400,400
12:28,12,28,100,100,100,100,100,300,400,200,300,300,400,100,100,100,100,100,100,200,200,300,300,300,400,100,100,100,100,100,200,200,200,200,200,200,200,300,300,300,300,300,300,300,300,300,400,400,400,400,400,400,400
12:29,12,29,100,100,100,100,100,300,400,200,300,300,400,100,100,100,100,100,100,200,200,300,300,300,400,100,100,100,100,100,200,200,200,200,200,200,200,300,300,300,300,300,300,300,300,300,400,400,400,400,400,400,400
12:30,12,30,100,100,100,100,100,300,400,200,300,300,400,100,100,100,100,100,100,200,200,300,300,300,400,100,100,100,100,100,200,200,200,200,200,200,200,300,300,300,300,300,300,300,300,300,400,400,400,400,400,400,400
12:31,12,31,100,100,100,100,100,300,400,200,300,300,400,100,100,100,100,100,100,200,200,300,300,300,400,100,100,100,100,100,200,200,200,200,200,200,200,300,300,300,300,300,300,300,300,300,400,400,400,400,400,400,400
12:32,12,32,100,100,100,100,100,300,400,200,300,300,400,100,100,100,100,100,100,200,200,300,300,300,400,100,100,100,100,100,200,200,200,200,200,200,200,300,300,300,300,300,300,300,300,300,400,400,400,400,400,400,400
12:33,12,33,100,100,100,100,100,300,400,200,300,300,400,100,100,100,100,100,100,200,200,300,300,300,400,100,100,100,100,100,200,200,200,200,200,200,200,300,300,300,300,300,300,300,300,300,400,400,400,400,400,400,400
12:34,12,34,100,100,100,100,100,300,400,200,300,300,400,100,100,100,100,100,100,200,200,300,300,300,400,100,100,100,100,100,200,200,200,200,200,200,200,300,300,300,300,300,300,300,300,300,400,400,400,400,400,400,400
12:35,12,35,100,100,100,100,100,300,400,200,300,300,400,100,100,100,100,100,100,200,200,300,300,300,400,100,100,100,100,100,200,200,200,200,200,200,200,300,300,300,300,300,300,300,300,300,400,400,400,400,400,400,400
12:36,12,36,100,100,100,100,100,300,400,200,300,300,400,100,100,100,100,100,100,200,200,300,300,300,400,100,100,100,100,100,200,200,200,200,200,200,200,300,300,300,300,300,300,300,300,300,400,400,400,400,400,400,400
12:37,12,37,100,100,100,100,100,300,400,200,300,300,400,100,100,100,100,100,100,200,200,300,300,300,400,100,100,100,100,100,200,200,200,200,200,200,200,300,300,300,300,300,300,300,300,300,400,400,400,400,400,400,400
12:38,12,38,100,100,100,100,100,300,400,200,300,300,400,100,100,100,100,100,100,200,200,300,300,300,400,100,100,100,100,100,200,200,200,200,200,200,200,300,300,300,300,300,300,300,300,300,400,400,400,400,400,400,400
12:39,12,39,100,100,100,100,100,300,400,200,300,300,400,100,100,100,100,100,100,200,200,300,300,300,400,100,100,100,100,100,200,200,200,200,200,200,200,300,300,300,300,300,300,300,300,300,400,400,400,400,400,400,400
12:40,12,40,100,100,100,100,100,300,400,200,300,300,400,100,100,100,100,100,100,200,200,300,300,300,400,100,100,100,100,100,200,200,200,200,200,200,200,300,300,300,300,300,300,300,300,300,400,400,400,400,400,400,400
12:41,12,41,100,100,100,100,100,300,400,200,300,300,400,100,100,100,100,100,100,200,200,300,300,300,400,100,100,100,100,100,200,200,200,200,200,200,200,300,300,300,300,300,300,300,300,300,400,400,400,400,400,400,400
12:42,12,42,100,100,100,100,100,300,400,200,300,300,400,100,100,100,100,100,100,200,200,300,300,300,400,100,100,100,100,100,200,200,200,200,200,200,200,300,300,300,300,300,300,300,300,300,400,400,400,400,400,400,400
12:43,12,43,100,100,100,100,100,300,400,200,300,300,400,100,100,100,100,100,100,200,200,300,300,300,400,100,100,100,100,100,200,200,200,200,200,200,200,300,300,300,300,300,300,300,300,300,400,400,400,400,400,400,400
12:44,12,44,100,100,100,100,100,300,400,200,300,300,400,100,100,100,100,100,100,200,200,300,300,300,400,100,100,100,100,100,200,200,200,200,200,200,200,300,300,300,300,300,300,300,300,300,400,400,400,400,400,400,400
12:45,12,45,100,100,100,100,100,300,400,200,300,300,400,100,100,100,100,100,100,200,200,300,300,300,400,100,100,100,100,100,200,200,200,200,200,200,200,300,300,300,300,300,300,300,300,300,400,400,400,400,400,400,400
12:46,12,46,100,100,100,100,100,300,400,200,300,300,400,100,100,100,100,100,100,200,200,300,300,300,400,100,100,100,100,100,200,200,200,200,200,200,200,300,300,300,300,300,300,300,300,300,400,400,400,400,400,400,400
12:47,12,47,100,100,100,100,100,300,400,200,300,300,400,100,100,100,100,100,100,200,200,300,300,300,400,100,100,100,100,100,200,200,200,200,200,200,200,300,300,300,300,300,300,300,300,300,400,400,400,400,400,400,400
12:48,12,48,100,100,100,100,100,300,400,200,300,300,400,100,100,100,100,100,100,200,200,300,300,300,400,100,100,100,100,100,200,200,200,200,200,200,200,300,300,300,300,300,300,300,300,300,400,400,400,400,400,400,400
12:49,12,49,100,100,100,100,100,300,400,200,300,300,400,100,100,100,100,100,100,200,200,300,300,300,400,100,100,100,100,100,200,200,200,200,200,200,200,300,300,300,300,300,300,300,300,300,400,400,400,400,400,400,400
12:50,12,50,100,100,100,100,100,300,400,200,300,300,400,100,100,100,100,100,100,200,200,300,300,300,400,100,100,100,100,100,200,200,200,200,200,200,200,300,300,300,300,300,300,300,300,300,400,400,400,400,400,400,400
12:51,12,51,100,100,100,100,100,300,400,200,300,300,400,100,100,100,100,100,100,200,200,300,300,300,400,100,100,100,100,100,200,200,200,200,200,200,200,300,300,300,300,300,300,300,300,300,400,400,400,400,400,400,400
12:52,12,52,100,100,100,100,100,300,400,200,300,300,400,100,100,100,100,100,100,200,200,300,300,300,400,100,100,100,100,100,200,200,200,200,200,200,200,300,300,300,300,300,300,300,300,300,400,400,400,400,400,400,400
12:53,12,53,100,100,100,100,100,300,400,200,300,300,400,100,100,100,100,100,100,200,200,300,300,300,400,100,100,100,100,100,200,200,200,200,200,200,200,300,300,300,300,300,300,300,300,300,400,400,400,400,400,400,400
12:54,12,54,100,100,100,100,100,300,400,200,300,300,400,100,100,100,100,100,100,200,200,300,300,300,400,100,100,100,100,100,200,200,200,200,200,200,200,300,300,300,300,300,300,300,300,300,400,400,400,400,400,400,400
12:55,12,55,100,100,100,100,100,300,400,200,300,300,400,100,100,100,100,100,100,200,200,300,300,300,400,100,100,100,100,100,200,200,200,200,200,200,200,300,300,300,300,300,300,300,300,300,400,400,400,400,400,400,400
12:56,12,56,100,100,100,100,100,300,400,200,300,300,400,100,100,100,100,100,100,200,200,300,300,300,400,100,100,100,100,100,200,200,200,200,200,200,200,300,300,300,300,300,300,300,300,300,400,400,400,400,400,400,400
12:57,12,57,100,100,100,100,100,300,400,200,300,300,400,100,100,100,100,100,100,200,200,300,300,300,400,100,100,100,100,100,200,200,200,200,200,200,200,300,300,300,300,300,300,300,300,300,400,400,400,400,400,400,400
12:58,12,58,100,100,100,100,100,300,400,200,300,300,400,100,100,100,100,100,100,200,200,300,300,300,400,100,100,100,100,100,200,200,200,200,200,200,200,300,300,300,300,300,300,300,300,300,400,400,400,400,400,400,400
12:59,12,59,100,100,100,100,100,300,400,200,300,300,400,100,100,100,100,100,100,200,200,300,300,300,400,100,100,100,100,100,200,200,200,200,200,200,200,300,300,300,300,300,300,300,300,300,400,400,400,400,400,400,400
13:00,13,0,100,100,100,100,100,300,400,200,300,300,400,100,100,100,100,100,100,200,200,300,300,300,400,100,100,100,100,100,200,200,200,200,200,200,200,300,300,300,300,300,300,300,300,300,400,400,400,400,400,400,400
13:01,13,1,100,100,100,100,100,300,400,200,300,300,400,100,100,100,100,100,100,200,200,300,300,300,400,100,100,100,100,100,200,200,200,200,200,200,200,300,300,300,300,300,300,300,300,300,400,400,400,400,400,400,400
13:02,13,2,100,100,100,100,100,300,400,200,300,300,400,100,100,100,100,100,100,200,200,300,300,300,400,100,100,100,100,100,200,200,200,200,200,200,200,300,300,300,300,300,300,300,300,300,400,400,400,400,400,400,400
13:03,13,3,100,100,100,100,100,300,400,200,300,300,400,100,100,100,100,100,100,200,200,300,300,300,400,100,100,100,100,100,200,200,200,200,200,200,200,300,300,300,300,300,300,300,300,300,400,400,400,400,400,400,400
13:04,13,4,100,100,100,100,100,300,400,200,300,300,400,100,100,100,100,100,100,200,200,300,300,300,400,100,100,100,100,100,200,200,200,200,200,200,200,300,300,300,300,300,300,300,300,300,400,400,400,400,400,400,400
13:05,13,5,100,100,100,100,100,300,400,200,300,300,400,100,100,100,100,100,100,200,200,300,300,300,400,100,100,100,100,100,200,200,200,200,200,200,200,300,300,300,300,300,300,300,300,300,400,400,400,400,400,400,400
13:06,13,6,100,100,100,100,100,300,400,200,300,300,400,100,100,100,100,100,100,200,200,300,300,300,400,100,100,100,100,100,200,200,200,200,200,200,200,300,300,300,300,300,300,300,300,300,400,400,400,400,400,400,400
13:07,13,7,100,100,100,100,100,300,400,200,300,300,400,100,100,100,100,100,100,200,200,300,300,300,400,100,100,100,100,100,200,200,200,200,200,200,200,300,300,300,300,300,300,300,300,300,400,400,400,400,400,400,400
13:08,13,8,100,100,100,100,100,300,400,200,300,300,400,100,100,100,100,100,100,200,200,300,300,300,400,100,100,100,100,100,200,200,200,200,200,200,200,300,300,300,300,300,300,300,300,300,400,400,400,400,400,400,400
13:09,13,9,100,100,100,100,100,300,400,200,300,300,400,100,100,100,100,100,100,200,200,300,300,300,400,100,100,100,100,100,200,200,200,200,200,200,200,300,300,300,300,300,300,300,300,300,400,400,400,400,400,400,400
13:10,13,10,100,100,100,100,100,300,400,200,300,300,400,100,100,100,100,100,100,200,200,300,300,300,400,100,100,100,100,100,200,200,200,200,200,200,200,300,300,300,300,300,300,300,300,300,400,400,400,400,400,400,400
13:11,13,11,100,100,100,100,100,300,400,200,300,300,400,100,100,100,100,100,100,200,200,300,300,300,400,100,100,100,100,100,200,200,200,200,200,200,200,300,300,300,300,300,300,300,300,300,400,400,400,400,400,400,400
13:12,13,12,100,100,100,100,100,300,400,200,300,300,400,100,100,100,100,100,100,200,200,300,300,300,400,100,100,100,100,100,200,200,200,200,200,200,200,300,300,300,300,300,300,300,300,300,400,400,400,400,400,400,400
13:13,13,13,100,100,100,100,100,300,400,200,300,300,400,100,100,100,100,100,100,200,200,300,300,300,400,100,100,100,100,100,200,200,200,200,200,200,200,300,300,300,300,300,300,300,300,300,400,400,400,400,400,400,400
13:14,13,14,100,100,100,100,100,300,400,200,300,300,400,100,100,100,100,100,100,200,200,300,300,300,400,100,100,100,100,100,200,200,200,200,200,200,200,300,300,300,300,300,300,300,300,300,400,400,400,400,400,400,400
13:15,13,15,100,100,100,100,100,300,400,200,300,300,400,100,100,100,100,100,100,200,200,300,300,300,400,100,100,100,100,100,200,200,200,200,200,200,200,300,300,300,300,300,300,300,300,300,400,400,400,400,400,400,400
13:16,13,16,100,100,100,100,100,300,400,200,300,300,400,100,100,100,100,100,100,200,200,300,300,300,400,100,100,100,100,100,200,200,200,200,200,200,200,300,300,300,300,300,300,300,300,300,400,400,400,400,400,400,400
13:17,13,17,100,100,100,100,100,300,400,200,300,300,400,100,100,100,100,100,100,200,200,300,300,300,400,100,100,100,100,100,200,200,200,200,200,200,200,300,300,300,300,300,300,300,300,300,400,400,400,400,400,400,400
13:18,13,18,100,100,100,100,100,300,400,200,300,300,400,100,100,100,100,100,100,200,200,300,300,300,400,100,100,100,100,100,200,200,200,200,200,200,200,300,300,300,300,300,300,300,300,300,400,400,400,400,400,400,400
13:19,13,19,100,100,100,100,100,300,400,200,300,300,400,100,100,100,100,100,100,200,200,300,300,300,400,100,100,100,100,100,200,200,200,200,200,200,200,300,300,300,300,300,300,300,300,300,400,400,400,400,400,400,400
13:20,13,20,100,100,100,100,100,300,400,200,300,300,400,100,100,100,100,100,100,200,200,300,300,300,400,100,100,100,100,100,200,200,200,200,200,200,200,300,300,300,300,300,300,300,300,300,400,400,400,400,400,400,400
13:21,13,21,100,100,100,100,100,300,400,200,300,300,400,100,100,100,100,100,100,200,200,300,300,300,400,100,100,100,100,100,200,200,200,200,200,200,200,300,300,300,300,300,300,300,300,300,400,400,400,400,400,400,400
13:22,13,22,100,100,100,100,100,300,400,200,300,300,400,100,100,100,100,100,100,200,200,300,300,300,400,100,100,100,100,100,200,200,200,200,200,200,200,300,300,300,300,300,300,300,300,300,400,400,400,400,400,400,400
13:23,13,23,100,100,100,100,100,300,400,200,300,300,400,100,100,100,100,100,100,200,200,300,300,300,400,100,100,100,100,100,200,200,200,200,200,200,200,300,300,300,300,300,300,300,300,300,400,400,400,400,400,400,400
13:24,13,24,100,100,100,100,100,300,400,200,300,300,400,100,100,100,100,100,100,200,200,300,300,300,400,100,100,100,100,100,200,200,200,200,200,200,200,300,300,300,300,300,300,300,300,300,400,400,400,400,400,400,400
13:25,13,25,100,100,100,100,100,300,400,200,300,300,400,100,100,100,100,100,100,200,200,300,300,300,400,100,100,100,100,100,200,200,200,200,200,200,200,300,300,300,300,300,300,300,300,300,400,400,400,400,400,400,400
13:26,13,26,100,100,100,100,100,300,400,200,300,300,400,100,100,100,100,100,100,200,200,300,300,300,400,100,100,100,100,100,200,200,200,200,200,200,200,300,300,300,300,300,300,300,300,300,400,400,400,400,400,400,400
13:27,13,27,100,100,100,100,100,300,400,200,300,300,400,100,100,100,100,100,100,200,200,300,300,300,400,100,100,100,100,100,200,200,200,200,200,200,200,300,300,300,300,300,300,300,300,300,400,400,400,400,400,400,400
13:28,13,28,100,100,100,100,100,300,400,200,300,300,400,100,100,100,100,100,100,200,200,300,300,300,400,100,100,100,100,100,200,200,200,200,200,200,200,300,300,300,300,300,300,300,300,300,400,400,400,400,400,400,400
13:29,13,29,100,100,100,100,100,300,400,200,300,300,400,100,100,100,100,100,100,200,200,300,300,300,400,100,100,100,100,100,200,200,200,200,200,200,200,300,300,300,300,300,300,300,300,300,400,400,400,400,400,400,400
13:30,13,30,100,100,100,100,100,300,400,200,300,300,400,100,100,100,100,100,100,200,200,300,300,300,400,100,100,100,100,100,200,200,200,200,200,200,200,300,300,300,300,300,300,300,300,300,400,400,400,400,400,400,400
13:31,13,31,100,100,100,100,100,300,400,200,300,300,400,100,100,100,100,100,100,200,200,300,300,300,400,100,100,100,100,100,200,200,200,200,200,200,200,300,300,300,300,300,300,300,300,300,400,400,400,400,400,400,400
13:32,13,32,100,100,100,100,100,300,400,200,300,300,400,100,100,100,100,100,100,200,200,300,300,300,400,100,100,100,100,100,200,200,200,200,200,200,200,300,300,300,300,300,300,300,300,300,400,400,400,400,400,400,400
13:33,13,33,100,100,100,100,100,300,400,200,300,300,400,100,100,100,100,100,100,200,200,300,300,300,400,100,100,100,100,100,200,200,200,200,200,200,200,300,300,300,300,300,300,300,300,300,400,400,400,400,400,400,400
13:34,13,34,100,100,100,100,100,300,400,200,300,300,400,100,100,100,100,100,100,200,200,300,300,300,400,100,100,100,100,100,200,200,200,200,200,200,200,300,300,300,300,300,300,300,300,300,400,400,400,400,400,400,400
13:35,13,35,100,100,100,100,100,300,400,200,300,300,400,100,100,100,100,100,100,200,200,300,300,300,400,100,100,100,100,100,200,200,200,200,200,200,200,300,300,300,300,300,300,300,300,300,400,400,400,400,400,400,400
13:36,13,36,100,100,100,100,100,300,400,200,300,300,400,100,100,100,100,100,100,200,200,300,300,300,400,100,100,100,100,100,200,200,200,200,200,200,200,300,300,300,300,300,300,300,300,300,400,400,400,400,400,400,400
13:37,13,37,100,100,100,100,100,300,400,200,300,300,400,100,100,100,100,100,100,200,200,300,300,300,400,100,100,100,100,100,200,200,200,200,200,200,200,300,300,300,300,300,300,300,300,300,400,400,400,400,400,400,400
13:38,13,38,100,100,100,100,100,300,400,200,300,300,400,100,100,100,100,100,100,200,200,300,300,300,400,100,100,100,100,100,200,200,200,200,200,200,200,300,300,300,300,300,300,300,300,300,400,400,400,400,400,400,400
13:39,13,39,100,100,100,100,100,300,400,200,300,300,400,100,100,100,100,100,100,200,200,300,300,300,400,100,100,100,100,100,200,200,200,200,200,200,200,300,300,300,300,300,300,300,300,300,400,400,400,400,400,400,400
13:40,13,40,100,100,100,100,100,300,400,200,300,300,400,100,100,100,100,100,100,200,200,300,300,300,400,100,100,100,100,100,200,200,200,200,200,200,200,300,300,300,300,300,300,300,300,300,400,400,400,400,400,400,400
13:41,13,41,100,100,100,100,100,300,400,200,300,300,400,100,100,100,100,100,100,200,200,300,300,300,400,100,100,100,100,100,200,200,200,200,200,200,200,300,300,300,300,300,300,300,300,300,400,400,400,400,400,400,400
13:42,13,42,100,100,100,100,100,300,400,200,300,300,400,100,100,100,100,100,100,200,200,300,300,300,400,100,100,100,100,100,200,200,200,200,200,200,200,300,300,300,300,300,300,300,300,300,400,400,400,400,400,400,400
13:43,13,43,100,100,100,100,100,300,400,200,300,300,400,100,100,100,100,100,100,200,200,300,300,300,400,100,100,100,100,100,200,200,200,200,200,200,200,300,300,300,300,300,300,300,300,300,400,400,400,400,400,400,400
13:44,13,44,100,100,100,100,100,300,400,200,300,300,400,100,100,100,100,100,100,200,200,300,300,300,400,100,100,100,100,100,200,200,200,200,200,200,200,300,300,300,300,300,300,300,300,300,400,400,400,400,400,400,400
13:45,13,45,100,100,100,100,100,300,400,200,300,300,400,100,100,100,100,100,100,200,200,300,300,300,400,100,100,100,100,100,200,200,200,200,200,200,200,300,300,300,300,300,300,300,300,300,400,400,400,400,400,400,400
13:46,13,46,100,100,100,100,100,300,400,200,300,300,400,100,100,100,100,100,100,200,200,300,300,300,400,100,100,100,100,100,200,200,200,200,200,200,200,300,300,300,300,300,300,300,300,300,400,400,400,400,400,400,400
13:47,13,47,100,100,100,100,100,300,400,200,300,300,400,100,100,100,100,100,100,200,200,300,300,300,400,100,100,100,100,100,200,200,200,200,200,200,200,300,300,300,300,300,300,300,300,300,400,400,400,400,400,400,400
13:48,13,48,100,100,100,100,100,300,400,200,300,300,400,100,100,100,100,100,100,200,200,300,300,300,400,100,100,100,100,100,200,200,200,200,200,200,200,300,300,300,300,300,300,300,300,300,400,400,400,400,400,400,400
13:49,13,49,100,100,100,100,100,300,400,200,300,300,400,100,100,100,100,100,100,200,200,300,300,300,400,100,100,100,100,100,200,200,200,200,200,200,200,300,300,300,300,300,300,300,300,300,400,400,400,400,400,400,400
13:50,13,50,100,100,100,100,100,300,400,200,300,300,400,100,100,100,100,100,100,200,200,300,300,300,400,100,100,100,100,100,200,200,200,200,200,200,200,300,300,300,300,300,300,300,300,300,400,400,400,400,400,400,400
13:51,13,51,100,100,100,100,100,300,400,200,300,300,400,100,100,100,100,100,100,200,200,300,300,300,400,100,100,100,100,100,200,200,200,200,200,200,200,300,300,300,300,300,300,300,300,300,400,400,400,400,400,400,400
13:52,13,52,100,100,100,100,100,300,400,200,300,300,400,100,100,100,100,100,100,200,200,300,300,300,400,100,100,100,100,100,200,200,200,200,200,200,200,300,300,300,300,300,300,300,300,300,400,400,400,400,400,400,400
13:53,13,53,100,100,100,100,100,300,400,200,300,300,400,100,100,100,100,100,100,200,200,300,300,300,400,100,100,100,100,100,200,200,200,200,200,200,200,300,300,300,300,300,300,300,300,300,400,400,400,400,400,400,400
13:54,13,54,100,100,100,100,100,300,400,200,300,300,400,100,100,100,100,100,100,200,200,300,300,300,400,100,100,100,100,100,200,200,200,200,200,200,200,300,300,300,300,300,300,300,300,300,400,400,400,400,400,400,400
13:55,13,55,100,100,100,100,100,300,400,200,300,300,400,100,100,100,100,100,100,200,200,300,300,300,400,100,100,100,100,100,200,200,200,200,200,200,200,300,300,300,300,300,300,300,300,300,400,400,400,400,400,400,400
13:56,13,56,100,100,100,100,100,300,400,200,300,300,400,100,100,100,100,100,100,200,200,300,300,300,400,100,100,100,100,100,200,200,200,200,200,200,200,300,300,300,300,300,300,300,300,300,400,400,400,400,400,400,400
13:57,13,57,100,100,100,100,100,300,400,200,300,300,400,100,100,100,100,100,100,200,200,300,300,300,400,100,100,100,100,100,200,200,200,200,200,200,200,300,300,300,300,300,300,300,300,300,400,400,400,400,400,400,400
13:58,13,58,100,100,100,100,100,300,400,200,300,300,400,100,100,100,100,100,100,200,200,300,300,300,400,100,100,100,100,100,200,200,200,200,200,200,200,300,300,300,300,300,300,300,300,300,400,400,400,400,400,400,400
13:59,13,59,100,100,100,100,100,300,400,200,300,300,400,100,100,100,100,100,100,200,200,300,300,300,400,100,100,100,100,100,200,200,200,200,200,200,200,300,300,300,300,300,300,300,300,300,400,400,400,400,400,400,400
14:00,14,0,100,100,100,100,100,300,400,200,300,300,400,100,100,100,100,100,100,200,200,300,300,300,400,100,100,100,100,100,200,200,200,200,200,200,200,300,300,300,300,300,300,300,300,300,400,400,400,400,400,400,400
14:01,14,1,100,100,100,100,100,300,400,200,300,300,400,100,100,100,100,100,100,200,200,300,300,300,400,100,100,100,100,100,200,200,200,200,200,200,200,300,300,300,300,300,300,300,300,300,400,400,400,400,400,400,400
14:02,14,2,100,100,100,100,100,300,400,200,300,300,400,100,100,100,100,100,100,200,200,300,300,300,400,100,100,100,100,100,200,200,200,200,200,200,200,300,300,300,300,300,300,300,300,300,400,400,400,400,400,400,400
14:03,14,3,100,100,100,100,100,300,400,200,300,300,400,100,100,100,100,100,100,200,200,300,300,300,400,100,100,100,100,100,200,200,200,200,200,200,200,300,300,300,300,300,300,300,300,300,400,400,400,400,400,400,400
14:04,14,4,100,100,100,100,100,300,400,200,300,300,400,100,100,100,100,100,100,200,200,300,300,300,400,100,100,100,100,100,200,200,200,200,200,200,200,300,300,300,300,300,300,300,300,300,400,400,400,400,400,400,400
14:05,14,5,100,100,100,100,100,300,400,200,300,300,400,100,100,100,100,100,100,200,200,300,300,300,400,100,100,100,100,100,200,200,200,200,200,200,200,300,300,300,300,300,300,300,300,300,400,400,400,400,400,400,400
14:06,14,6,100,100,100,100,100,300,400,200,300,300,400,100,100,100,100,100,100,200,200,300,300,300,400,100,100,100,100,100,200,200,200,200,200,200,200,300,300,300,300,300,300,300,300,300,400,400,400,400,400,400,400
14:07,14,7,100,100,100,100,100,300,400,200,300,300,400,100,100,100,100,100,100,200,200,300,300,300,400,100,100,100,100,100,200,200,200,200,200,200,200,300,300,300,300,300,300,300,300,300,400,400,400,400,400,400,400
14:08,14,8,100,100,100,100,100,300,400,200,300,300,400,100,100,100,100,100,100,200,200,300,300,300,400,100,100,100,100,100,200,200,200,200,200,200,200,300,300,300,300,300,300,300,300,300,400,400,400,400,400,400,400
14:09,14,9,100,100,100,100,100,300,400,200,300,300,400,100,100,100,100,100,100,200,200,300,300,300,400,100,100,100,100,100,200,200,200,200,200,200,200,300,300,300,300,300,300,300,300,300,400,400,400,400,400,400,400
14:10,14,10,100,100,100,100,100,300,400,200,300,300,400,100,100,100,100,100,100,200,200,300,300,300,400,100,100,100,100,100,200,200,200,200,200,200,200,300,300,300,300,300,300,300,300,300,400,400,400,400,400,400,400
14:11,14,11,100,100,100,100,100,300,400,200,300,300,400,100,100,100,100,100,100,200,200,300,300,300,400,100,100,100,100,100,200,200,200,200,200,200,200,300,300,300,300,300,300,300,300,300,400,400,400,400,400,400,400
14:12,14,12,100,100,100,100,100,300,400,200,300,300,400,100,100,100,100,100,100,200,200,300,300,300,400,100,100,100,100,100,200,200,200,200,200,200,200,300,300,300,300,300,300,300,300,300,400,400,400,400,400,400,400
14:13,14,13,100,100,100,100,100,300,400,200,300,300,400,100,100,100,100,100,100,200,200,300,300,300,400,100,100,100,100,100,200,200,200,200,200,200,200,300,300,300,300,300,300,300,300,300,400,400,400,400,400,400,400
14:14,14,14,100,100,100,100,100,300,400,200,300,300,400,100,100,100,100,100,100,200,200,300,300,300,400,100,100,100,100,100,200,200,200,200,200,200,200,300,300,300,300,300,300,300,300,300,400,400,400,400,400,400,400
14:15,14,15,100,100,100,100,100,300,400,200,300,300,400,100,100,100,100,100,100,200,200,300,300,300,400,100,100,100,100,100,200,200,200,200,200,200,200,300,300,300,300,300,300,300,300,300,400,400,400,400,400,400,400
14:16,14,16,100,100,100,100,100,300,400,200,300,300,400,100,100,100,100,100,100,200,200,300,300,300,400,100,100,100,100,100,200,200,200,200,200,200,200,300,300,300,300,300,300,300,300,300,400,400,400,400,400,400,400
14:17,14,17,100,100,100,100,100,300,400,200,300,300,400,100,100,100,100,100,100,200,200,300,300,300,400,100,100,100,100,100,200,200,200,200,200,200,200,300,300,300,300,300,300,300,300,300,400,400,400,400,400,400,400
14:18,14,18,100,100,100,100,100,300,400,200,300,300,400,100,100,100,100,100,100,200,200,300,300,300,400,100,100,100,100,100,200,200,200,200,200,200,200,300,300,300,300,300,300,300,300,300,400,400,400,400,400,400,400
14:19,14,19,100,100,100,100,100,300,400,200,300,300,400,100,100,100,100,100,100,200,200,300,300,300,400,100,100,100,100,100,200,200,200,200,200,200,200,300,300,300,300,300,300,300,300,300,400,400,400,400,400,400,400
14:20,14,20,100,100,100,100,100,300,400,200,300,300,400,100,100,100,100,100,100,200,200,300,300,300,400,100,100,100,100,100,200,200,200,200,200,200,200,300,300,300,300,300,300,300,300,300,400,400,400,400,400,400,400
14:21,14,21,100,100,100,100,100,300,400,200,300,300,400,100,100,100,100,100,100,200,200,300,300,300,400,100,100,100,100,100,200,200,200,200,200,200,200,300,300,300,300,300,300,300,300,300,400,400,400,400,400,400,400
14:22,14,22,100,100,100,100,100,300,400,200,300,300,400,100,100,100,100,100,100,200,200,300,300,300,400,100,100,100,100,100,200,200,200,200,200,200,200,300,300,300,300,300,300,300,300,300,400,400,400,400,400,400,400
14:23,14,23,100,100,100,100,100,300,400,200,300,300,400,100,100,100,100,100,100,200,200,300,300,300,400,100,100,100,100,100,200,200,200,200,200,200,200,300,300,300,300,300,300,300,300,300,400,400,400,400,400,400,400
14:24,14,24,100,100,100,100,100,300,400,200,300,300,400,100,100,100,100,100,100,200,200,300,300,300,400,100,100,100,100,100,200,200,200,200,200,200,200,300,300,300,300,300,300,300,300,300,400,400,400,400,400,400,400
14:25,14,25,100,100,100,100,100,300,400,200,300,300,400,100,100,100,100,100,100,200,200,300,300,300,400,100,100,100,100,100,200,200,200,200,200,200,200,300,300,300,300,300,300,300,300,300,400,400,400,400,400,400,400
14:26,14,26,100,100,100,100,100,300,400,200,300,300,400,100,100,100,100,100,100,200,200,300,300,300,400,100,100,100,100,100,200,200,200,200,200,200,200,300,300,300,300,300,300,300,300,300,400,400,400,400,400,400,400
14:27,14,27,100,100,100,100,100,300,400,200,300,300,400,100,100,100,100,100,100,200,200,300,300,300,400,100,100,100,100,100,200,200,200,200,200,200,200,300,300,300,300,300,300,300,300,300,400,400,400,400,400,400,400
14:28,14,28,100,100,100,100,100,300,400,200,300,300,400,100,100,100,100,100,100,200,200,300,300,300,400,100,100,100,100,100,200,200,200,200,200,200,200,300,300,300,300,300,300,300,300,300,400,400,400,400,400,400,400
14:29,14,29,100,100,100,100,100,300,400,200,300,300,400,100,100,100,100,100,100,200,200,300,300,300,400,100,100,100,100,100,200,200,200,200,200,200,200,300,300,300,300,300,300,300,300,300,400,400,400,400,400,400,400
14:30,14,30,100,100,100,100,100,300,400,200,300,300,400,100,100,100,100,100,100,200,200,300,300,300,400,100,100,100,100,100,200,200,200,200,200,200,200,300,300,300,300,300,300,300,300,300,400,400,400,400,400,400,400
14:31,14,31,100,100,100,100,100,300,400,200,300,300,400,100,100,100,100,100,100,200,200,300,300,300,400,100,100,100,100,100,200,200,200,200,200,200,200,300,300,300,300,300,300,300,300,300,400,400,400,400,400,400,400
14:32,14,32,100,100,100,100,100,300,400,200,300,300,400,100,100,100,100,100,100,200,200,300,300,300,400,100,100,100,100,100,200,200,200,200,200,200,200,300,300,300,300,300,300,300,300,300,400,400,400,400,400,400,400
14:33,14,33,100,100,100,100,100,300,400,200,300,300,400,100,100,100,100,100,100,200,200,300,300,300,400,100,100,100,100,100,200,200,200,200,200,200,200,300,300,300,300,300,300,300,300,300,400,400,400,400,400,400,400
14:34,14,34,100,100,100,100,100,300,400,200,300,300,400,100,100,100,100,100,100,200,200,300,300,300,400,100,100,100,100,100,200,200,200,200,200,200,200,300,300,300,300,300,300,300,300,300,400,400,400,400,400,400,400
14:35,14,35,100,100,100,100,100,300,400,200,300,300,400,100,100,100,100,100,100,200,200,300,300,300,400,100,100,100,100,100,200,200,200,200,200,200,200,300,300,300,300,300,300,300,300,300,400,400,400,400,400,400,400
14:36,14,36,100,100,100,100,100,300,400,200,300,300,400,100,100,100,100,100,100,200,200,300,300,300,400,100,100,100,100,100,200,200,200,200,200,200,200,300,300,300,300,300,300,300,300,300,400,400,400,400,400,400,400
14:37,14,37,100,100,100,100,100,300,400,200,300,300,400,100,100,100,100,100,100,200,200,300,300,300,400,100,100,100,100,100,200,200,200,200,200,200,200,300,300,300,300,300,300,300,300,300,400,400,400,400,400,400,400
14:38,14,38,100,100,100,100,100,300,400,200,300,300,400,100,100,100,100,100,100,200,200,300,300,300,400,100,100,100,100,100,200,200,200,200,200,200,200,300,300,300,300,300,300,300,300,300,400,400,400,400,400,400,400
14:39,14,39,100,100,100,100,100,300,400,200,300,300,400,100,100,100,100,100,100,200,200,300,300,300,400,100,100,100,100,100,200,200,200,200,200,200,200,300,300,300,300,300,300,300,300,300,400,400,400,400,400,400,400
14:40,14,40,100,100,100,100,100,300,400,200,300,300,400,100,100,100,100,100,100,200,200,300,300,300,400,100,100,100,100,100,200,200,200,200,200,200,200,300,300,300,300,300,300,300,300,300,400,400,400,400,400,400,400
14:41,14,41,100,100,100,100,100,300,400,200,300,300,400,100,100,100,100,100,100,200,200,300,300,300,400,100,100,100,100,100,200,200,200,200,200,200,200,300,300,300,300,300,300,300,300,300,400,400,400,400,400,400,400
14:42,14,42,100,100,100,100,100,300,400,200,300,300,400,100,100,100,100,100,100,200,200,300,300,300,400,100,100,100,100,100,200,200,200,200,200,200,200,300,300,300,300,300,300,300,300,300,400,400,400,400,400,400,400
14:43,14,43,100,100,100,100,100,300,400,200,300,300,400,100,100,100,100,100,100,200,200,300,300,300,400,100,100,100,100,100,200,200,200,200,200,200,200,300,300,300,300,300,300,300,300,300,400,400,400,400,400,400,400
14:44,14,44,100,100,100,100,100,300,400,200,300,300,400,100,100,100,100,100,100,200,200,300,300,300,400,100,100,100,100,100,200,200,200,200,200,200,200,300,300,300,300,300,300,300,300,300,400,400,400,400,400,400,400
14:45,14,45,100,100,100,100,100,300,400,200,300,300,400,100,100,100,100,100,100,200,200,300,300,300,400,100,100,100,100,100,200,200,200,200,200,200,200,300,300,300,300,300,300,300,300,300,400,400,400,400,400,400,400
14:46,14,46,100,100,100,100,100,300,400,200,300,300,400,100,100,100,100,100,100,200,200,300,300,300,400,100,100,100,100,100,200,200,200,200,200,200,200,300,300,300,300,300,300,300,300,300,400,400,400,400,400,400,400
14:47,14,47,100,100,100,100,100,300,400,200,300,300,400,100,100,100,100,100,100,200,200,300,300,300,400,100,100,100,100,100,200,200,200,200,200,200,200,300,300,300,300,300,300,300,300,300,400,400,400,400,400,400,400
14:48,14,48,100,100,100,100,100,300,400,200,300,300,400,100,100,100,100,100,100,200,200,300,300,300,400,100,100,100,100,100,200,200,200,200,200,200,200,300,300,300,300,300,300,300,300,300,400,400,400,400,400,400,400
14:49,14,49,100,100,100,100,100,300,400,200,300,300,400,100,100,100,100,100,100,200,200,300,300,300,400,100,100,100,100,100,200,200,200,200,200,200,200,300,300,300,300,300,300,300,300,300,400,400,400,400,400,400,400
14:50,14,50,100,100,100,100,100,300,400,200,300,300,400,100,100,100,100,100,100,200,200,300,300,300,400,100,100,100,100,100,200,200,200,200,200,200,200,300,300,300,300,300,300,300,300,300,400,400,400,400,400,400,400
14:51,14,51,100,100,100,100,100,300,400,200,300,300,400,100,100,100,100,100,100,200,200,300,300,300,400,100,100,100,100,100,200,200,200,200,200,200,200,300,300,300,300,300,300,300,300,300,400,400,400,400,400,400,400
14:52,14,52,100,100,100,100,100,300,400,200,300,300,400,100,100,100,100,100,100,200,200,300,300,300,400,100,100,100,100,100,200,200,200,200,200,200,200,300,300,300,300,300,300,300,300,300,400,400,400,400,400,400,400
14:53,14,53,100,100,100,100,100,300,400,200,300,300,400,100,100,100,100,100,100,200,200,300,300,300,400,100,100,100,100,100,200,200,200,200,200,200,200,300,300,300,300,300,300,300,300,300,400,400,400,400,400,400,400
14:54,14,54,100,100,100,100,100,300,400,200,300,300,400,100,100,100,100,100,100,200,200,300,300,300,400,100,100,100,100,100,200,200,200,200,200,200,200,300,300,300,300,300,300,300,300,300,400,400,400,400,400,400,400
14:55,14,55,100,100,100,100,100,300,400,200,300,300,400,100,100,100,100,100,100,200,200,300,300,300,400,100,100,100,100,100,200,200,200,200,200,200,200,300,300,300,300,300,300,300,300,300,400,400,400,400,400,400,400
14:56,14,56,100,100,100,100,100,300,400,200,300,300,400,100,100,100,100,100,100,200,200,300,300,300,400,100,100,100,100,100,200,200,200,200,200,200,200,300,300,300,300,300,300,300,300,300,400,400,400,400,400,400,400
14:57,14,57,100,100,100,100,100,300,400,200,300,300,400,100,100,100,100,100,100,200,200,300,300,300,400,100,100,100,100,100,200,200,200,200,200,200,200,300,300,300,300,300,300,300,300,300,400,400,400,400,400,400,400
14:58,14,58,100,100,100,100,100,300,400,200,300,300,400,100,100,100,100,100,100,200,200,300,300,300,400,100,100,100,100,100,200,200,200,200,200,200,200,300,300,300,300,300,300,300,300,300,400,400,400,400,400,400,400
14:59,14,59,100,100,100,100,100,300,400,200,300,300,400,100,100,100,100,100,100,200,200,300,300,300,400,100,100,100,100,100,200,200,200,200,200,200,200,300,300,300,300,300,300,300,300,300,400,400,400,400,400,400,400
15:00,15,0,100,100,100,100,100,300,400,200,300,300,400,100,100,100,100,100,100,200,200,300,300,300,400,100,100,100,100,100,200,200,200,200,200,200,200,300,300,300,300,300,300,300,300,300,400,400,400,400,400,400,400
15:01,15,1,100,100,100,100,100,300,400,200,300,300,400,100,100,100,100,100,100,200,200,300,300,300,400,100,100,100,100,100,200,200,200,200,200,200,200,300,300,300,300,300,300,300,300,300,400,400,400,400,400,400,400
15:02,15,2,100,100,100,100,100,300,400,200,300,300,400,100,100,100,100,100,100,200,200,300,300,300,400,100,100,100,100,100,200,200,200,200,200,200,200,300,300,300,300,300,300,300,300,300,400,400,400,400,400,400,400
15:03,15,3,100,100,100,100,100,300,400,200,300,300,400,100,100,100,100,100,100,200,200,300,300,300,400,100,100,100,100,100,200,200,200,200,200,200,200,300,300,300,300,300,300,300,300,300,400,400,400,400,400,400,400
15:04,15,4,100,100,100,100,100,300,400,200,300,300,400,100,100,100,100,100,100,200,200,300,300,300,400,100,100,100,100,100,200,200,200,200,200,200,200,300,300,300,300,300,300,300,300,300,400,400,400,400,400,400,400
15:05,15,5,100,100,100,100,100,300,400,200,300,300,400,100,100,100,100,100,100,200,200,300,300,300,400,100,100,100,100,100,200,200,200,200,200,200,200,300,300,300,300,300,300,300,300,300,400,400,400,400,400,400,400
15:06,15,6,100,100,100,100,100,300,400,200,300,300,400,100,100,100,100,100,100,200,200,300,300,300,400,100,100,100,100,100,200,200,200,200,200,200,200,300,300,300,300,300,300,300,300,300,400,400,400,400,400,400,400
15:07,15,7,100,100,100,100,100,300,400,200,300,300,400,100,100,100,100,100,100,200,200,300,300,300,400,100,100,100,100,100,200,200,200,200,200,200,200,300,300,300,300,300,300,300,300,300,400,400,400,400,400,400,400
15:08,15,8,100,100,100,100,100,300,400,200,300,300,400,100,100,100,100,100,100,200,200,300,300,300,400,100,100,100,100,100,200,200,200,200,200,200,200,300,300,300,300,300,300,300,300,300,400,400,400,400,400,400,400
15:09,15,9,100,100,100,100,100,300,400,200,300,300,400,100,100,100,100,100,100,200,200,300,300,300,400,100,100,100,100,100,200,200,200,200,200,200,200,300,300,300,300,300,300,300,300,300,400,400,400,400,400,400,400
15:10,15,10,100,100,100,100,100,300,400,200,300,300,400,100,100,100,100,100,100,200,200,300,300,300,400,100,100,100,100,100,200,200,200,200,200,200,200,300,300,300,300,300,300,300,300,300,400,400,400,400,400,400,400
15:11,15,11,100,100,100,100,100,300,400,200,300,300,400,100,100,100,100,100,100,200,200,300,300,300,400,100,100,100,100,100,200,200,200,200,200,200,200,300,300,300,300,300,300,300,300,300,400,400,400,400,400,400,400
15:12,15,12,100,100,100,100,100,300,400,200,300,300,400,100,100,100,100,100,100,200,200,300,300,300,400,100,100,100,100,100,200,200,200,200,200,200,200,300,300,300,300,300,300,300,300,300,400,400,400,400,400,400,400
15:13,15,13,100,100,100,100,100,300,400,200,300,300,400,100,100,100,100,100,100,200,200,300,300,300,400,100,100,100,100,100,200,200,200,200,200,200,200,300,300,300,300,300,300,300,300,300,400,400,400,400,400,400,400
15:14,15,14,100,100,100,100,100,300,400,200,300,300,400,100,100,100,100,100,100,200,200,300,300,300,400,100,100,100,100,100,200,200,200,200,200,200,200,300,300,300,300,300,300,300,300,300,400,400,400,400,400,400,400
15:15,15,15,100,100,100,100,100,300,400,200,300,300,400,100,100,100,100,100,100,200,200,300,300,300,400,100,100,100,100,100,200,200,200,200,200,200,200,300,300,300,300,300,300,300,300,300,400,400,400,400,400,400,400
15:16,15,16,100,100,100,100,100,300,400,200,300,300,400,100,100,100,100,100,100,200,200,300,300,300,400,100,100,100,100,100,200,200,200,200,200,200,200,300,300,300,300,300,300,300,300,300,400,400,400,400,400,400,400
15:17,15,17,100,100,100,100,100,300,400,200,300,300,400,100,100,100,100,100,100,200,200,300,300,300,400,100,100,100,100,100,200,200,200,200,200,200,200,300,300,300,300,300,300,300,300,300,400,400,400,400,400,400,400
15:18,15,18,100,100,100,100,100,300,400,200,300,300,400,100,100,100,100,100,100,200,200,300,300,300,400,100,100,100,100,100,200,200,200,200,200,200,200,300,300,300,300,300,300,300,300,300,400,400,400,400,400,400,400
15:19,15,19,100,100,100,100,100,300,400,200,300,300,400,100,100,100,100,100,100,200,200,300,300,300,400,100,100,100,100,100,200,200,200,200,200,200,200,300,300,300,300,300,300,300,300,300,400,400,400,400,400,400,400
15:20,15,20,100,100,100,100,100,300,400,200,300,300,400,100,100,100,100,100,100,200,200,300,300,300,400,100,100,100,100,100,200,200,200,200,200,200,200,300,300,300,300,300,300,300,300,300,400,400,400,400,400,400,400
15:21,15,21,100,100,100,100,100,300,400,200,300,300,400,100,100,100,100,100,100,200,200,300,300,300,400,100,100,100,100,100,200,200,200,200,200,200,200,300,300,300,300,300,300,300,300,300,400,400,400,400,400,400,400
15:22,15,22,100,100,100,100,100,300,400,200,300,300,400,100,100,100,100,100,100,200,200,300,300,300,400,100,100,100,100,100,200,200,200,200,200,200,200,300,300,300,300,300,300,300,300,300,400,400,400,400,400,400,400
15:23,15,23,100,100,100,100,100,300,400,200,300,300,400,100,100,100,100,100,100,200,200,300,300,300,400,100,100,100,100,100,200,200,200,200,200,200,200,300,300,300,300,300,300,300,300,300,400,400,400,400,400,400,400
15:24,15,24,100,100,100,100,100,300,400,200,300,300,400,100,100,100,100,100,100,200,200,300,300,300,400,100,100,100,100,100,200,200,200,200,200,200,200,300,300,300,300,300,300,300,300,300,400,400,400,400,400,400,400
15:25,15,25,100,100,100,100,100,300,400,200,300,300,400,100,100,100,100,100,100,200,200,300,300,300,400,100,100,100,100,100,200,200,200,200,200,200,200,300,300,300,300,300,300,300,300,300,400,400,400,400,400,400,400
15:26,15,26,100,100,100,100,100,300,400,200,300,300,400,100,100,100,100,100,100,200,200,300,300,300,400,100,100,100,100,100,200,200,200,200,200,200,200,300,300,300,300,300,300,300,300,300,400,400,400,400,400,400,400
15:27,15,27,100,100,100,100,100,300,400,200,300,300,400,100,100,100,100,100,100,200,200,300,300,300,400,100,100,100,100,100,200,200,200,200,200,200,200,300,300,300,300,300,300,300,300,300,400,400,400,400,400,400,400
15:28,15,28,100,100,100,100,100,300,400,200,300,300,400,100,100,100,100,100,100,200,200,300,300,300,400,100,100,100,100,100,200,200,200,200,200,200,200,300,300,300,300,300,300,300,300,300,400,400,400,400,400,400,400
15:29,15,29,100,100,100,100,100,300,400,200,300,300,400,100,100,100,100,100,100,200,200,300,300,300,400,100,100,100,100,100,200,200,200,200,200,200,200,300,300,300,300,300,300,300,300,300,400,400,400,400,400,400,400
15:30,15,30,100,100,100,100,100,300,400,200,300,300,400,100,100,100,100,100,100,200,200,300,300,300,400,100,100,100,100,100,200,200,200,200,200,200,200,300,300,300,300,300,300,300,300,300,400,400,400,400,400,400,400
15:31,15,31,100,100,100,100,100,300,400,200,300,300,400,100,100,100,100,100,100,200,200,300,300,300,400,100,100,100,100,100,200,200,200,200,200,200,200,300,300,300,300,300,300,300,300,300,400,400,400,400,400,400,400
15:32,15,32,100,100,100,100,100,300,400,200,300,300,400,100,100,100,100,100,100,200,200,300,300,300,400,100,100,100,100,100,200,200,200,200,200,200,200,300,300,300,300,300,300,300,300,300,400,400,400,400,400,400,400
15:33,15,33,100,100,100,100,100,300,400,200,300,300,400,100,100,100,100,100,100,200,200,300,300,300,400,100,100,100,100,100,200,200,200,200,200,200,200,300,300,300,300,300,300,300,300,300,400,400,400,400,400,400,400
15:34,15,34,100,100,100,100,100,300,400,200,300,300,400,100,100,100,100,100,100,200,200,300,300,300,400,100,100,100,100,100,200,200,200,200,200,200,200,300,300,300,300,300,300,300,300,300,400,400,400,400,400,400,400
15:35,15,35,100,100,100,100,100,300,400,200,300,300,400,100,100,100,100,100,100,200,200,300,300,300,400,100,100,100,100,100,200,200,200,200,200,200,200,300,300,300,300,300,300,300,300,300,400,400,400,400,400,400,400
15:36,15,36,100,100,100,100,100,300,400,200,300,300,400,100,100,100,100,100,100,200,200,300,300,300,400,100,100,100,100,100,200,200,200,200,200,200,200,300,300,300,300,300,300,300,300,300,400,400,400,400,400,400,400
15:37,15,37,100,100,100,100,100,300,400,200,300,300,400,100,100,100,100,100,100,200,200,300,300,300,400,100,100,100,100,100,200,200,200,200,200,200,200,300,300,300,300,300,300,300,300,300,400,400,400,400,400,400,400
15:38,15,38,100,100,100,100,100,300,400,200,300,300,400,100,100,100,100,100,100,200,200,300,300,300,400,100,100,100,100,100,200,200,200,200,200,200,200,300,300,300,300,300,300,300,300,300,400,400,400,400,400,400,400
15:39,15,39,100,100,100,100,100,300,400,200,300,300,400,100,100,100,100,100,100,200,200,300,300,300,400,100,100,100,100,100,200,200,200,200,200,200,200,300,300,300,300,300,300,300,300,300,400,400,400,400,400,400,400
15:40,15,40,100,100,100,100,100,300,400,200,300,300,400,100,100,100,100,100,100,200,200,300,300,300,400,100,100,100,100,100,200,200,200,200,200,200,200,300,300,300,300,300,300,300,300,300,400,400,400,400,400,400,400
15:41,15,41,100,100,100,100,100,300,400,200,300,300,400,100,100,100,100,100,100,200,200,300,300,300,400,100,100,100,100,100,200,200,200,200,200,200,200,300,300,300,300,300,300,300,300,300,400,400,400,400,400,400,400
15:42,15,42,100,100,100,100,100,300,400,200,300,300,400,100,100,100,100,100,100,200,200,300,300,300,400,100,100,100,100,100,200,200,200,200,200,200,200,300,300,300,300,300,300,300,300,300,400,400,400,400,400,400,400
15:43,15,43,100,100,100,100,100,300,400,200,300,300,400,100,100,100,100,100,100,200,200,300,300,300,400,100,100,100,100,100,200,200,200,200,200,200,200,300,300,300,300,300,300,300,300,300,400,400,400,400,400,400,400
15:44,15,44,100,100,100,100,100,300,400,200,300,300,400,100,100,100,100,100,100,200,200,300,300,300,400,100,100,100,100,100,200,200,200,200,200,200,200,300,300,300,300,300,300,300,300,300,400,400,400,400,400,400,400
15:45,15,45,100,100,100,100,100,300,400,200,300,300,400,100,100,100,100,100,100,200,200,300,300,300,400,100,100,100,100,100,200,200,200,200,200,200,200,300,300,300,300,300,300,300,300,300,400,400,400,400,400,400,400
15:46,15,46,100,100,100,100,100,300,400,200,300,300,400,100,100,100,100,100,100,200,200,300,300,300,400,100,100,100,100,100,200,200,200,200,200,200,200,300,300,300,300,300,300,300,300,300,400,400,400,400,400,400,400
15:47,15,47,100,100,100,100,100,300,400,200,300,300,400,100,100,100,100,100,100,200,200,300,300,300,400,100,100,100,100,100,200,200,200,200,200,200,200,300,300,300,300,300,300,300,300,300,400,400,400,400,400,400,400
15:48,15,48,100,100,100,100,100,300,400,200,300,300,400,100,100,100,100,100,100,200,200,300,300,300,400,100,100,100,100,100,200,200,200,200,200,200,200,300,300,300,300,300,300,300,300,300,400,400,400,400,400,400,400
15:49,15,49,100,100,100,100,100,300,400,200,300,300,400,100,100,100,100,100,100,200,200,300,300,300,400,100,100,100,100,100,200,200,200,200,200,200,200,300,300,300,300,300,300,300,300,300,400,400,400,400,400,400,400
15:50,15,50,100,100,100,100,100,300,400,200,300,300,400,100,100,100,100,100,100,200,200,300,300,300,400,100,100,100,100,100,200,200,200,200,200,200,200,300,300,300,300,300,300,300,300,300,400,400,400,400,400,400,400
15:51,15,51,100,100,100,100,100,300,400,200,300,300,400,100,100,100,100,100,100,200,200,300,300,300,400,100,100,100,100,100,200,200,200,200,200,200,200,300,300,300,300,300,300,300,300,300,400,400,400,400,400,400,400
15:52,15,52,100,100,100,100,100,300,400,200,300,300,400,100,100,100,100,100,100,200,200,300,300,300,400,100,100,100,100,100,200,200,200,200,200,200,200,300,300,300,300,300,300,300,300,300,400,400,400,400,400,400,400
15:53,15,53,100,100,100,100,100,300,400,200,300,300,400,100,100,100,100,100,100,200,200,300,300,300,400,100,100,100,100,100,200,200,200,200,200,200,200,300,300,300,300,300,300,300,300,300,400,400,400,400,400,400,400
15:54,15,54,100,100,100,100,100,300,400,200,300,300,400,100,100,100,100,100,100,200,200,300,300,300,400,100,100,100,100,100,200,200,200,200,200,200,200,300,300,300,300,300,300,300,300,300,400,400,400,400,400,400,400
15:55,15,55,100,100,100,100,100,300,400,200,300,300,400,100,100,100,100,100,100,200,200,300,300,300,400,100,100,100,100,100,200,200,200,200,200,200,200,300,300,300,300,300,300,300,300,300,400,400,400,400,400,400,400
15:56,15,56,100,100,100,100,100,300,400,200,300,300,400,100,100,100,100,100,100,200,200,300,300,300,400,100,100,100,100,100,200,200,200,200,200,200,200,300,300,300,300,300,300,300,300,300,400,400,400,400,400,400,400
15:57,15,57,100,100,100,100,100,300,400,200,300,300,400,100,100,100,100,100,100,200,200,300,300,300,400,100,100,100,100,100,200,200,200,200,200,200,200,300,300,300,300,300,300,300,300,300,400,400,400,400,400,400,400
15:58,15,58,100,100,100,100,100,300,400,200,300,300,400,100,100,100,100,100,100,200,200,300,300,300,400,100,100,100,100,100,200,200,200,200,200,200,200,300,300,300,300,300,300,300,300,300,400,400,400,400,400,400,400
15:59,15,59,100,100,100,100,100,300,400,200,300,300,400,100,100,100,100,100,100,200,200,300,300,300,400,100,100,100,100,100,200,200,200,200,200,200,200,300,300,300,300,300,300,300,300,300,400,400,400,400,400,400,400
16:00,16,0,100,100,100,100,100,300,400,200,300,300,400,100,100,100,100,100,100,200,200,300,300,300,400,100,100,100,100,100,200,200,200,200,200,200,200,300,300,300,300,300,300,300,300,300,400,400,400,400,400,400,400
16:01,16,1,100,100,100,100,100,300,400,200,300,300,400,100,100,100,100,100,100,200,200,300,300,300,400,100,100,100,100,100,200,200,200,200,200,200,200,300,300,300,300,300,300,300,300,300,400,400,400,400,400,400,400
16:02,16,2,100,100,100,100,100,300,400,200,300,300,400,100,100,100,100,100,100,200,200,300,300,300,400,100,100,100,100,100,200,200,200,200,200,200,200,300,300,300,300,300,300,300,300,300,400,400,400,400,400,400,400
16:03,16,3,100,100,100,100,100,300,400,200,300,300,400,100,100,100,100,100,100,200,200,300,300,300,400,100,100,100,100,100,200,200,200,200,200,200,200,300,300,300,300,300,300,300,300,300,400,400,400,400,400,400,400
16:04,16,4,100,100,100,100,100,300,400,200,300,300,400,100,100,100,100,100,100,200,200,300,300,300,400,100,100,100,100,100,200,200,200,200,200,200,200,300,300,300,300,300,300,300,300,300,400,400,400,400,400,400,400
16:05,16,5,100,100,100,100,100,300,400,200,300,300,400,100,100,100,100,100,100,200,200,300,300,300,400,100,100,100,100,100,200,200,200,200,200,200,200,300,300,300,300,300,300,300,300,300,400,400,400,400,400,400,400
16:06,16,6,100,100,100,100,100,300,400,200,300,300,400,100,100,100,100,100,100,200,200,300,300,300,400,100,100,100,100,100,200,200,200,200,200,200,200,300,300,300,300,300,300,300,300,300,400,400,400,400,400,400,400
16:07,16,7,100,100,100,100,100,300,400,200,300,300,400,100,100,100,100,100,100,200,200,300,300,300,400,100,100,100,100,100,200,200,200,200,200,200,200,300,300,300,300,300,300,300,300,300,400,400,400,400,400,400,400
16:08,16,8,100,100,100,100,100,300,400,200,300,300,400,100,100,100,100,100,100,200,200,300,300,300,400,100,100,100,100,100,200,200,200,200,200,200,200,300,300,300,300,300,300,300,300,300,400,400,400,400,400,400,400
16:09,16,9,100,100,100,100,100,300,400,200,300,300,400,100,100,100,100,100,100,200,200,300,300,300,400,100,100,100,100,100,200,200,200,200,200,200,200,300,300,300,300,300,300,300,300,300,400,400,400,400,400,400,400
16:10,16,10,100,100,100,100,100,300,400,200,300,300,400,100,100,100,100,100,100,200,200,300,300,300,400,100,100,100,100,100,200,200,200,200,200,200,200,300,300,300,300,300,300,300,300,300,400,400,400,400,400,400,400
16:11,16,11,100,100,100,100,100,300,400,200,300,300,400,100,100,100,100,100,100,200,200,300,300,300,400,100,100,100,100,100,200,200,200,200,200,200,200,300,300,300,300,300,300,300,300,300,400,400,400,400,400,400,400
16:12,16,12,100,100,100,100,100,300,400,200,300,300,400,100,100,100,100,100,100,200,200,300,300,300,400,100,100,100,100,100,200,200,200,200,200,200,200,300,300,300,300,300,300,300,300,300,400,400,400,400,400,400,400
16:13,16,13,100,100,100,100,100,300,400,200,300,300,400,100,100,100,100,100,100,200,200,300,300,300,400,100,100,100,100,100,200,200,200,200,200,200,200,300,300,300,300,300,300,300,300,300,400,400,400,400,400,400,400
16:14,16,14,100,100,100,100,100,300,400,200,300,300,400,100,100,100,100,100,100,200,200,300,300,300,400,100,100,100,100,100,200,200,200,200,200,200,200,300,300,300,300,300,300,300,300,300,400,400,400,400,400,400,400
16:15,16,15,100,100,100,100,100,300,400,200,300,300,400,100,100,100,100,100,100,200,200,300,300,300,400,100,100,100,100,100,200,200,200,200,200,200,200,300,300,300,300,300,300,300,300,300,400,400,400,400,400,400,400
16:16,16,16,100,100,100,100,100,300,400,200,300,300,400,100,100,100,100,100,100,200,200,300,300,300,400,100,100,100,100,100,200,200,200,200,200,200,200,300,300,300,300,300,300,300,300,300,400,400,400,400,400,400,400
16:17,16,17,100,100,100,100,100,300,400,200,300,300,400,100,100,100,100,100,100,200,200,300,300,300,400,100,100,100,100,100,200,200,200,200,200,200,200,300,300,300,300,300,300,300,300,300,400,400,400,400,400,400,400
16:18,16,18,100,100,100,100,100,300,400,200,300,300,400,100,100,100,100,100,100,200,200,300,300,300,400,100,100,100,100,100,200,200,200,200,200,200,200,300,300,300,300,300,300,300,300,300,400,400,400,400,400,400,400
16:19,16,19,100,100,100,100,100,300,400,200,300,300,400,100,100,100,100,100,100,200,200,300,300,300,400,100,100,100,100,100,200,200,200,200,200,200,200,300,300,300,300,300,300,300,300,300,400,400,400,400,400,400,400
16:20,16,20,100,100,100,100,100,300,400,200,300,300,400,100,100,100,100,100,100,200,200,300,300,300,400,100,100,100,100,100,200,200,200,200,200,200,200,300,300,300,300,300,300,300,300,300,400,400,400,400,400,400,400
16:21,16,21,100,100,100,100,100,300,400,200,300,300,400,100,100,100,100,100,100,200,200,300,300,300,400,100,100,100,100,100,200,200,200,200,200,200,200,300,300,300,300,300,300,300,300,300,400,400,400,400,400,400,400
16:22,16,22,100,100,100,100,100,300,400,200,300,300,400,100,100,100,100,100,100,200,200,300,300,300,400,100,100,100,100,100,200,200,200,200,200,200,200,300,300,300,300,300,300,300,300,300,400,400,400,400,400,400,400
16:23,16,23,100,100,100,100,100,300,400,200,300,300,400,100,100,100,100,100,100,200,200,300,300,300,400,100,100,100,100,100,200,200,200,200,200,200,200,300,300,300,300,300,300,300,300,300,400,400,400,400,400,400,400
16:24,16,24,100,100,100,100,100,300,400,200,300,300,400,100,100,100,100,100,100,200,200,300,300,300,400,100,100,100,100,100,200,200,200,200,200,200,200,300,300,300,300,300,300,300,300,300,400,400,400,400,400,400,400
16:25,16,25,100,100,100,100,100,300,400,200,300,300,400,100,100,100,100,100,100,200,200,300,300,300,400,100,100,100,100,100,200,200,200,200,200,200,200,300,300,300,300,300,300,300,300,300,400,400,400,400,400,400,400
16:26,16,26,100,100,100,100,100,300,400,200,300,300,400,100,100,100,100,100,100,200,200,300,300,300,400,100,100,100,100,100,200,200,200,200,200,200,200,300,300,300,300,300,300,300,300,300,400,400,400,400,400,400,400
16:27,16,27,100,100,100,100,100,300,400,200,300,300,400,100,100,100,100,100,100,200,200,300,300,300,400,100,100,100,100,100,200,200,200,200,200,200,200,300,300,300,300,300,300,300,300,300,400,400,400,400,400,400,400
16:28,16,28,100,100,100,100,100,300,400,200,300,300,400,100,100,100,100,100,100,200,200,300,300,300,400,100,100,100,100,100,200,200,200,200,200,200,200,300,300,300,300,300,300,300,300,300,400,400,400,400,400,400,400
16:29,16,29,100,100,100,100,100,300,400,200,300,300,400,100,100,100,100,100,100,200,200,300,300,300,400,100,100,100,100,100,200,200,200,200,200,200,200,300,300,300,300,300,300,300,300,300,400,400,400,400,400,400,400
16:30,16,30,100,100,100,100,100,300,400,200,300,300,400,100,100,100,100,100,100,200,200,300,300,300,400,100,100,100,100,100,200,200,200,200,200,200,200,300,300,300,300,300,300,300,300,300,400,400,400,400,400,400,400
16:31,16,31,100,100,100,100,100,300,400,200,300,300,400,100,100,100,100,100,100,200,200,300,300,300,400,100,100,100,100,100,200,200,200,200,200,200,200,300,300,300,300,300,300,300,300,300,400,400,400,400,400,400,400
16:32,16,32,100,100,100,100,100,300,400,200,300,300,400,100,100,100,100,100,100,200,200,300,300,300,400,100,100,100,100,100,200,200,200,200,200,200,200,300,300,300,300,300,300,300,300,300,400,400,400,400,400,400,400
16:33,16,33,100,100,100,100,100,300,400,200,300,300,400,100,100,100,100,100,100,200,200,300,300,300,400,100,100,100,100,100,200,200,200,200,200,200,200,300,300,300,300,300,300,300,300,300,400,400,400,400,400,400,400
16:34,16,34,100,100,100,100,100,300,400,200,300,300,400,100,100,100,100,100,100,200,200,300,300,300,400,100,100,100,100,100,200,200,200,200,200,200,200,300,300,300,300,300,300,300,300,300,400,400,400,400,400,400,400
16:35,16,35,100,100,100,100,100,300,400,200,300,300,400,100,100,100,100,100,100,200,200,300,300,300,400,100,100,100,100,100,200,200,200,200,200,200,200,300,300,300,300,300,300,300,300,300,400,400,400,400,400,400,400
16:36,16,36,100,100,100,100,100,300,400,200,300,300,400,100,100,100,100,100,100,200,200,300,300,300,400,100,100,100,100,100,200,200,200,200,200,200,200,300,300,300,300,300,300,300,300,300,400,400,400,400,400,400,400
16:37,16,37,100,100,100,100,100,300,400,200,300,300,400,100,100,100,100,100,100,200,200,300,300,300,400,100,100,100,100,100,200,200,200,200,200,200,200,300,300,300,300,300,300,300,300,300,400,400,400,400,400,400,400
16:38,16,38,100,100,100,100,100,300,400,200,300,300,400,100,100,100,100,100,100,200,200,300,300,300,400,100,100,100,100,100,200,200,200,200,200,200,200,300,300,300,300,300,300,300,300,300,400,400,400,400,400,400,400
16:39,16,39,100,100,100,100,100,300,400,200,300,300,400,100,100,100,100,100,100,200,200,300,300,300,400,100,100,100,100,100,200,200,200,200,200,200,200,300,300,300,300,300,300,300,300,300,400,400,400,400,400,400,400
16:40,16,40,100,100,100,100,100,300,400,200,300,300,400,100,100,100,100,100,100,200,200,300,300,300,400,100,100,100,100,100,200,200,200,200,200,200,200,300,300,300,300,300,300,300,300,300,400,400,400,400,400,400,400
16:41,16,41,100,100,100,100,100,300,400,200,300,300,400,100,100,100,100,100,100,200,200,300,300,300,400,100,100,100,100,100,200,200,200,200,200,200,200,300,300,300,300,300,300,300,300,300,400,400,400,400,400,400,400
16:42,16,42,100,100,100,100,100,300,400,200,300,300,400,100,100,100,100,100,100,200,200,300,300,300,400,100,100,100,100,100,200,200,200,200,200,200,200,300,300,300,300,300,300,300,300,300,400,400,400,400,400,400,400
16:43,16,43,100,100,100,100,100,300,400,200,300,300,400,100,100,100,100,100,100,200,200,300,300,300,400,100,100,100,100,100,200,200,200,200,200,200,200,300,300,300,300,300,300,300,300,300,400,400,400,400,400,400,400
16:44,16,44,100,100,100,100,100,300,400,200,300,300,400,100,100,100,100,100,100,200,200,300,300,300,400,100,100,100,100,100,200,200,200,200,200,200,200,300,300,300,300,300,300,300,300,300,400,400,400,400,400,400,400
16:45,16,45,100,100,100,100,100,300,400,200,300,300,400,100,100,100,100,100,100,200,200,300,300,300,400,100,100,100,100,100,200,200,200,200,200,200,200,300,300,300,300,300,300,300,300,300,400,400,400,400,400,400,400
16:46,16,46,100,100,100,100,100,300,400,200,300,300,400,100,100,100,100,100,100,200,200,300,300,300,400,100,100,100,100,100,200,200,200,200,200,200,200,300,300,300,300,300,300,300,300,300,400,400,400,400,400,400,400
16:47,16,47,100,100,100,100,100,300,400,200,300,300,400,100,100,100,100,100,100,200,200,300,300,300,400,100,100,100,100,100,200,200,200,200,200,200,200,300,300,300,300,300,300,300,300,300,400,400,400,400,400,400,400
16:48,16,48,100,100,100,100,100,300,400,200,300,300,400,100,100,100,100,100,100,200,200,300,300,300,400,100,100,100,100,100,200,200,200,200,200,200,200,300,300,300,300,300,300,300,300,300,400,400,400,400,400,400,400
16:49,16,49,100,100,100,100,100,300,400,200,300,300,400,100,100,100,100,100,100,200,200,300,300,300,400,100,100,100,100,100,200,200,200,200,200,200,200,300,300,300,300,300,300,300,300,300,400,400,400,400,400,400,400
16:50,16,50,100,100,100,100,100,300,400,200,300,300,400,100,100,100,100,100,100,200,200,300,300,300,400,100,100,100,100,100,200,200,200,200,200,200,200,300,300,300,300,300,300,300,300,300,400,400,400,400,400,400,400
16:51,16,51,100,100,100,100,100,300,400,200,300,300,400,100,100,100,100,100,100,200,200,300,300,300,400,100,100,100,100,100,200,200,200,200,200,200,200,300,300,300,300,300,300,300,300,300,400,400,400,400,400,400,400
16:52,16,52,100,100,100,100,100,300,400,200,300,300,400,100,100,100,100,100,100,200,200,300,300,300,400,100,100,100,100,100,200,200,200,200,200,200,200,300,300,300,300,300,300,300,300,300,400,400,400,400,400,400,400
16:53,16,53,100,100,100,100,100,300,400,200,300,300,400,100,100,100,100,100,100,200,200,300,300,300,400,100,100,100,100,100,200,200,200,200,200,200,200,300,300,300,300,300,300,300,300,300,400,400,400,400,400,400,400
16:54,16,54,100,100,100,100,100,300,400,200,300,300,400,100,100,100,100,100,100,200,200,300,300,300,400,100,100,100,100,100,200,200,200,200,200,200,200,300,300,300,300,300,300,300,300,300,400,400,400,400,400,400,400
16:55,16,55,100,100,100,100,100,300,400,200,300,300,400,100,100,100,100,100,100,200,200,300,300,300,400,100,100,100,100,100,200,200,200,200,200,200,200,300,300,300,300,300,300,300,300,300,400,400,400,400,400,400,400
16:56,16,56,100,100,100,100,100,300,400,200,300,300,400,100,100,100,100,100,100,200,200,300,300,300,400,100,100,100,100,100,200,200,200,200,200,200,200,300,300,300,300,300,300,300,300,300,400,400,400,400,400,400,400
16:57,16,57,100,100,100,100,100,300,400,200,300,300,400,100,100,100,100,100,100,200,200,300,300,300,400,100,100,100,100,100,200,200,200,200,200,200,200,300,300,300,300,300,300,300,300,300,400,400,400,400,400,400,400
16:58,16,58,100,100,100,100,100,300,400,200,300,300,400,100,100,100,100,100,100,200,200,300,300,300,400,100,100,100,100,100,200,200,200,200,200,200,200,300,300,300,300,300,300,300,300,300,400,400,400,400,400,400,400
16:59,16,59,100,100,100,100,100,300,400,200,300,300,400,100,100,100,100,100,100,200,200,300,300,300,400,100,100,100,100,100,200,200,200,200,200,200,200,300,300,300,300,300,300,300,300,300,400,400,400,400,400,400,400
17:00,17,0,100,100,100,100,100,300,400,200,300,300,400,100,100,100,100,100,100,200,200,300,300,300,400,100,100,100,100,100,200,200,200,200,200,200,200,300,300,300,300,300,300,300,300,300,400,400,400,400,400,400,400
17:01,17,1,100,100,100,100,100,300,400,200,300,300,400,100,100,100,100,100,100,200,200,300,300,300,400,100,100,100,100,100,200,200,200,200,200,200,200,300,300,300,300,300,300,300,300,300,400,400,400,400,400,400,400
17:02,17,2,100,100,100,100,100,300,400,200,300,300,400,100,100,100,100,100,100,200,200,300,300,300,400,100,100,100,100,100,200,200,200,200,200,200,200,300,300,300,300,300,300,300,300,300,400,400,400,400,400,400,400
17:03,17,3,100,100,100,100,100,300,400,200,300,300,400,100,100,100,100,100,100,200,200,300,300,300,400,100,100,100,100,100,200,200,200,200,200,200,200,300,300,300,300,300,300,300,300,300,400,400,400,400,400,400,400
17:04,17,4,100,100,100,100,100,300,400,200,300,300,400,100,100,100,100,100,100,200,200,300,300,300,400,100,100,100,100,100,200,200,200,200,200,200,200,300,300,300,300,300,300,300,300,300,400,400,400,400,400,400,400
17:05,17,5,100,100,100,100,100,300,400,200,300,300,400,100,100,100,100,100,100,200,200,300,300,300,400,100,100,100,100,100,200,200,200,200,200,200,200,300,300,300,300,300,300,300,300,300,400,400,400,400,400,400,400
17:06,17,6,100,100,100,100,100,300,400,200,300,300,400,100,100,100,100,100,100,200,200,300,300,300,400,100,100,100,100,100,200,200,200,200,200,200,200,300,300,300,300,300,300,300,300,300,400,400,400,400,400,400,400
17:07,17,7,100,100,100,100,100,300,400,200,300,300,400,100,100,100,100,100,100,200,200,300,300,300,400,100,100,100,100,100,200,200,200,200,200,200,200,300,300,300,300,300,300,300,300,300,400,400,400,400,400,400,400
17:08,17,8,100,100,100,100,100,300,400,200,300,300,400,100,100,100,100,100,100,200,200,300,300,300,400,100,100,100,100,100,200,200,200,200,200,200,200,300,300,300,300,300,300,300,300,300,400,400,400,400,400,400,400
17:09,17,9,100,100,100,100,100,300,400,200,300,300,400,100,100,100,100,100,100,200,200,300,300,300,400,100,100,100,100,100,200,200,200,200,200,200,200,300,300,300,300,300,300,300,300,300,400,400,400,400,400,400,400
17:10,17,10,100,100,100,100,100,300,400,200,300,300,400,100,100,100,100,100,100,200,200,300,300,300,400,100,100,100,100,100,200,200,200,200,200,200,200,300,300,300,300,300,300,300,300,300,400,400,400,400,400,400,400
17:11,17,11,100,100,100,100,100,300,400,200,300,300,400,100,100,100,100,100,100,200,200,300,300,300,400,100,100,100,100,100,200,200,200,200,200,200,200,300,300,300,300,300,300,300,300,300,400,400,400,400,400,400,400
17:12,17,12,100,100,100,100,100,300,400,200,300,300,400,100,100,100,100,100,100,200,200,300,300,300,400,100,100,100,100,100,200,200,200,200,200,200,200,300,300,300,300,300,300,300,300,300,400,400,400,400,400,400,400
17:13,17,13,100,100,100,100,100,300,400,200,300,300,400,100,100,100,100,100,100,200,200,300,300,300,400,100,100,100,100,100,200,200,200,200,200,200,200,300,300,300,300,300,300,300,300,300,400,400,400,400,400,400,400
17:14,17,14,100,100,100,100,100,300,400,200,300,300,400,100,100,100,100,100,100,200,200,300,300,300,400,100,100,100,100,100,200,200,200,200,200,200,200,300,300,300,300,300,300,300,300,300,400,400,400,400,400,400,400
17:15,17,15,100,100,100,100,100,300,400,200,300,300,400,100,100,100,100,100,100,200,200,300,300,300,400,100,100,100,100,100,200,200,200,200,200,200,200,300,300,300,300,300,300,300,300,300,400,400,400,400,400,400,400
17:16,17,16,100,100,100,100,100,300,400,200,300,300,400,100,100,100,100,100,100,200,200,300,300,300,400,100,100,100,100,100,200,200,200,200,200,200,200,300,300,300,300,300,300,300,300,300,400,400,400,400,400,400,400
17:17,17,17,100,100,100,100,100,300,400,200,300,300,400,100,100,100,100,100,100,200,200,300,300,300,400,100,100,100,100,100,200,200,200,200,200,200,200,300,300,300,300,300,300,300,300,300,400,400,400,400,400,400,400
17:18,17,18,100,100,100,100,100,300,400,200,300,300,400,100,100,100,100,100,100,200,200,300,300,300,400,100,100,100,100,100,200,200,200,200,200,200,200,300,300,300,300,300,300,300,300,300,400,400,400,400,400,400,400
17:19,17,19,100,100,100,100,100,300,400,200,300,300,400,100,100,100,100,100,100,200,200,300,300,300,400,100,100,100,100,100,200,200,200,200,200,200,200,300,300,300,300,300,300,300,300,300,400,400,400,400,400,400,400
17:20,17,20,100,100,100,100,100,300,400,200,300,300,400,100,100,100,100,100,100,200,200,300,300,300,400,100,100,100,100,100,200,200,200,200,200,200,200,300,300,300,300,300,300,300,300,300,400,400,400,400,400,400,400
17:21,17,21,100,100,100,100,100,300,400,200,300,300,400,100,100,100,100,100,100,200,200,300,300,300,400,100,100,100,100,100,200,200,200,200,200,200,200,300,300,300,300,300,300,300,300,300,400,400,400,400,400,400,400
17:22,17,22,100,100,100,100,100,300,400,200,300,300,400,100,100,100,100,100,100,200,200,300,300,300,400,100,100,100,100,100,200,200,200,200,200,200,200,300,300,300,300,300,300,300,300,300,400,400,400,400,400,400,400
17:23,17,23,100,100,100,100,100,300,400,200,300,300,400,100,100,100,100,100,100,200,200,300,300,300,400,100,100,100,100,100,200,200,200,200,200,200,200,300,300,300,300,300,300,300,300,300,400,400,400,400,400,400,400
17:24,17,24,100,100,100,100,100,300,400,200,300,300,400,100,100,100,100,100,100,200,200,300,300,300,400,100,100,100,100,100,200,200,200,200,200,200,200,300,300,300,300,300,300,300,300,300,400,400,400,400,400,400,400
17:25,17,25,100,100,100,100,100,300,400,200,300,300,400,100,100,100,100,100,100,200,200,300,300,300,400,100,100,100,100,100,200,200,200,200,200,200,200,300,300,300,300,300,300,300,300,300,400,400,400,400,400,400,400
17:26,17,26,100,100,100,100,100,300,400,200,300,300,400,100,100,100,100,100,100,200,200,300,300,300,400,100,100,100,100,100,200,200,200,200,200,200,200,300,300,300,300,300,300,300,300,300,400,400,400,400,400,400,400
17:27,17,27,100,100,100,100,100,300,400,200,300,300,400,100,100,100,100,100,100,200,200,300,300,300,400,100,100,100,100,100,200,200,200,200,200,200,200,300,300,300,300,300,300,300,300,300,400,400,400,400,400,400,400
17:28,17,28,100,100,100,100,100,300,400,200,300,300,400,100,100,100,100,100,100,200,200,300,300,300,400,100,100,100,100,100,200,200,200,200,200,200,200,300,300,300,300,300,300,300,300,300,400,400,400,400,400,400,400
17:29,17,29,100,100,100,100,100,300,400,200,300,300,400,100,100,100,100,100,100,200,200,300,300,300,400,100,100,100,100,100,200,200,200,200,200,200,200,300,300,300,300,300,300,300,300,300,400,400,400,400,400,400,400
17:30,17,30,100,100,100,100,100,300,400,200,300,300,400,100,100,100,100,100,100,200,200,300,300,300,400,100,100,100,100,100,200,200,200,200,200,200,200,300,300,300,300,300,300,300,300,300,400,400,400,400,400,400,400
17:31,17,31,100,100,100,100,100,300,400,200,300,300,400,100,100,100,100,100,100,200,200,300,300,300,400,100,100,100,100,100,200,200,200,200,200,200,200,300,300,300,300,300,300,300,300,300,400,400,400,400,400,400,400
17:32,17,32,100,100,100,100,100,300,400,200,300,300,400,100,100,100,100,100,100,200,200,300,300,300,400,100,100,100,100,100,200,200,200,200,200,200,200,300,300,300,300,300,300,300,300,300,400,400,400,400,400,400,400
17:33,17,33,100,100,100,100,100,300,400,200,300,300,400,100,100,100,100,100,100,200,200,300,300,300,400,100,100,100,100,100,200,200,200,200,200,200,200,300,300,300,300,300,300,300,300,300,400,400,400,400,400,400,400
17:34,17,34,100,100,100,100,100,300,400,200,300,300,400,100,100,100,100,100,100,200,200,300,300,300,400,100,100,100,100,100,200,200,200,200,200,200,200,300,300,300,300,300,300,300,300,300,400,400,400,400,400,400,400
17:35,17,35,100,100,100,100,100,300,400,200,300,300,400,100,100,100,100,100,100,200,200,300,300,300,400,100,100,100,100,100,200,200,200,200,200,200,200,300,300,300,300,300,300,300,300,300,400,400,400,400,400,400,400
17:36,17,36,100,100,100,100,100,300,400,200,300,300,400,100,100,100,100,100,100,200,200,300,300,300,400,100,100,100,100,100,200,200,200,200,200,200,200,300,300,300,300,300,300,300,300,300,400,400,400,400,400,400,400
17:37,17,37,100,100,100,100,100,300,400,200,300,300,400,100,100,100,100,100,100,200,200,300,300,300,400,100,100,100,100,100,200,200,200,200,200,200,200,300,300,300,300,300,300,300,300,300,400,400,400,400,400,400,400
17:38,17,38,100,100,100,100,100,300,400,200,300,300,400,100,100,100,100,100,100,200,200,300,300,300,400,100,100,100,100,100,200,200,200,200,200,200,200,300,300,300,300,300,300,300,300,300,400,400,400,400,400,400,400
17:39,17,39,100,100,100,100,100,300,400,200,300,300,400,100,100,100,100,100,100,200,200,300,300,300,400,100,100,100,100,100,200,200,200,200,200,200,200,300,300,300,300,300,300,300,300,300,400,400,400,400,400,400,400
17:40,17,40,100,100,100,100,100,300,400,200,300,300,400,100,100,100,100,100,100,200,200,300,300,300,400,100,100,100,100,100,200,200,200,200,200,200,200,300,300,300,300,300,300,300,300,300,400,400,400,400,400,400,400
17:41,17,41,100,100,100,100,100,300,400,200,300,300,400,100,100,100,100,100,100,200,200,300,300,300,400,100,100,100,100,100,200,200,200,200,200,200,200,300,300,300,300,300,300,300,300,300,400,400,400,400,400,400,400
17:42,17,42,100,100,100,100,100,300,400,200,300,300,400,100,100,100,100,100,100,200,200,300,300,300,400,100,100,100,100,100,200,200,200,200,200,200,200,300,300,300,300,300,300,300,300,300,400,400,400,400,400,400,400
17:43,17,43,100,100,100,100,100,300,400,200,300,300,400,100,100,100,100,100,100,200,200,300,300,300,400,100,100,100,100,100,200,200,200,200,200,200,200,300,300,300,300,300,300,300,300,300,400,400,400,400,400,400,400
17:44,17,44,100,100,100,100,100,300,400,200,300,300,400,100,100,100,100,100,100,200,200,300,300,300,400,100,100,100,100,100,200,200,200,200,200,200,200,300,300,300,300,300,300,300,300,300,400,400,400,400,400,400,400
17:45,17,45,100,100,100,100,100,300,400,200,300,300,400,100,100,100,100,100,100,200,200,300,300,300,400,100,100,100,100,100,200,200,200,200,200,200,200,300,300,300,300,300,300,300,300,300,400,400,400,400,400,400,400
17:46,17,46,100,100,100,100,100,300,400,200,300,300,400,100,100,100,100,100,100,200,200,300,300,300,400,100,100,100,100,100,200,200,200,200,200,200,200,300,300,300,300,300,300,300,300,300,400,400,400,400,400,400,400
17:47,17,47,100,100,100,100,100,300,400,200,300,300,400,100,100,100,100,100,100,200,200,300,300,300,400,100,100,100,100,100,200,200,200,200,200,200,200,300,300,300,300,300,300,300,300,300,400,400,400,400,400,400,400
17:48,17,48,100,100,100,100,100,300,400,200,300,300,400,100,100,100,100,100,100,200,200,300,300,300,400,100,100,100,100,100,200,200,200,200,200,200,200,300,300,300,300,300,300,300,300,300,400,400,400,400,400,400,400
17:49,17,49,100,100,100,100,100,300,400,200,300,300,400,100,100,100,100,100,100,200,200,300,300,300,400,100,100,100,100,100,200,200,200,200,200,200,200,300,300,300,300,300,300,300,300,300,400,400,400,400,400,400,400
17:50,17,50,100,100,100,100,100,300,400,200,300,300,400,100,100,100,100,100,100,200,200,300,300,300,400,100,100,100,100,100,200,200,200,200,200,200,200,300,300,300,300,300,300,300,300,300,400,400,400,400,400,400,400
17:51,17,51,100,100,100,100,100,300,400,200,300,300,400,100,100,100,100,100,100,200,200,300,300,300,400,100,100,100,100,100,200,200,200,200,200,200,200,300,300,300,300,300,300,300,300,300,400,400,400,400,400,400,400
17:52,17,52,100,100,100,100,100,300,400,200,300,300,400,100,100,100,100,100,100,200,200,300,300,300,400,100,100,100,100,100,200,200,200,200,200,200,200,300,300,300,300,300,300,300,300,300,400,400,400,400,400,400,400
17:53,17,53,100,100,100,100,100,300,400,200,300,300,400,100,100,100,100,100,100,200,200,300,300,300,400,100,100,100,100,100,200,200,200,200,200,200,200,300,300,300,300,300,300,300,300,300,400,400,400,400,400,400,400
17:54,17,54,100,100,100,100,100,300,400,200,300,300,400,100,100,100,100,100,100,200,200,300,300,300,400,100,100,100,100,100,200,200,200,200,200,200,200,300,300,300,300,300,300,300,300,300,400,400,400,400,400,400,400
17:55,17,55,100,100,100,100,100,300,400,200,300,300,400,100,100,100,100,100,100,200,200,300,300,300,400,100,100,100,100,100,200,200,200,200,200,200,200,300,300,300,300,300,300,300,300,300,400,400,400,400,400,400,400
17:56,17,56,100,100,100,100,100,300,400,200,300,300,400,100,100,100,100,100,100,200,200,300,300,300,400,100,100,100,100,100,200,200,200,200,200,200,200,300,300,300,300,300,300,300,300,300,400,400,400,400,400,400,400
17:57,17,57,100,100,100,100,100,300,400,200,300,300,400,100,100,100,100,100,100,200,200,300,300,300,400,100,100,100,100,100,200,200,200,200,200,200,200,300,300,300,300,300,300,300,300,300,400,400,400,400,400,400,400
17:58,17,58,100,100,100,100,100,300,400,200,300,300,400,100,100,100,100,100,100,200,200,300,300,300,400,100,100,100,100,100,200,200,200,200,200,200,200,300,300,300,300,300,300,300,300,300,400,400,400,400,400,400,400
17:59,17,59,100,100,100,100,100,300,400,200,300,300,400,100,100,100,100,100,100,200,200,300,300,300,400,100,100,100,100,100,200,200,200,200,200,200,200,300,300,300,300,300,300,300,300,300,400,400,400,400,400,400,400
18:00,18,0,100,100,100,100,100,300,400,200,300,300,400,100,100,100,100,100,100,200,200,300,300,300,400,100,100,100,100,100,200,200,200,200,200,200,200,300,300,300,300,300,300,300,300,300,400,400,400,400,400,400,400
18:01,18,1,100,100,100,100,100,300,400,200,300,300,400,100,100,100,100,100,100,200,200,300,300,300,400,100,100,100,100,100,200,200,200,200,200,200,200,300,300,300,300,300,300,300,300,300,400,400,400,400,400,400,400
18:02,18,2,100,100,100,100,100,300,400,200,300,300,400,100,100,100,100,100,100,200,200,300,300,300,400,100,100,100,100,100,200,200,200,200,200,200,200,300,300,300,300,300,300,300,300,300,400,400,400,400,400,400,400
18:03,18,3,100,100,100,100,100,300,400,200,300,300,400,100,100,100,100,100,100,200,200,300,300,300,400,100,100,100,100,100,200,200,200,200,200,200,200,300,300,300,300,300,300,300,300,300,400,400,400,400,400,400,400
18:04,18,4,100,100,100,100,100,300,400,200,300,300,400,100,100,100,100,100,100,200,200,300,300,300,400,100,100,100,100,100,200,200,200,200,200,200,200,300,300,300,300,300,300,300,300,300,400,400,400,400,400,400,400
18:05,18,5,100,100,100,100,100,300,400,200,300,300,400,100,100,100,100,100,100,200,200,300,300,300,400,100,100,100,100,100,200,200,200,200,200,200,200,300,300,300,300,300,300,300,300,300,400,400,400,400,400,400,400
18:06,18,6,100,100,100,100,100,300,400,200,300,300,400,100,100,100,100,100,100,200,200,300,300,300,400,100,100,100,100,100,200,200,200,200,200,200,200,300,300,300,300,300,300,300,300,300,400,400,400,400,400,400,400
18:07,18,7,100,100,100,100,100,300,400,200,300,300,400,100,100,100,100,100,100,200,200,300,300,300,400,100,100,100,100,100,200,200,200,200,200,200,200,300,300,300,300,300,300,300,300,300,400,400,400,400,400,400,400
18:08,18,8,100,100,100,100,100,300,400,200,300,300,400,100,100,100,100,100,100,200,200,300,300,300,400,100,100,100,100,100,200,200,200,200,200,200,200,300,300,300,300,300,300,300,300,300,400,400,400,400,400,400,400
18:09,18,9,100,100,100,100,100,300,400,200,300,300,400,100,100,100,100,100,100,200,200,300,300,300,400,100,100,100,100,100,200,200,200,200,200,200,200,300,300,300,300,300,300,300,300,300,400,400,400,400,400,400,400
18:10,18,10,100,100,100,100,100,300,400,200,300,300,400,100,100,100,100,100,100,200,200,300,300,300,400,100,100,100,100,100,200,200,200,200,200,200,200,300,300,300,300,300,300,300,300,300,400,400,400,400,400,400,400
18:11,18,11,100,100,100,100,100,300,400,200,300,300,400,100,100,100,100,100,100,200,200,300,300,300,400,100,100,100,100,100,200,200,200,200,200,200,200,300,300,300,300,300,300,300,300,300,400,400,400,400,400,400,400
18:12,18,12,100,100,100,100,100,300,400,200,300,300,400,100,100,100,100,100,100,200,200,300,300,300,400,100,100,100,100,100,200,200,200,200,200,200,200,300,300,300,300,300,300,300,300,300,400,400,400,400,400,400,400
18:13,18,13,100,100,100,100,100,300,400,200,300,300,400,100,100,100,100,100,100,200,200,300,300,300,400,100,100,100,100,100,200,200,200,200,200,200,200,300,300,300,300,300,300,300,300,300,400,400,400,400,400,400,400
18:14,18,14,100,100,100,100,100,300,400,200,300,300,400,100,100,100,100,100,100,200,200,300,300,300,400,100,100,100,100,100,200,200,200,200,200,200,200,300,300,300,300,300,300,300,300,300,400,400,400,400,400,400,400
18:15,18,15,100,100,100,100,100,300,400,200,300,300,400,100,100,100,100,100,100,200,200,300,300,300,400,100,100,100,100,100,200,200,200,200,200,200,200,300,300,300,300,300,300,300,300,300,400,400,400,400,400,400,400
18:16,18,16,100,100,100,100,100,300,400,200,300,300,400,100,100,100,100,100,100,200,200,300,300,300,400,100,100,100,100,100,200,200,200,200,200,200,200,300,300,300,300,300,300,300,300,300,400,400,400,400,400,400,400
18:17,18,17,100,100,100,100,100,300,400,200,300,300,400,100,100,100,100,100,100,200,200,300,300,300,400,100,100,100,100,100,200,200,200,200,200,200,200,300,300,300,300,300,300,300,300,300,400,400,400,400,400,400,400
18:18,18,18,100,100,100,100,100,300,400,200,300,300,400,100,100,100,100,100,100,200,200,300,300,300,400,100,100,100,100,100,200,200,200,200,200,200,200,300,300,300,300,300,300,300,300,300,400,400,400,400,400,400,400
18:19,18,19,100,100,100,100,100,300,400,200,300,300,400,100,100,100,100,100,100,200,200,300,300,300,400,100,100,100,100,100,200,200,200,200,200,200,200,300,300,300,300,300,300,300,300,300,400,400,400,400,400,400,400
18:20,18,20,100,100,100,100,100,300,400,200,300,300,400,100,100,100,100,100,100,200,200,300,300,300,400,100,100,100,100,100,200,200,200,200,200,200,200,300,300,300,300,300,300,300,300,300,400,400,400,400,400,400,400
18:21,18,21,100,100,100,100,100,300,400,200,300,300,400,100,100,100,100,100,100,200,200,300,300,300,400,100,100,100,100,100,200,200,200,200,200,200,200,300,300,300,300,300,300,300,300,300,400,400,400,400,400,400,400
18:22,18,22,100,100,100,100,100,300,400,200,300,300,400,100,100,100,100,100,100,200,200,300,300,300,400,100,100,100,100,100,200,200,200,200,200,200,200,300,300,300,300,300,300,300,300,300,400,400,400,400,400,400,400
18:23,18,23,100,100,100,100,100,300,400,200,300,300,400,100,100,100,100,100,100,200,200,300,300,300,400,100,100,100,100,100,200,200,200,200,200,200,200,300,300,300,300,300,300,300,300,300,400,400,400,400,400,400,400
18:24,18,24,100,100,100,100,100,300,400,200,300,300,400,100,100,100,100,100,100,200,200,300,300,300,400,100,100,100,100,100,200,200,200,200,200,200,200,300,300,300,300,300,300,300,300,300,400,400,400,400,400,400,400
18:25,18,25,100,100,100,100,100,300,400,200,300,300,400,100,100,100,100,100,100,200,200,300,300,300,400,100,100,100,100,100,200,200,200,200,200,200,200,300,300,300,300,300,300,300,300,300,400,400,400,400,400,400,400
18:26,18,26,100,100,100,100,100,300,400,200,300,300,400,100,100,100,100,100,100,200,200,300,300,300,400,100,100,100,100,100,200,200,200,200,200,200,200,300,300,300,300,300,300,300,300,300,400,400,400,400,400,400,400
18:27,18,27,100,100,100,100,100,300,400,200,300,300,400,100,100,100,100,100,100,200,200,300,300,300,400,100,100,100,100,100,200,200,200,200,200,200,200,300,300,300,300,300,300,300,300,300,400,400,400,400,400,400,400
18:28,18,28,100,100,100,100,100,300,400,200,300,300,400,100,100,100,100,100,100,200,200,300,300,300,400,100,100,100,100,100,200,200,200,200,200,200,200,300,300,300,300,300,300,300,300,300,400,400,400,400,400,400,400
18:29,18,29,100,100,100,100,100,300,400,200,300,300,400,100,100,100,100,100,100,200,200,300,300,300,400,100,100,100,100,100,200,200,200,200,200,200,200,300,300,300,300,300,300,300,300,300,400,400,400,400,400,400,400
18:30,18,30,100,100,100,100,100,300,400,200,300,300,400,100,100,100,100,100,100,200,200,300,300,300,400,100,100,100,100,100,200,200,200,200,200,200,200,300,300,300,300,300,300,300,300,300,400,400,400,400,400,400,400
18:31,18,31,100,100,100,100,100,300,400,200,300,300,400,100,100,100,100,100,100,200,200,300,300,300,400,100,100,100,100,100,200,200,200,200,200,200,200,300,300,300,300,300,300,300,300,300,400,400,400,400,400,400,400
18:32,18,32,100,100,100,100,100,300,400,200,300,300,400,100,100,100,100,100,100,200,200,300,300,300,400,100,100,100,100,100,200,200,200,200,200,200,200,300,300,300,300,300,300,300,300,300,400,400,400,400,400,400,400
18:33,18,33,100,100,100,100,100,300,400,200,300,300,400,100,100,100,100,100,100,200,200,300,300,300,400,100,100,100,100,100,200,200,200,200,200,200,200,300,300,300,300,300,300,300,300,300,400,400,400,400,400,400,400
18:34,18,34,100,100,100,100,100,300,400,200,300,300,400,100,100,100,100,100,100,200,200,300,300,300,400,100,100,100,100,100,200,200,200,200,200,200,200,300,300,300,300,300,300,300,300,300,400,400,400,400,400,400,400
18:35,18,35,100,100,100,100,100,300,400,200,300,300,400,100,100,100,100,100,100,200,200,300,300,300,400,100,100,100,100,100,200,200,200,200,200,200,200,300,300,300,300,300,300,300,300,300,400,400,400,400,400,400,400
18:36,18,36,100,100,100,100,100,300,400,200,300,300,400,100,100,100,100,100,100,200,200,300,300,300,400,100,100,100,100,100,200,200,200,200,200,200,200,300,300,300,300,300,300,300,300,300,400,400,400,400,400,400,400
18:37,18,37,100,100,100,100,100,300,400,200,300,300,400,100,100,100,100,100,100,200,200,300,300,300,400,100,100,100,100,100,200,200,200,200,200,200,200,300,300,300,300,300,300,300,300,300,400,400,400,400,400,400,400
18:38,18,38,100,100,100,100,100,300,400,200,300,300,400,100,100,100,100,100,100,200,200,300,300,300,400,100,100,100,100,100,200,200,200,200,200,200,200,300,300,300,300,300,300,300,300,300,400,400,400,400,400,400,400
18:39,18,39,100,100,100,100,100,300,400,200,300,300,400,100,100,100,100,100,100,200,200,300,300,300,400,100,100,100,100,100,200,200,200,200,200,200,200,300,300,300,300,300,300,300,300,300,400,400,400,400,400,400,400
18:40,18,40,100,100,100,100,100,300,400,200,300,300,400,100,100,100,100,100,100,200,200,300,300,300,400,100,100,100,100,100,200,200,200,200,200,200,200,300,300,300,300,300,300,300,300,300,400,400,400,400,400,400,400
18:41,18,41,100,100,100,100,100,300,400,200,300,300,400,100,100,100,100,100,100,200,200,300,300,300,400,100,100,100,100,100,200,200,200,200,200,200,200,300,300,300,300,300,300,300,300,300,400,400,400,400,400,400,400
18:42,18,42,100,100,100,100,100,300,400,200,300,300,400,100,100,100,100,100,100,200,200,300,300,300,400,100,100,100,100,100,200,200,200,200,200,200,200,300,300,300,300,300,300,300,300,300,400,400,400,400,400,400,400
18:43,18,43,100,100,100,100,100,300,400,200,300,300,400,100,100,100,100,100,100,200,200,300,300,300,400,100,100,100,100,100,200,200,200,200,200,200,200,300,300,300,300,300,300,300,300,300,400,400,400,400,400,400,400
18:44,18,44,100,100,100,100,100,300,400,200,300,300,400,100,100,100,100,100,100,200,200,300,300,300,400,100,100,100,100,100,200,200,200,200,200,200,200,300,300,300,300,300,300,300,300,300,400,400,400,400,400,400,400
18:45,18,45,100,100,100,100,100,300,400,200,300,300,400,100,100,100,100,100,100,200,200,300,300,300,400,100,100,100,100,100,200,200,200,200,200,200,200,300,300,300,300,300,300,300,300,300,400,400,400,400,400,400,400
18:46,18,46,100,100,100,100,100,300,400,200,300,300,400,100,100,100,100,100,100,200,200,300,300,300,400,100,100,100,100,100,200,200,200,200,200,200,200,300,300,300,300,300,300,300,300,300,400,400,400,400,400,400,400
18:47,18,47,100,100,100,100,100,300,400,200,300,300,400,100,100,100,100,100,100,200,200,300,300,300,400,100,100,100,100,100,200,200,200,200,200,200,200,300,300,300,300,300,300,300,300,300,400,400,400,400,400,400,400
18:48,18,48,100,100,100,100,100,300,400,200,300,300,400,100,100,100,100,100,100,200,200,300,300,300,400,100,100,100,100,100,200,200,200,200,200,200,200,300,300,300,300,300,300,300,300,300,400,400,400,400,400,400,400
18:49,18,49,100,100,100,100,100,300,400,200,300,300,400,100,100,100,100,100,100,200,200,300,300,300,400,100,100,100,100,100,200,200,200,200,200,200,200,300,300,300,300,300,300,300,300,300,400,400,400,400,400,400,400
18:50,18,50,100,100,100,100,100,300,400,200,300,300,400,100,100,100,100,100,100,200,200,300,300,300,400,100,100,100,100,100,200,200,200,200,200,200,200,300,300,300,300,300,300,300,300,300,400,400,400,400,400,400,400
18:51,18,51,100,100,100,100,100,300,400,200,300,300,400,100,100,100,100,100,100,200,200,300,300,300,400,100,100,100,100,100,200,200,200,200,200,200,200,300,300,300,300,300,300,300,300,300,400,400,400,400,400,400,400
18:52,18,52,100,100,100,100,100,300,400,200,300,300,400,100,100,100,100,100,100,200,200,300,300,300,400,100,100,100,100,100,200,200,200,200,200,200,200,300,300,300,300,300,300,300,300,300,400,400,400,400,400,400,400
18:53,18,53,100,100,100,100,100,300,400,200,300,300,400,100,100,100,100,100,100,200,200,300,300,300,400,100,100,100,100,100,200,200,200,200,200,200,200,300,300,300,300,300,300,300,300,300,400,400,400,400,400,400,400
18:54,18,54,100,100,100,100,100,300,400,200,300,300,400,100,100,100,100,100,100,200,200,300,300,300,400,100,100,100,100,100,200,200,200,200,200,200,200,300,300,300,300,300,300,300,300,300,400,400,400,400,400,400,400
18:55,18,55,100,100,100,100,100,300,400,200,300,300,400,100,100,100,100,100,100,200,200,300,300,300,400,100,100,100,100,100,200,200,200,200,200,200,200,300,300,300,300,300,300,300,300,300,400,400,400,400,400,400,400
18:56,18,56,100,100,100,100,100,300,400,200,300,300,400,100,100,100,100,100,100,200,200,300,300,300,400,100,100,100,100,100,200,200,200,200,200,200,200,300,300,300,300,300,300,300,300,300,400,400,400,400,400,400,400
18:57,18,57,100,100,100,100,100,300,400,200,300,300,400,100,100,100,100,100,100,200,200,300,300,300,400,100,100,100,100,100,200,200,200,200,200,200,200,300,300,300,300,300,300,300,300,300,400,400,400,400,400,400,400
18:58,18,58,100,100,100,100,100,300,400,200,300,300,400,100,100,100,100,100,100,200,200,300,300,300,400,100,100,100,100,100,200,200,200,200,200,200,200,300,300,300,300,300,300,300,300,300,400,400,400,400,400,400,400
18:59,18,59,100,100,100,100,100,300,400,200,300,300,400,100,100,100,100,100,100,200,200,300,300,300,400,100,100,100,100,100,200,200,200,200,200,200,200,300,300,300,300,300,300,300,300,300,400,400,400,400,400,400,400
19:00,19,0,100,100,100,100,100,300,400,200,300,300,400,100,100,100,100,100,100,200,200,300,300,300,400,100,100,100,100,100,200,200,200,200,200,200,200,300,300,300,300,300,300,300,300,300,400,400,400,400,400,400,400
19:01,19,1,100,100,100,100,100,300,400,200,300,300,400,100,100,100,100,100,100,200,200,300,300,300,400,100,100,100,100,100,200,200,200,200,200,200,200,300,300,300,300,300,300,300,300,300,400,400,400,400,400,400,400
19:02,19,2,100,100,100,100,100,300,400,200,300,300,400,100,100,100,100,100,100,200,200,300,300,300,400,100,100,100,100,100,200,200,200,200,200,200,200,300,300,300,300,300,300,300,300,300,400,400,400,400,400,400,400
19:03,19,3,100,100,100,100,100,300,400,200,300,300,400,100,100,100,100,100,100,200,200,300,300,300,400,100,100,100,100,100,200,200,200,200,200,200,200,300,300,300,300,300,300,300,300,300,400,400,400,400,400,400,400
19:04,19,4,100,100,100,100,100,300,400,200,300,300,400,100,100,100,100,100,100,200,200,300,300,300,400,100,100,100,100,100,200,200,200,200,200,200,200,300,300,300,300,300,300,300,300,300,400,400,400,400,400,400,400
19:05,19,5,100,100,100,100,100,300,400,200,300,300,400,100,100,100,100,100,100,200,200,300,300,300,400,100,100,100,100,100,200,200,200,200,200,200,200,300,300,300,300,300,300,300,300,300,400,400,400,400,400,400,400
19:06,19,6,100,100,100,100,100,300,400,200,300,300,400,100,100,100,100,100,100,200,200,300,300,300,400,100,100,100,100,100,200,200,200,200,200,200,200,300,300,300,300,300,300,300,300,300,400,400,400,400,400,400,400
19:07,19,7,100,100,100,100,100,300,400,200,300,300,400,100,100,100,100,100,100,200,200,300,300,300,400,100,100,100,100,100,200,200,200,200,200,200,200,300,300,300,300,300,300,300,300,300,400,400,400,400,400,400,400
19:08,19,8,100,100,100,100,100,300,400,200,300,300,400,100,100,100,100,100,100,200,200,300,300,300,400,100,100,100,100,100,200,200,200,200,200,200,200,300,300,300,300,300,300,300,300,300,400,400,400,400,400,400,400
19:09,19,9,100,100,100,100,100,300,400,200,300,300,400,100,100,100,100,100,100,200,200,300,300,300,400,100,100,100,100,100,200,200,200,200,200,200,200,300,300,300,300,300,300,300,300,300,400,400,400,400,400,400,400
19:10,19,10,100,100,100,100,100,300,400,200,300,300,400,100,100,100,100,100,100,200,200,300,300,300,400,100,100,100,100,100,200,200,200,200,200,200,200,300,300,300,300,300,300,300,300,300,400,400,400,400,400,400,400
19:11,19,11,100,100,100,100,100,300,400,200,300,300,400,100,100,100,100,100,100,200,200,300,300,300,400,100,100,100,100,100,200,200,200,200,200,200,200,300,300,300,300,300,300,300,300,300,400,400,400,400,400,400,400
19:12,19,12,100,100,100,100,100,300,400,200,300,300,400,100,100,100,100,100,100,200,200,300,300,300,400,100,100,100,100,100,200,200,200,200,200,200,200,300,300,300,300,300,300,300,300,300,400,400,400,400,400,400,400
19:13,19,13,100,100,100,100,100,300,400,200,300,300,400,100,100,100,100,100,100,200,200,300,300,300,400,100,100,100,100,100,200,200,200,200,200,200,200,300,300,300,300,300,300,300,300,300,400,400,400,400,400,400,400
19:14,19,14,100,100,100,100,100,300,400,200,300,300,400,100,100,100,100,100,100,200,200,300,300,300,400,100,100,100,100,100,200,200,200,200,200,200,200,300,300,300,300,300,300,300,300,300,400,400,400,400,400,400,400
19:15,19,15,100,100,100,100,100,300,400,200,300,300,400,100,100,100,100,100,100,200,200,300,300,300,400,100,100,100,100,100,200,200,200,200,200,200,200,300,300,300,300,300,300,300,300,300,400,400,400,400,400,400,400
19:16,19,16,100,100,100,100,100,300,400,200,300,300,400,100,100,100,100,100,100,200,200,300,300,300,400,100,100,100,100,100,200,200,200,200,200,200,200,300,300,300,300,300,300,300,300,300,400,400,400,400,400,400,400
19:17,19,17,100,100,100,100,100,300,400,200,300,300,400,100,100,100,100,100,100,200,200,300,300,300,400,100,100,100,100,100,200,200,200,200,200,200,200,300,300,300,300,300,300,300,300,300,400,400,400,400,400,400,400
19:18,19,18,100,100,100,100,100,300,400,200,300,300,400,100,100,100,100,100,100,200,200,300,300,300,400,100,100,100,100,100,200,200,200,200,200,200,200,300,300,300,300,300,300,300,300,300,400,400,400,400,400,400,400
19:19,19,19,100,100,100,100,100,300,400,200,300,300,400,100,100,100,100,100,100,200,200,300,300,300,400,100,100,100,100,100,200,200,200,200,200,200,200,300,300,300,300,300,300,300,300,300,400,400,400,400,400,400,400
19:20,19,20,100,100,100,100,100,300,400,200,300,300,400,100,100,100,100,100,100,200,200,300,300,300,400,100,100,100,100,100,200,200,200,200,200,200,200,300,300,300,300,300,300,300,300,300,400,400,400,400,400,400,400
19:21,19,21,100,100,100,100,100,300,400,200,300,300,400,100,100,100,100,100,100,200,200,300,300,300,400,100,100,100,100,100,200,200,200,200,200,200,200,300,300,300,300,300,300,300,300,300,400,400,400,400,400,400,400
19:22,19,22,100,100,100,100,100,300,400,200,300,300,400,100,100,100,100,100,100,200,200,300,300,300,400,100,100,100,100,100,200,200,200,200,200,200,200,300,300,300,300,300,300,300,300,300,400,400,400,400,400,400,400
19:23,19,23,100,100,100,100,100,300,400,200,300,300,400,100,100,100,100,100,100,200,200,300,300,300,400,100,100,100,100,100,200,200,200,200,200,200,200,300,300,300,300,300,300,300,300,300,400,400,400,400,400,400,400
19:24,19,24,100,100,100,100,100,300,400,200,300,300,400,100,100,100,100,100,100,200,200,300,300,300,400,100,100,100,100,100,200,200,200,200,200,200,200,300,300,300,300,300,300,300,300,300,400,400,400,400,400,400,400
19:25,19,25,100,100,100,100,100,300,400,200,300,300,400,100,100,100,100,100,100,200,200,300,300,300,400,100,100,100,100,100,200,200,200,200,200,200,200,300,300,300,300,300,300,300,300,300,400,400,400,400,400,400,400
19:26,19,26,100,100,100,100,100,300,400,200,300,300,400,100,100,100,100,100,100,200,200,300,300,300,400,100,100,100,100,100,200,200,200,200,200,200,200,300,300,300,300,300,300,300,300,300,400,400,400,400,400,400,400
19:27,19,27,100,100,100,100,100,300,400,200,300,300,400,100,100,100,100,100,100,200,200,300,300,300,400,100,100,100,100,100,200,200,200,200,200,200,200,300,300,300,300,300,300,300,300,300,400,400,400,400,400,400,400
19:28,19,28,100,100,100,100,100,300,400,200,300,300,400,100,100,100,100,100,100,200,200,300,300,300,400,100,100,100,100,100,200,200,200,200,200,200,200,300,300,300,300,300,300,300,300,300,400,400,400,400,400,400,400
19:29,19,29,100,100,100,100,100,300,400,200,300,300,400,100,100,100,100,100,100,200,200,300,300,300,400,100,100,100,100,100,200,200,200,200,200,200,200,300,300,300,300,300,300,300,300,300,400,400,400,400,400,400,400
19:30,19,30,100,100,100,100,100,300,400,200,300,300,400,100,100,100,100,100,100,200,200,300,300,300,400,100,100,100,100,100,200,200,200,200,200,200,200,300,300,300,300,300,300,300,300,300,400,400,400,400,400,400,400
19:31,19,31,100,100,100,100,100,300,400,200,300,300,400,100,100,100,100,100,100,200,200,300,300,300,400,100,100,100,100,100,200,200,200,200,200,200,200,300,300,300,300,300,300,300,300,300,400,400,400,400,400,400,400
19:32,19,32,100,100,100,100,100,300,400,200,300,300,400,100,100,100,100,100,100,200,200,300,300,300,400,100,100,100,100,100,200,200,200,200,200,200,200,300,300,300,300,300,300,300,300,300,400,400,400,400,400,400,400
19:33,19,33,100,100,100,100,100,300,400,200,300,300,400,100,100,100,100,100,100,200,200,300,300,300,400,100,100,100,100,100,200,200,200,200,200,200,200,300,300,300,300,300,300,300,300,300,400,400,400,400,400,400,400
19:34,19,34,100,100,100,100,100,300,400,200,300,300,400,100,100,100,100,100,100,200,200,300,300,300,400,100,100,100,100,100,200,200,200,200,200,200,200,300,300,300,300,300,300,300,300,300,400,400,400,400,400,400,400
19:35,19,35,100,100,100,100,100,300,400,200,300,300,400,100,100,100,100,100,100,200,200,300,300,300,400,100,100,100,100,100,200,200,200,200,200,200,200,300,300,300,300,300,300,300,300,300,400,400,400,400,400,400,400
19:36,19,36,100,100,100,100,100,300,400,200,300,300,400,100,100,100,100,100,100,200,200,300,300,300,400,100,100,100,100,100,200,200,200,200,200,200,200,300,300,300,300,300,300,300,300,300,400,400,400,400,400,400,400
19:37,19,37,100,100,100,100,100,300,400,200,300,300,400,100,100,100,100,100,100,200,200,300,300,300,400,100,100,100,100,100,200,200,200,200,200,200,200,300,300,300,300,300,300,300,300,300,400,400,400,400,400,400,400
19:38,19,38,100,100,100,100,100,300,400,200,300,300,400,100,100,100,100,100,100,200,200,300,300,300,400,100,100,100,100,100,200,200,200,200,200,200,200,300,300,300,300,300,300,300,300,300,400,400,400,400,400,400,400
19:39,19,39,100,100,100,100,100,300,400,200,300,300,400,100,100,100,100,100,100,200,200,300,300,300,400,100,100,100,100,100,200,200,200,200,200,200,200,300,300,300,300,300,300,300,300,300,400,400,400,400,400,400,400
19:40,19,40,100,100,100,100,100,300,400,200,300,300,400,100,100,100,100,100,100,200,200,300,300,300,400,100,100,100,100,100,200,200,200,200,200,200,200,300,300,300,300,300,300,300,300,300,400,400,400,400,400,400,400
19:41,19,41,100,100,100,100,100,300,400,200,300,300,400,100,100,100,100,100,100,200,200,300,300,300,400,100,100,100,100,100,200,200,200,200,200,200,200,300,300,300,300,300,300,300,300,300,400,400,400,400,400,400,400
19:42,19,42,100,100,100,100,100,300,400,200,300,300,400,100,100,100,100,100,100,200,200,300,300,300,400,100,100,100,100,100,200,200,200,200,200,200,200,300,300,300,300,300,300,300,300,300,400,400,400,400,400,400,400
19:43,19,43,100,100,100,100,100,300,400,200,300,300,400,100,100,100,100,100,100,200,200,300,300,300,400,100,100,100,100,100,200,200,200,200,200,200,200,300,300,300,300,300,300,300,300,300,400,400,400,400,400,400,400
19:44,19,44,100,100,100,100,100,300,400,200,300,300,400,100,100,100,100,100,100,200,200,300,300,300,400,100,100,100,100,100,200,200,200,200,200,200,200,300,300,300,300,300,300,300,300,300,400,400,400,400,400,400,400
19:45,19,45,100,100,100,100,100,300,400,200,300,300,400,100,100,100,100,100,100,200,200,300,300,300,400,100,100,100,100,100,200,200,200,200,200,200,200,300,300,300,300,300,300,300,300,300,400,400,400,400,400,400,400
19:46,19,46,100,100,100,100,100,300,400,200,300,300,400,100,100,100,100,100,100,200,200,300,300,300,400,100,100,100,100,100,200,200,200,200,200,200,200,300,300,300,300,300,300,300,300,300,400,400,400,400,400,400,400
19:47,19,47,100,100,100,100,100,300,400,200,300,300,400,100,100,100,100,100,100,200,200,300,300,300,400,100,100,100,100,100,200,200,200,200,200,200,200,300,300,300,300,300,300,300,300,300,400,400,400,400,400,400,400
19:48,19,48,100,100,100,100,100,300,400,200,300,300,400,100,100,100,100,100,100,200,200,300,300,300,400,100,100,100,100,100,200,200,200,200,200,200,200,300,300,300,300,300,300,300,300,300,400,400,400,400,400,400,400
19:49,19,49,100,100,100,100,100,300,400,200,300,300,400,100,100,100,100,100,100,200,200,300,300,300,400,100,100,100,100,100,200,200,200,200,200,200,200,300,300,300,300,300,300,300,300,300,400,400,400,400,400,400,400
19:50,19,50,100,100,100,100,100,300,400,200,300,300,400,100,100,100,100,100,100,200,200,300,300,300,400,100,100,100,100,100,200,200,200,200,200,200,200,300,300,300,300,300,300,300,300,300,400,400,400,400,400,400,400
19:51,19,51,100,100,100,100,100,300,400,200,300,300,400,100,100,100,100,100,100,200,200,300,300,300,400,100,100,100,100,100,200,200,200,200,200,200,200,300,300,300,300,300,300,300,300,300,400,400,400,400,400,400,400
19:52,19,52,100,100,100,100,100,300,400,200,300,300,400,100,100,100,100,100,100,200,200,300,300,300,400,100,100,100,100,100,200,200,200,200,200,200,200,300,300,300,300,300,300,300,300,300,400,400,400,400,400,400,400
19:53,19,53,100,100,100,100,100,300,400,200,300,300,400,100,100,100,100,100,100,200,200,300,300,300,400,100,100,100,100,100,200,200,200,200,200,200,200,300,300,300,300,300,300,300,300,300,400,400,400,400,400,400,400
19:54,19,54,100,100,100,100,100,300,400,200,300,300,400,100,100,100,100,100,100,200,200,300,300,300,400,100,100,100,100,100,200,200,200,200,200,200,200,300,300,300,300,300,300,300,300,300,400,400,400,400,400,400,400
19:55,19,55,100,100,100,100,100,300,400,200,300,300,400,100,100,100,100,100,100,200,200,300,300,300,400,100,100,100,100,100,200,200,200,200,200,200,200,300,300,300,300,300,300,300,300,300,400,400,400,400,400,400,400
19:56,19,56,100,100,100,100,100,300,400,200,300,300,400,100,100,100,100,100,100,200,200,300,300,300,400,100,100,100,100,100,200,200,200,200,200,200,200,300,300,300,300,300,300,300,300,300,400,400,400,400,400,400,400
19:57,19,57,100,100,100,100,100,300,400,200,300,300,400,100,100,100,100,100,100,200,200,300,300,300,400,100,100,100,100,100,200,200,200,200,200,200,200,300,300,300,300,300,300,300,300,300,400,400,400,400,400,400,400
19:58,19,58,100,100,100,100,100,300,400,200,300,300,400,100,100,100,100,100,100,200,200,300,300,300,400,100,100,100,100,100,200,200,200,200,200,200,200,300,300,300,300,300,300,300,300,300,400,400,400,400,400,400,400
19:59,19,59,100,100,100,100,100,300,400,200,300,300,400,100,100,100,100,100,100,200,200,300,300,300,400,100,100,100,100,100,200,200,200,200,200,200,200,300,300,300,300,300,300,300,300,300,400,400,400,400,400,400,400
20:00,20,0,100,100,100,100,100,300,400,200,300,300,400,100,100,100,100,100,100,200,200,300,300,300,400,100,100,100,100,100,200,200,200,200,200,200,200,300,300,300,300,300,300,300,300,300,400,400,400,400,400,400,400
20:01,20,1,100,100,100,100,100,300,400,200,300,300,400,100,100,100,100,100,100,200,200,300,300,300,400,100,100,100,100,100,200,200,200,200,200,200,200,300,300,300,300,300,300,300,300,300,400,400,400,400,400,400,400
20:02,20,2,100,100,100,100,100,300,400,200,300,300,400,100,100,100,100,100,100,200,200,300,300,300,400,100,100,100,100,100,200,200,200,200,200,200,200,300,300,300,300,300,300,300,300,300,400,400,400,400,400,400,400
20:03,20,3,100,100,100,100,100,300,400,200,300,300,400,100,100,100,100,100,100,200,200,300,300,300,400,100,100,100,100,100,200,200,200,200,200,200,200,300,300,300,300,300,300,300,300,300,400,400,400,400,400,400,400
20:04,20,4,100,100,100,100,100,300,400,200,300,300,400,100,100,100,100,100,100,200,200,300,300,300,400,100,100,100,100,100,200,200,200,200,200,200,200,300,300,300,300,300,300,300,300,300,400,400,400,400,400,400,400
20:05,20,5,100,100,100,100,100,300,400,200,300,300,400,100,100,100,100,100,100,200,200,300,300,300,400,100,100,100,100,100,200,200,200,200,200,200,200,300,300,300,300,300,300,300,300,300,400,400,400,400,400,400,400
20:06,20,6,100,100,100,100,100,300,400,200,300,300,400,100,100,100,100,100,100,200,200,300,300,300,400,100,100,100,100,100,200,200,200,200,200,200,200,300,300,300,300,300,300,300,300,300,400,400,400,400,400,400,400
20:07,20,7,100,100,100,100,100,300,400,200,300,300,400,100,100,100,100,100,100,200,200,300,300,300,400,100,100,100,100,100,200,200,200,200,200,200,200,300,300,300,300,300,300,300,300,300,400,400,400,400,400,400,400
20:08,20,8,100,100,100,100,100,300,400,200,300,300,400,100,100,100,100,100,100,200,200,300,300,300,400,100,100,100,100,100,200,200,200,200,200,200,200,300,300,300,300,300,300,300,300,300,400,400,400,400,400,400,400
20:09,20,9,100,100,100,100,100,300,400,200,300,300,400,100,100,100,100,100,100,200,200,300,300,300,400,100,100,100,100,100,200,200,200,200,200,200,200,300,300,300,300,300,300,300,300,300,400,400,400,400,400,400,400
20:10,20,10,100,100,100,100,100,300,400,200,300,300,400,100,100,100,100,100,100,200,200,300,300,300,400,100,100,100,100,100,200,200,200,200,200,200,200,300,300,300,300,300,300,300,300,300,400,400,400,400,400,400,400
20:11,20,11,100,100,100,100,100,300,400,200,300,300,400,100,100,100,100,100,100,200,200,300,300,300,400,100,100,100,100,100,200,200,200,200,200,200,200,300,300,300,300,300,300,300,300,300,400,400,400,400,400,400,400
20:12,20,12,100,100,100,100,100,300,400,200,300,300,400,100,100,100,100,100,100,200,200,300,300,300,400,100,100,100,100,100,200,200,200,200,200,200,200,300,300,300,300,300,300,300,300,300,400,400,400,400,400,400,400
20:13,20,13,100,100,100,100,100,300,400,200,300,300,400,100,100,100,100,100,100,200,200,300,300,300,400,100,100,100,100,100,200,200,200,200,200,200,200,300,300,300,300,300,300,300,300,300,400,400,400,400,400,400,400
20:14,20,14,100,100,100,100,100,300,400,200,300,300,400,100,100,100,100,100,100,200,200,300,300,300,400,100,100,100,100,100,200,200,200,200,200,200,200,300,300,300,300,300,300,300,300,300,400,400,400,400,400,400,400
20:15,20,15,100,100,100,100,100,300,400,200,300,300,400,100,100,100,100,100,100,200,200,300,300,300,400,100,100,100,100,100,200,200,200,200,200,200,200,300,300,300,300,300,300,300,300,300,400,400,400,400,400,400,400
20:16,20,16,100,100,100,100,100,300,400,200,300,300,400,100,100,100,100,100,100,200,200,300,300,300,400,100,100,100,100,100,200,200,200,200,200,200,200,300,300,300,300,300,300,300,300,300,400,400,400,400,400,400,400
20:17,20,17,100,100,100,100,100,300,400,200,300,300,400,100,100,100,100,100,100,200,200,300,300,300,400,100,100,100,100,100,200,200,200,200,200,200,200,300,300,300,300,300,300,300,300,300,400,400,400,400,400,400,400
20:18,20,18,100,100,100,100,100,300,400,200,300,300,400,100,100,100,100,100,100,200,200,300,300,300,400,100,100,100,100,100,200,200,200,200,200,200,200,300,300,300,300,300,300,300,300,300,400,400,400,400,400,400,400
20:19,20,19,100,100,100,100,100,300,400,200,300,300,400,100,100,100,100,100,100,200,200,300,300,300,400,100,100,100,100,100,200,200,200,200,200,200,200,300,300,300,300,300,300,300,300,300,400,400,400,400,400,400,400
20:20,20,20,100,100,100,100,100,300,400,200,300,300,400,100,100,100,100,100,100,200,200,300,300,300,400,100,100,100,100,100,200,200,200,200,200,200,200,300,300,300,300,300,300,300,300,300,400,400,400,400,400,400,400
20:21,20,21,100,100,100,100,100,300,400,200,300,300,400,100,100,100,100,100,100,200,200,300,300,300,400,100,100,100,100,100,200,200,200,200,200,200,200,300,300,300,300,300,300,300,300,300,400,400,400,400,400,400,400
20:22,20,22,100,100,100,100,100,300,400,200,300,300,400,100,100,100,100,100,100,200,200,300,300,300,400,100,100,100,100,100,200,200,200,200,200,200,200,300,300,300,300,300,300,300,300,300,400,400,400,400,400,400,400
20:23,20,23,100,100,100,100,100,300,400,200,300,300,400,100,100,100,100,100,100,200,200,300,300,300,400,100,100,100,100,100,200,200,200,200,200,200,200,300,300,300,300,300,300,300,300,300,400,400,400,400,400,400,400
20:24,20,24,100,100,100,100,100,300,400,200,300,300,400,100,100,100,100,100,100,200,200,300,300,300,400,100,100,100,100,100,200,200,200,200,200,200,200,300,300,300,300,300,300,300,300,300,400,400,400,400,400,400,400
20:25,20,25,100,100,100,100,100,300,400,200,300,300,400,100,100,100,100,100,100,200,200,300,300,300,400,100,100,100,100,100,200,200,200,200,200,200,200,300,300,300,300,300,300,300,300,300,400,400,400,400,400,400,400
20:26,20,26,100,100,100,100,100,300,400,200,300,300,400,100,100,100,100,100,100,200,200,300,300,300,400,100,100,100,100,100,200,200,200,200,200,200,200,300,300,300,300,300,300,300,300,300,400,400,400,400,400,400,400
20:27,20,27,100,100,100,100,100,300,400,200,300,300,400,100,100,100,100,100,100,200,200,300,300,300,400,100,100,100,100,100,200,200,200,200,200,200,200,300,300,300,300,300,300,300,300,300,400,400,400,400,400,400,400
20:28,20,28,100,100,100,100,100,300,400,200,300,300,400,100,100,100,100,100,100,200,200,300,300,300,400,100,100,100,100,100,200,200,200,200,200,200,200,300,300,300,300,300,300,300,300,300,400,400,400,400,400,400,400
20:29,20,29,100,100,100,100,100,300,400,200,300,300,400,100,100,100,100,100,100,200,200,300,300,300,400,100,100,100,100,100,200,200,200,200,200,200,200,300,300,300,300,300,300,300,300,300,400,400,400,400,400,400,400
20:30,20,30,100,100,100,100,100,300,400,200,300,300,400,100,100,100,100,100,100,200,200,300,300,300,400,100,100,100,100,100,200,200,200,200,200,200,200,300,300,300,300,300,300,300,300,300,400,400,400,400,400,400,400
20:31,20,31,100,100,100,100,100,300,400,200,300,300,400,100,100,100,100,100,100,200,200,300,300,300,400,100,100,100,100,100,200,200,200,200,200,200,200,300,300,300,300,300,300,300,300,300,400,400,400,400,400,400,400
20:32,20,32,100,100,100,100,100,300,400,200,300,300,400,100,100,100,100,100,100,200,200,300,300,300,400,100,100,100,100,100,200,200,200,200,200,200,200,300,300,300,300,300,300,300,300,300,400,400,400,400,400,400,400
20:33,20,33,100,100,100,100,100,300,400,200,300,300,400,100,100,100,100,100,100,200,200,300,300,300,400,100,100,100,100,100,200,200,200,200,200,200,200,300,300,300,300,300,300,300,300,300,400,400,400,400,400,400,400
20:34,20,34,100,100,100,100,100,300,400,200,300,300,400,100,100,100,100,100,100,200,200,300,300,300,400,100,100,100,100,100,200,200,200,200,200,200,200,300,300,300,300,300,300,300,300,300,400,400,400,400,400,400,400
20:35,20,35,100,100,100,100,100,300,400,200,300,300,400,100,100,100,100,100,100,200,200,300,300,300,400,100,100,100,100,100,200,200,200,200,200,200,200,300,300,300,300,300,300,300,300,300,400,400,400,400,400,400,400
20:36,20,36,100,100,100,100,100,300,400,200,300,300,400,100,100,100,100,100,100,200,200,300,300,300,400,100,100,100,100,100,200,200,200,200,200,200,200,300,300,300,300,300,300,300,300,300,400,400,400,400,400,400,400
20:37,20,37,100,100,100,100,100,300,400,200,300,300,400,100,100,100,100,100,100,200,200,300,300,300,400,100,100,100,100,100,200,200,200,200,200,200,200,300,300,300,300,300,300,300,300,300,400,400,400,400,400,400,400
20:38,20,38,100,100,100,100,100,300,400,200,300,300,400,100,100,100,100,100,100,200,200,300,300,300,400,100,100,100,100,100,200,200,200,200,200,200,200,300,300,300,300,300,300,300,300,300,400,400,400,400,400,400,400
20:39,20,39,100,100,100,100,100,300,400,200,300,300,400,100,100,100,100,100,100,200,200,300,300,300,400,100,100,100,100,100,200,200,200,200,200,200,200,300,300,300,300,300,300,300,300,300,400,400,400,400,400,400,400
20:40,20,40,100,100,100,100,100,300,400,200,300,300,400,100,100,100,100,100,100,200,200,300,300,300,400,100,100,100,100,100,200,200,200,200,200,200,200,300,300,300,300,300,300,300,300,300,400,400,400,400,400,400,400
20:41,20,41,100,100,100,100,100,300,400,200,300,300,400,100,100,100,100,100,100,200,200,300,300,300,400,100,100,100,100,100,200,200,200,200,200,200,200,300,300,300,300,300,300,300,300,300,400,400,400,400,400,400,400
20:42,20,42,100,100,100,100,100,300,400,200,300,300,400,100,100,100,100,100,100,200,200,300,300,300,400,100,100,100,100,100,200,200,200,200,200,200,200,300,300,300,300,300,300,300,300,300,400,400,400,400,400,400,400
20:43,20,43,100,100,100,100,100,300,400,200,300,300,400,100,100,100,100,100,100,200,200,300,300,300,400,100,100,100,100,100,200,200,200,200,200,200,200,300,300,300,300,300,300,300,300,300,400,400,400,400,400,400,400
20:44,20,44,100,100,100,100,100,300,400,200,300,300,400,100,100,100,100,100,100,200,200,300,300,300,400,100,100,100,100,100,200,200,200,200,200,200,200,300,300,300,300,300,300,300,300,300,400,400,400,400,400,400,400
20:45,20,45,100,100,100,100,100,300,400,200,300,300,400,100,100,100,100,100,100,200,200,300,300,300,400,100,100,100,100,100,200,200,200,200,200,200,200,300,300,300,300,300,300,300,300,300,400,400,400,400,400,400,400
20:46,20,46,100,100,100,100,100,300,400,200,300,300,400,100,100,100,100,100,100,200,200,300,300,300,400,100,100,100,100,100,200,200,200,200,200,200,200,300,300,300,300,300,300,300,300,300,400,400,400,400,400,400,400
20:47,20,47,100,100,100,100,100,300,400,200,300,300,400,100,100,100,100,100,100,200,200,300,300,300,400,100,100,100,100,100,200,200,200,200,200,200,200,300,300,300,300,300,300,300,300,300,400,400,400,400,400,400,400
20:48,20,48,100,100,100,100,100,300,400,200,300,300,400,100,100,100,100,100,100,200,200,300,300,300,400,100,100,100,100,100,200,200,200,200,200,200,200,300,300,300,300,300,300,300,300,300,400,400,400,400,400,400,400
20:49,20,49,100,100,100,100,100,300,400,200,300,300,400,100,100,100,100,100,100,200,200,300,300,300,400,100,100,100,100,100,200,200,200,200,200,200,200,300,300,300,300,300,300,300,300,300,400,400,400,400,400,400,400
20:50,20,50,100,100,100,100,100,300,400,200,300,300,400,100,100,100,100,100,100,200,200,300,300,300,400,100,100,100,100,100,200,200,200,200,200,200,200,300,300,300,300,300,300,300,300,300,400,400,400,400,400,400,400
20:51,20,51,100,100,100,100,100,300,400,200,300,300,400,100,100,100,100,100,100,200,200,300,300,300,400,100,100,100,100,100,200,200,200,200,200,200,200,300,300,300,300,300,300,300,300,300,400,400,400,400,400,400,400
20:52,20,52,100,100,100,100,100,300,400,200,300,300,400,100,100,100,100,100,100,200,200,300,300,300,400,100,100,100,100,100,200,200,200,200,200,200,200,300,300,300,300,300,300,300,300,300,400,400,400,400,400,400,400
20:53,20,53,100,100,100,100,100,300,400,200,300,300,400,100,100,100,100,100,100,200,200,300,300,300,400,100,100,100,100,100,200,200,200,200,200,200,200,300,300,300,300,300,300,300,300,300,400,400,400,400,400,400,400
20:54,20,54,100,100,100,100,100,300,400,200,300,300,400,100,100,100,100,100,100,200,200,300,300,300,400,100,100,100,100,100,200,200,200,200,200,200,200,300,300,300,300,300,300,300,300,300,400,400,400,400,400,400,400
20:55,20,55,100,100,100,100,100,300,400,200,300,300,400,100,100,100,100,100,100,200,200,300,300,300,400,100,100,100,100,100,200,200,200,200,200,200,200,300,300,300,300,300,300,300,300,300,400,400,400,400,400,400,400
20:56,20,56,100,100,100,100,100,300,400,200,300,300,400,100,100,100,100,100,100,200,200,300,300,300,400,100,100,100,100,100,200,200,200,200,200,200,200,300,300,300,300,300,300,300,300,300,400,400,400,400,400,400,400
20:57,20,57,100,100,100,100,100,300,400,200,300,300,400,100,100,100,100,100,100,200,200,300,300,300,400,100,100,100,100,100,200,200,200,200,200,200,200,300,300,300,300,300,300,300,300,300,400,400,400,400,400,400,400
20:58,20,58,100,100,100,100,100,300,400,200,300,300,400,100,100,100,100,100,100,200,200,300,300,300,400,100,100,100,100,100,200,200,200,200,200,200,200,300,300,300,300,300,300,300,300,300,400,400,400,400,400,400,400
20:59,20,59,100,100,100,100,100,300,400,200,300,300,400,100,100,100,100,100,100,200,200,300,300,300,400,100,100,100,100,100,200,200,200,200,200,200,200,300,300,300,300,300,300,300,300,300,400,400,400,400,400,400,400
21:00,21,0,100,100,100,100,100,300,400,200,300,300,400,100,100,100,100,100,100,200,200,300,300,300,400,100,100,100,100,100,200,200,200,200,200,200,200,300,300,300,300,300,300,300,300,300,400,400,400,400,400,400,400
21:01,21,1,100,100,100,100,100,300,400,200,300,300,400,100,100,100,100,100,100,200,200,300,300,300,400,100,100,100,100,100,200,200,200,200,200,200,200,300,300,300,300,300,300,300,300,300,400,400,400,400,400,400,400
21:02,21,2,100,100,100,100,100,300,400,200,300,300,400,100,100,100,100,100,100,200,200,300,300,300,400,100,100,100,100,100,200,200,200,200,200,200,200,300,300,300,300,300,300,300,300,300,400,400,400,400,400,400,400
21:03,21,3,100,100,100,100,100,300,400,200,300,300,400,100,100,100,100,100,100,200,200,300,300,300,400,100,100,100,100,100,200,200,200,200,200,200,200,300,300,300,300,300,300,300,300,300,400,400,400,400,400,400,400
21:04,21,4,100,100,100,100,100,300,400,200,300,300,400,100,100,100,100,100,100,200,200,300,300,300,400,100,100,100,100,100,200,200,200,200,200,200,200,300,300,300,300,300,300,300,300,300,400,400,400,400,400,400,400
21:05,21,5,100,100,100,100,100,300,400,200,300,300,400,100,100,100,100,100,100,200,200,300,300,300,400,100,100,100,100,100,200,200,200,200,200,200,200,300,300,300,300,300,300,300,300,300,400,400,400,400,400,400,400
21:06,21,6,100,100,100,100,100,300,400,200,300,300,400,100,100,100,100,100,100,200,200,300,300,300,400,100,100,100,100,100,200,200,200,200,200,200,200,300,300,300,300,300,300,300,300,300,400,400,400,400,400,400,400
21:07,21,7,100,100,100,100,100,300,400,200,300,300,400,100,100,100,100,100,100,200,200,300,300,300,400,100,100,100,100,100,200,200,200,200,200,200,200,300,300,300,300,300,300,300,300,300,400,400,400,400,400,400,400
21:08,21,8,100,100,100,100,100,300,400,200,300,300,400,100,100,100,100,100,100,200,200,300,300,300,400,100,100,100,100,100,200,200,200,200,200,200,200,300,300,300,300,300,300,300,300,300,400,400,400,400,400,400,400
21:09,21,9,100,100,100,100,100,300,400,200,300,300,400,100,100,100,100,100,100,200,200,300,300,300,400,100,100,100,100,100,200,200,200,200,200,200,200,300,300,300,300,300,300,300,300,300,400,400,400,400,400,400,400
21:10,21,10,100,100,100,100,100,300,400,200,300,300,400,100,100,100,100,100,100,200,200,300,300,300,400,100,100,100,100,100,200,200,200,200,200,200,200,300,300,300,300,300,300,300,300,300,400,400,400,400,400,400,400
21:11,21,11,100,100,100,100,100,300,400,200,300,300,400,100,100,100,100,100,100,200,200,300,300,300,400,100,100,100,100,100,200,200,200,200,200,200,200,300,300,300,300,300,300,300,300,300,400,400,400,400,400,400,400
21:12,21,12,100,100,100,100,100,300,400,200,300,300,400,100,100,100,100,100,100,200,200,300,300,300,400,100,100,100,100,100,200,200,200,200,200,200,200,300,300,300,300,300,300,300,300,300,400,400,400,400,400,400,400
21:13,21,13,100,100,100,100,100,300,400,200,300,300,400,100,100,100,100,100,100,200,200,300,300,300,400,100,100,100,100,100,200,200,200,200,200,200,200,300,300,300,300,300,300,300,300,300,400,400,400,400,400,400,400
21:14,21,14,100,100,100,100,100,300,400,200,300,300,400,100,100,100,100,100,100,200,200,300,300,300,400,100,100,100,100,100,200,200,200,200,200,200,200,300,300,300,300,300,300,300,300,300,400,400,400,400,400,400,400
21:15,21,15,100,100,100,100,100,300,400,200,300,300,400,100,100,100,100,100,100,200,200,300,300,300,400,100,100,100,100,100,200,200,200,200,200,200,200,300,300,300,300,300,300,300,300,300,400,400,400,400,400,400,400
21:16,21,16,100,100,100,100,100,300,400,200,300,300,400,100,100,100,100,100,100,200,200,300,300,300,400,100,100,100,100,100,200,200,200,200,200,200,200,300,300,300,300,300,300,300,300,300,400,400,400,400,400,400,400
21:17,21,17,100,100,100,100,100,300,400,200,300,300,400,100,100,100,100,100,100,200,200,300,300,300,400,100,100,100,100,100,200,200,200,200,200,200,200,300,300,300,300,300,300,300,300,300,400,400,400,400,400,400,400
21:18,21,18,100,100,100,100,100,300,400,200,300,300,400,100,100,100,100,100,100,200,200,300,300,300,400,100,100,100,100,100,200,200,200,200,200,200,200,300,300,300,300,300,300,300,300,300,400,400,400,400,400,400,400
21:19,21,19,100,100,100,100,100,300,400,200,300,300,400,100,100,100,100,100,100,200,200,300,300,300,400,100,100,100,100,100,200,200,200,200,200,200,200,300,300,300,300,300,300,300,300,300,400,400,400,400,400,400,400
21:20,21,20,100,100,100,100,100,300,400,200,300,300,400,100,100,100,100,100,100,200,200,300,300,300,400,100,100,100,100,100,200,200,200,200,200,200,200,300,300,300,300,300,300,300,300,300,400,400,400,400,400,400,400
21:21,21,21,100,100,100,100,100,300,400,200,300,300,400,100,100,100,100,100,100,200,200,300,300,300,400,100,100,100,100,100,200,200,200,200,200,200,200,300,300,300,300,300,300,300,300,300,400,400,400,400,400,400,400
21:22,21,22,100,100,100,100,100,300,400,200,300,300,400,100,100,100,100,100,100,200,200,300,300,300,400,100,100,100,100,100,200,200,200,200,200,200,200,300,300,300,300,300,300,300,300,300,400,400,400,400,400,400,400
21:23,21,23,100,100,100,100,100,300,400,200,300,300,400,100,100,100,100,100,100,200,200,300,300,300,400,100,100,100,100,100,200,200,200,200,200,200,200,300,300,300,300,300,300,300,300,300,400,400,400,400,400,400,400
21:24,21,24,100,100,100,100,100,300,400,200,300,300,400,100,100,100,100,100,100,200,200,300,300,300,400,100,100,100,100,100,200,200,200,200,200,200,200,300,300,300,300,300,300,300,300,300,400,400,400,400,400,400,400
21:25,21,25,100,100,100,100,100,300,400,200,300,300,400,100,100,100,100,100,100,200,200,300,300,300,400,100,100,100,100,100,200,200,200,200,200,200,200,300,300,300,300,300,300,300,300,300,400,400,400,400,400,400,400
21:26,21,26,100,100,100,100,100,300,400,200,300,300,400,100,100,100,100,100,100,200,200,300,300,300,400,100,100,100,100,100,200,200,200,200,200,200,200,300,300,300,300,300,300,300,300,300,400,400,400,400,400,400,400
21:27,21,27,100,100,100,100,100,300,400,200,300,300,400,100,100,100,100,100,100,200,200,300,300,300,400,100,100,100,100,100,200,200,200,200,200,200,200,300,300,300,300,300,300,300,300,300,400,400,400,400,400,400,400
21:28,21,28,100,100,100,100,100,300,400,200,300,300,400,100,100,100,100,100,100,200,200,300,300,300,400,100,100,100,100,100,200,200,200,200,200,200,200,300,300,300,300,300,300,300,300,300,400,400,400,400,400,400,400
21:29,21,29,100,100,100,100,100,300,400,200,300,300,400,100,100,100,100,100,100,200,200,300,300,300,400,100,100,100,100,100,200,200,200,200,200,200,200,300,300,300,300,300,300,300,300,300,400,400,400,400,400,400,400
21:30,21,30,100,100,100,100,100,300,400,200,300,300,400,100,100,100,100,100,100,200,200,300,300,300,400,100,100,100,100,100,200,200,200,200,200,200,200,300,300,300,300,300,300,300,300,300,400,400,400,400,400,400,400
21:31,21,31,100,100,100,100,100,300,400,200,300,300,400,100,100,100,100,100,100,200,200,300,300,300,400,100,100,100,100,100,200,200,200,200,200,200,200,300,300,300,300,300,300,300,300,300,400,400,400,400,400,400,400
21:32,21,32,100,100,100,100,100,300,400,200,300,300,400,100,100,100,100,100,100,200,200,300,300,300,400,100,100,100,100,100,200,200,200,200,200,200,200,300,300,300,300,300,300,300,300,300,400,400,400,400,400,400,400
21:33,21,33,100,100,100,100,100,300,400,200,300,300,400,100,100,100,100,100,100,200,200,300,300,300,400,100,100,100,100,100,200,200,200,200,200,200,200,300,300,300,300,300,300,300,300,300,400,400,400,400,400,400,400
21:34,21,34,100,100,100,100,100,300,400,200,300,300,400,100,100,100,100,100,100,200,200,300,300,300,400,100,100,100,100,100,200,200,200,200,200,200,200,300,300,300,300,300,300,300,300,300,400,400,400,400,400,400,400
21:35,21,35,100,100,100,100,100,300,400,200,300,300,400,100,100,100,100,100,100,200,200,300,300,300,400,100,100,100,100,100,200,200,200,200,200,200,200,300,300,300,300,300,300,300,300,300,400,400,400,400,400,400,400
21:36,21,36,100,100,100,100,100,300,400,200,300,300,400,100,100,100,100,100,100,200,200,300,300,300,400,100,100,100,100,100,200,200,200,200,200,200,200,300,300,300,300,300,300,300,300,300,400,400,400,400,400,400,400
21:37,21,37,100,100,100,100,100,300,400,200,300,300,400,100,100,100,100,100,100,200,200,300,300,300,400,100,100,100,100,100,200,200,200,200,200,200,200,300,300,300,300,300,300,300,300,300,400,400,400,400,400,400,400
21:38,21,38,100,100,100,100,100,300,400,200,300,300,400,100,100,100,100,100,100,200,200,300,300,300,400,100,100,100,100,100,200,200,200,200,200,200,200,300,300,300,300,300,300,300,300,300,400,400,400,400,400,400,400
21:39,21,39,100,100,100,100,100,300,400,200,300,300,400,100,100,100,100,100,100,200,200,300,300,300,400,100,100,100,100,100,200,200,200,200,200,200,200,300,300,300,300,300,300,300,300,300,400,400,400,400,400,400,400
21:40,21,40,100,100,100,100,100,300,400,200,300,300,400,100,100,100,100,100,100,200,200,300,300,300,400,100,100,100,100,100,200,200,200,200,200,200,200,300,300,300,300,300,300,300,300,300,400,400,400,400,400,400,400
21:41,21,41,100,100,100,100,100,300,400,200,300,300,400,100,100,100,100,100,100,200,200,300,300,300,400,100,100,100,100,100,200,200,200,200,200,200,200,300,300,300,300,300,300,300,300,300,400,400,400,400,400,400,400
21:42,21,42,100,100,100,100,100,300,400,200,300,300,400,100,100,100,100,100,100,200,200,300,300,300,400,100,100,100,100,100,200,200,200,200,200,200,200,300,300,300,300,300,300,300,300,300,400,400,400,400,400,400,400
21:43,21,43,100,100,100,100,100,300,400,200,300,300,400,100,100,100,100,100,100,200,200,300,300,300,400,100,100,100,100,100,200,200,200,200,200,200,200,300,300,300,300,300,300,300,300,300,400,400,400,400,400,400,400
21:44,21,44,100,100,100,100,100,300,400,200,300,300,400,100,100,100,100,100,100,200,200,300,300,300,400,100,100,100,100,100,200,200,200,200,200,200,200,300,300,300,300,300,300,300,300,300,400,400,400,400,400,400,400
21:45,21,45,100,100,100,100,100,300,400,200,300,300,400,100,100,100,100,100,100,200,200,300,300,300,400,100,100,100,100,100,200,200,200,200,200,200,200,300,300,300,300,300,300,300,300,300,400,400,400,400,400,400,400
21:46,21,46,100,100,100,100,100,300,400,200,300,300,400,100,100,100,100,100,100,200,200,300,300,300,400,100,100,100,100,100,200,200,200,200,200,200,200,300,300,300,300,300,300,300,300,300,400,400,400,400,400,400,400
21:47,21,47,100,100,100,100,100,300,400,200,300,300,400,100,100,100,100,100,100,200,200,300,300,300,400,100,100,100,100,100,200,200,200,200,200,200,200,300,300,300,300,300,300,300,300,300,400,400,400,400,400,400,400
21:48,21,48,100,100,100,100,100,300,400,200,300,300,400,100,100,100,100,100,100,200,200,300,300,300,400,100,100,100,100,100,200,200,200,200,200,200,200,300,300,300,300,300,300,300,300,300,400,400,400,400,400,400,400
21:49,21,49,100,100,100,100,100,300,400,200,300,300,400,100,100,100,100,100,100,200,200,300,300,300,400,100,100,100,100,100,200,200,200,200,200,200,200,300,300,300,300,300,300,300,300,300,400,400,400,400,400,400,400
21:50,21,50,100,100,100,100,100,300,400,200,300,300,400,100,100,100,100,100,100,200,200,300,300,300,400,100,100,100,100,100,200,200,200,200,200,200,200,300,300,300,300,300,300,300,300,300,400,400,400,400,400,400,400
21:51,21,51,100,100,100,100,100,300,400,200,300,300,400,100,100,100,100,100,100,200,200,300,300,300,400,100,100,100,100,100,200,200,200,200,200,200,200,300,300,300,300,300,300,300,300,300,400,400,400,400,400,400,400
21:52,21,52,100,100,100,100,100,300,400,200,300,300,400,100,100,100,100,100,100,200,200,300,300,300,400,100,100,100,100,100,200,200,200,200,200,200,200,300,300,300,300,300,300,300,300,300,400,400,400,400,400,400,400
21:53,21,53,100,100,100,100,100,300,400,200,300,300,400,100,100,100,100,100,100,200,200,300,300,300,400,100,100,100,100,100,200,200,200,200,200,200,200,300,300,300,300,300,300,300,300,300,400,400,400,400,400,400,400
21:54,21,54,100,100,100,100,100,300,400,200,300,300,400,100,100,100,100,100,100,200,200,300,300,300,400,100,100,100,100,100,200,200,200,200,200,200,200,300,300,300,300,300,300,300,300,300,400,400,400,400,400,400,400
21:55,21,55,100,100,100,100,100,300,400,200,300,300,400,100,100,100,100,100,100,200,200,300,300,300,400,100,100,100,100,100,200,200,200,200,200,200,200,300,300,300,300,300,300,300,300,300,400,400,400,400,400,400,400
21:56,21,56,100,100,100,100,100,300,400,200,300,300,400,100,100,100,100,100,100,200,200,300,300,300,400,100,100,100,100,100,200,200,200,200,200,200,200,300,300,300,300,300,300,300,300,300,400,400,400,400,400,400,400
21:57,21,57,100,100,100,100,100,300,400,200,300,300,400,100,100,100,100,100,100,200,200,300,300,300,400,100,100,100,100,100,200,200,200,200,200,200,200,300,300,300,300,300,300,300,300,300,400,400,400,400,400,400,400
21:58,21,58,100,100,100,100,100,300,400,200,300,300,400,100,100,100,100,100,100,200,200,300,300,300,400,100,100,100,100,100,200,200,200,200,200,200,200,300,300,300,300,300,300,300,300,300,400,400,400,400,400,400,400
21:59,21,59,100,100,100,100,100,300,400,200,300,300,400,100,100,100,100,100,100,200,200,300,300,300,400,100,100,100,100,100,200,200,200,200,200,200,200,300,300,300,300,300,300,300,300,300,400,400,400,400,400,400,400
22:00,22,0,100,100,100,100,100,300,400,200,300,300,400,100,100,100,100,100,100,200,200,300,300,300,400,100,100,100,100,100,200,200,200,200,200,200,200,300,300,300,300,300,300,300,300,300,400,400,400,400,400,400,400
22:01,22,1,100,100,100,100,100,300,400,200,300,300,400,100,100,100,100,100,100,200,200,300,300,300,400,100,100,100,100,100,200,200,200,200,200,200,200,300,300,300,300,300,300,300,300,300,400,400,400,400,400,400,400
22:02,22,2,100,100,100,100,100,300,400,200,300,300,400,100,100,100,100,100,100,200,200,300,300,300,400,100,100,100,100,100,200,200,200,200,200,200,200,300,300,300,300,300,300,300,300,300,400,400,400,400,400,400,400
22:03,22,3,100,100,100,100,100,300,400,200,300,300,400,100,100,100,100,100,100,200,200,300,300,300,400,100,100,100,100,100,200,200,200,200,200,200,200,300,300,300,300,300,300,300,300,300,400,400,400,400,400,400,400
22:04,22,4,100,100,100,100,100,300,400,200,300,300,400,100,100,100,100,100,100,200,200,300,300,300,400,100,100,100,100,100,200,200,200,200,200,200,200,300,300,300,300,300,300,300,300,300,400,400,400,400,400,400,400
22:05,22,5,100,100,100,100,100,300,400,200,300,300,400,100,100,100,100,100,100,200,200,300,300,300,400,100,100,100,100,100,200,200,200,200,200,200,200,300,300,300,300,300,300,300,300,300,400,400,400,400,400,400,400
22:06,22,6,100,100,100,100,100,300,400,200,300,300,400,100,100,100,100,100,100,200,200,300,300,300,400,100,100,100,100,100,200,200,200,200,200,200,200,300,300,300,300,300,300,300,300,300,400,400,400,400,400,400,400
22:07,22,7,100,100,100,100,100,300,400,200,300,300,400,100,100,100,100,100,100,200,200,300,300,300,400,100,100,100,100,100,200,200,200,200,200,200,200,300,300,300,300,300,300,300,300,300,400,400,400,400,400,400,400
22:08,22,8,100,100,100,100,100,300,400,200,300,300,400,100,100,100,100,100,100,200,200,300,300,300,400,100,100,100,100,100,200,200,200,200,200,200,200,300,300,300,300,300,300,300,300,300,400,400,400,400,400,400,400
22:09,22,9,100,100,100,100,100,300,400,200,300,300,400,100,100,100,100,100,100,200,200,300,300,300,400,100,100,100,100,100,200,200,200,200,200,200,200,300,300,300,300,300,300,300,300,300,400,400,400,400,400,400,400
22:10,22,10,100,100,100,100,100,300,400,200,300,300,400,100,100,100,100,100,100,200,200,300,300,300,400,100,100,100,100,100,200,200,200,200,200,200,200,300,300,300,300,300,300,300,300,300,400,400,400,400,400,400,400
22:11,22,11,100,100,100,100,100,300,400,200,300,300,400,100,100,100,100,100,100,200,200,300,300,300,400,100,100,100,100,100,200,200,200,200,200,200,200,300,300,300,300,300,300,300,300,300,400,400,400,400,400,400,400
22:12,22,12,100,100,100,100,100,300,400,200,300,300,400,100,100,100,100,100,100,200,200,300,300,300,400,100,100,100,100,100,200,200,200,200,200,200,200,300,300,300,300,300,300,300,300,300,400,400,400,400,400,400,400
22:13,22,13,100,100,100,100,100,300,400,200,300,300,400,100,100,100,100,100,100,200,200,300,300,300,400,100,100,100,100,100,200,200,200,200,200,200,200,300,300,300,300,300,300,300,300,300,400,400,400,400,400,400,400
22:14,22,14,100,100,100,100,100,300,400,200,300,300,400,100,100,100,100,100,100,200,200,300,300,300,400,100,100,100,100,100,200,200,200,200,200,200,200,300,300,300,300,300,300,300,300,300,400,400,400,400,400,400,400
22:15,22,15,100,100,100,100,100,300,400,200,300,300,400,100,100,100,100,100,100,200,200,300,300,300,400,100,100,100,100,100,200,200,200,200,200,200,200,300,300,300,300,300,300,300,300,300,400,400,400,400,400,400,400
22:16,22,16,100,100,100,100,100,300,400,200,300,300,400,100,100,100,100,100,100,200,200,300,300,300,400,100,100,100,100,100,200,200,200,200,200,200,200,300,300,300,300,300,300,300,300,300,400,400,400,400,400,400,400
22:17,22,17,100,100,100,100,100,300,400,200,300,300,400,100,100,100,100,100,100,200,200,300,300,300,400,100,100,100,100,100,200,200,200,200,200,200,200,300,300,300,300,300,300,300,300,300,400,400,400,400,400,400,400
22:18,22,18,100,100,100,100,100,300,400,200,300,300,400,100,100,100,100,100,100,200,200,300,300,300,400,100,100,100,100,100,200,200,200,200,200,200,200,300,300,300,300,300,300,300,300,300,400,400,400,400,400,400,400
22:19,22,19,100,100,100,100,100,300,400,200,300,300,400,100,100,100,100,100,100,200,200,300,300,300,400,100,100,100,100,100,200,200,200,200,200,200,200,300,300,300,300,300,300,300,300,300,400,400,400,400,400,400,400
22:20,22,20,100,100,100,100,100,300,400,200,300,300,400,100,100,100,100,100,100,200,200,300,300,300,400,100,100,100,100,100,200,200,200,200,200,200,200,300,300,300,300,300,300,300,300,300,400,400,400,400,400,400,400
22:21,22,21,100,100,100,100,100,300,400,200,300,300,400,100,100,100,100,100,100,200,200,300,300,300,400,100,100,100,100,100,200,200,200,200,200,200,200,300,300,300,300,300,300,300,300,300,400,400,400,400,400,400,400
22:22,22,22,100,100,100,100,100,300,400,200,300,300,400,100,100,100,100,100,100,200,200,300,300,300,400,100,100,100,100,100,200,200,200,200,200,200,200,300,300,300,300,300,300,300,300,300,400,400,400,400,400,400,400
22:23,22,23,100,100,100,100,100,300,400,200,300,300,400,100,100,100,100,100,100,200,200,300,300,300,400,100,100,100,100,100,200,200,200,200,200,200,200,300,300,300,300,300,300,300,300,300,400,400,400,400,400,400,400
22:24,22,24,100,100,100,100,100,300,400,200,300,300,400,100,100,100,100,100,100,200,200,300,300,300,400,100,100,100,100,100,200,200,200,200,200,200,200,300,300,300,300,300,300,300,300,300,400,400,400,400,400,400,400
22:25,22,25,100,100,100,100,100,300,400,200,300,300,400,100,100,100,100,100,100,200,200,300,300,300,400,100,100,100,100,100,200,200,200,200,200,200,200,300,300,300,300,300,300,300,300,300,400,400,400,400,400,400,400
22:26,22,26,100,100,100,100,100,300,400,200,300,300,400,100,100,100,100,100,100,200,200,300,300,300,400,100,100,100,100,100,200,200,200,200,200,200,200,300,300,300,300,300,300,300,300,300,400,400,400,400,400,400,400
22:27,22,27,100,100,100,100,100,300,400,200,300,300,400,100,100,100,100,100,100,200,200,300,300,300,400,100,100,100,100,100,200,200,200,200,200,200,200,300,300,300,300,300,300,300,300,300,400,400,400,400,400,400,400
22:28,22,28,100,100,100,100,100,300,400,200,300,300,400,100,100,100,100,100,100,200,200,300,300,300,400,100,100,100,100,100,200,200,200,200,200,200,200,300,300,300,300,300,300,300,300,300,400,400,400,400,400,400,400
22:29,22,29,100,100,100,100,100,300,400,200,300,300,400,100,100,100,100,100,100,200,200,300,300,300,400,100,100,100,100,100,200,200,200,200,200,200,200,300,300,300,300,300,300,300,300,300,400,400,400,400,400,400,400
22:30,22,30,100,100,100,100,100,300,400,200,300,300,400,100,100,100,100,100,100,200,200,300,300,300,400,100,100,100,100,100,200,200,200,200,200,200,200,300,300,300,300,300,300,300,300,300,400,400,400,400,400,400,400
22:31,22,31,100,100,100,100,100,300,400,200,300,300,400,100,100,100,100,100,100,200,200,300,300,300,400,100,100,100,100,100,200,200,200,200,200,200,200,300,300,300,300,300,300,300,300,300,400,400,400,400,400,400,400
22:32,22,32,100,100,100,100,100,300,400,200,300,300,400,100,100,100,100,100,100,200,200,300,300,300,400,100,100,100,100,100,200,200,200,200,200,200,200,300,300,300,300,300,300,300,300,300,400,400,400,400,400,400,400
22:33,22,33,100,100,100,100,100,300,400,200,300,300,400,100,100,100,100,100,100,200,200,300,300,300,400,100,100,100,100,100,200,200,200,200,200,200,200,300,300,300,300,300,300,300,300,300,400,400,400,400,400,400,400
22:34,22,34,100,100,100,100,100,300,400,200,300,300,400,100,100,100,100,100,100,200,200,300,300,300,400,100,100,100,100,100,200,200,200,200,200,200,200,300,300,300,300,300,300,300,300,300,400,400,400,400,400,400,400
22:35,22,35,100,100,100,100,100,300,400,200,300,300,400,100,100,100,100,100,100,200,200,300,300,300,400,100,100,100,100,100,200,200,200,200,200,200,200,300,300,300,300,300,300,300,300,300,400,400,400,400,400,400,400
22:36,22,36,100,100,100,100,100,300,400,200,300,300,400,100,100,100,100,100,100,200,200,300,300,300,400,100,100,100,100,100,200,200,200,200,200,200,200,300,300,300,300,300,300,300,300,300,400,400,400,400,400,400,400
22:37,22,37,100,100,100,100,100,300,400,200,300,300,400,100,100,100,100,100,100,200,200,300,300,300,400,100,100,100,100,100,200,200,200,200,200,200,200,300,300,300,300,300,300,300,300,300,400,400,400,400,400,400,400
22:38,22,38,100,100,100,100,100,300,400,200,300,300,400,100,100,100,100,100,100,200,200,300,300,300,400,100,100,100,100,100,200,200,200,200,200,200,200,300,300,300,300,300,300,300,300,300,400,400,400,400,400,400,400
22:39,22,39,100,100,100,100,100,300,400,200,300,300,400,100,100,100,100,100,100,200,200,300,300,300,400,100,100,100,100,100,200,200,200,200,200,200,200,300,300,300,300,300,300,300,300,300,400,400,400,400,400,400,400
22:40,22,40,100,100,100,100,100,300,400,200,300,300,400,100,100,100,100,100,100,200,200,300,300,300,400,100,100,100,100,100,200,200,200,200,200,200,200,300,300,300,300,300,300,300,300,300,400,400,400,400,400,400,400
22:41,22,41,100,100,100,100,100,300,400,200,300,300,400,100,100,100,100,100,100,200,200,300,300,300,400,100,100,100,100,100,200,200,200,200,200,200,200,300,300,300,300,300,300,300,300,300,400,400,400,400,400,400,400
22:42,22,42,100,100,100,100,100,300,400,200,300,300,400,100,100,100,100,100,100,200,200,300,300,300,400,100,100,100,100,100,200,200,200,200,200,200,200,300,300,300,300,300,300,300,300,300,400,400,400,400,400,400,400
22:43,22,43,100,100,100,100,100,300,400,200,300,300,400,100,100,100,100,100,100,200,200,300,300,300,400,100,100,100,100,100,200,200,200,200,200,200,200,300,300,300,300,300,300,300,300,300,400,400,400,400,400,400,400
22:44,22,44,100,100,100,100,100,300,400,200,300,300,400,100,100,100,100,100,100,200,200,300,300,300,400,100,100,100,100,100,200,200,200,200,200,200,200,300,300,300,300,300,300,300,300,300,400,400,400,400,400,400,400
22:45,22,45,100,100,100,100,100,300,400,200,300,300,400,100,100,100,100,100,100,200,200,300,300,300,400,100,100,100,100,100,200,200,200,200,200,200,200,300,300,300,300,300,300,300,300,300,400,400,400,400,400,400,400
22:46,22,46,100,100,100,100,100,300,400,200,300,300,400,100,100,100,100,100,100,200,200,300,300,300,400,100,100,100,100,100,200,200,200,200,200,200,200,300,300,300,300,300,300,300,300,300,400,400,400,400,400,400,400
22:47,22,47,100,100,100,100,100,300,400,200,300,300,400,100,100,100,100,100,100,200,200,300,300,300,400,100,100,100,100,100,200,200,200,200,200,200,200,300,300,300,300,300,300,300,300,300,400,400,400,400,400,400,400
22:48,22,48,100,100,100,100,100,300,400,200,300,300,400,100,100,100,100,100,100,200,200,300,300,300,400,100,100,100,100,100,200,200,200,200,200,200,200,300,300,300,300,300,300,300,300,300,400,400,400,400,400,400,400
22:49,22,49,100,100,100,100,100,300,400,200,300,300,400,100,100,100,100,100,100,200,200,300,300,300,400,100,100,100,100,100,200,200,200,200,200,200,200,300,300,300,300,300,300,300,300,300,400,400,400,400,400,400,400
22:50,22,50,100,100,100,100,100,300,400,200,300,300,400,100,100,100,100,100,100,200,200,300,300,300,400,100,100,100,100,100,200,200,200,200,200,200,200,300,300,300,300,300,300,300,300,300,400,400,400,400,400,400,400
22:51,22,51,100,100,100,100,100,300,400,200,300,300,400,100,100,100,100,100,100,200,200,300,300,300,400,100,100,100,100,100,200,200,200,200,200,200,200,300,300,300,300,300,300,300,300,300,400,400,400,400,400,400,400
22:52,22,52,100,100,100,100,100,300,400,200,300,300,400,100,100,100,100,100,100,200,200,300,300,300,400,100,100,100,100,100,200,200,200,200,200,200,200,300,300,300,300,300,300,300,300,300,400,400,400,400,400,400,400
22:53,22,53,100,100,100,100,100,300,400,200,300,300,400,100,100,100,100,100,100,200,200,300,300,300,400,100,100,100,100,100,200,200,200,200,200,200,200,300,300,300,300,300,300,300,300,300,400,400,400,400,400,400,400
22:54,22,54,100,100,100,100,100,300,400,200,300,300,400,100,100,100,100,100,100,200,200,300,300,300,400,100,100,100,100,100,200,200,200,200,200,200,200,300,300,300,300,300,300,300,300,300,400,400,400,400,400,400,400
22:55,22,55,100,100,100,100,100,300,400,200,300,300,400,100,100,100,100,100,100,200,200,300,300,300,400,100,100,100,100,100,200,200,200,200,200,200,200,300,300,300,300,300,300,300,300,300,400,400,400,400,400,400,400
22:56,22,56,100,100,100,100,100,300,400,200,300,300,400,100,100,100,100,100,100,200,200,300,300,300,400,100,100,100,100,100,200,200,200,200,200,200,200,300,300,300,300,300,300,300,300,300,400,400,400,400,400,400,400
22:57,22,57,100,100,100,100,100,300,400,200,300,300,400,100,100,100,100,100,100,200,200,300,300,300,400,100,100,100,100,100,200,200,200,200,200,200,200,300,300,300,300,300,300,300,300,300,400,400,400,400,400,400,400
22:58,22,58,100,100,100,100,100,300,400,200,300,300,400,100,100,100,100,100,100,200,200,300,300,300,400,100,100,100,100,100,200,200,200,200,200,200,200,300,300,300,300,300,300,300,300,300,400,400,400,400,400,400,400
22:59,22,59,100,100,100,100,100,300,400,200,300,300,400,100,100,100,100,100,100,200,200,300,300,300,400,100,100,100,100,100,200,200,200,200,200,200,200,300,300,300,300,300,300,300,300,300,400,400,400,400,400,400,400
23:00,23,0,100,100,100,100,100,300,400,200,300,300,400,100,100,100,100,100,100,200,200,300,300,300,400,100,100,100,100,100,200,200,200,200,200,200,200,300,300,300,300,300,300,300,300,300,400,400,400,400,400,400,400
23:01,23,1,100,100,100,100,100,300,400,200,300,300,400,100,100,100,100,100,100,200,200,300,300,300,400,100,100,100,100,100,200,200,200,200,200,200,200,300,300,300,300,300,300,300,300,300,400,400,400,400,400,400,400
23:02,23,2,100,100,100,100,100,300,400,200,300,300,400,100,100,100,100,100,100,200,200,300,300,300,400,100,100,100,100,100,200,200,200,200,200,200,200,300,300,300,300,300,300,300,300,300,400,400,400,400,400,400,400
23:03,23,3,100,100,100,100,100,300,400,200,300,300,400,100,100,100,100,100,100,200,200,300,300,300,400,100,100,100,100,100,200,200,200,200,200,200,200,300,300,300,300,300,300,300,300,300,400,400,400,400,400,400,400
23:04,23,4,100,100,100,100,100,300,400,200,300,300,400,100,100,100,100,100,100,200,200,300,300,300,400,100,100,100,100,100,200,200,200,200,200,200,200,300,300,300,300,300,300,300,300,300,400,400,400,400,400,400,400
23:05,23,5,100,100,100,100,100,300,400,200,300,300,400,100,100,100,100,100,100,200,200,300,300,300,400,100,100,100,100,100,200,200,200,200,200,200,200,300,300,300,300,300,300,300,300,300,400,400,400,400,400,400,400
23:06,23,6,100,100,100,100,100,300,400,200,300,300,400,100,100,100,100,100,100,200,200,300,300,300,400,100,100,100,100,100,200,200,200,200,200,200,200,300,300,300,300,300,300,300,300,300,400,400,400,400,400,400,400
23:07,23,7,100,100,100,100,100,300,400,200,300,300,400,100,100,100,100,100,100,200,200,300,300,300,400,100,100,100,100,100,200,200,200,200,200,200,200,300,300,300,300,300,300,300,300,300,400,400,400,400,400,400,400
23:08,23,8,100,100,100,100,100,300,400,200,300,300,400,100,100,100,100,100,100,200,200,300,300,300,400,100,100,100,100,100,200,200,200,200,200,200,200,300,300,300,300,300,300,300,300,300,400,400,400,400,400,400,400
23:09,23,9,100,100,100,100,100,300,400,200,300,300,400,100,100,100,100,100,100,200,200,300,300,300,400,100,100,100,100,100,200,200,200,200,200,200,200,300,300,300,300,300,300,300,300,300,400,400,400,400,400,400,400
23:10,23,10,100,100,100,100,100,300,400,200,300,300,400,100,100,100,100,100,100,200,200,300,300,300,400,100,100,100,100,100,200,200,200,200,200,200,200,300,300,300,300,300,300,300,300,300,400,400,400,400,400,400,400
23:11,23,11,100,100,100,100,100,300,400,200,300,300,400,100,100,100,100,100,100,200,200,300,300,300,400,100,100,100,100,100,200,200,200,200,200,200,200,300,300,300,300,300,300,300,300,300,400,400,400,400,400,400,400
23:12,23,12,100,100,100,100,100,300,400,200,300,300,400,100,100,100,100,100,100,200,200,300,300,300,400,100,100,100,100,100,200,200,200,200,200,200,200,300,300,300,300,300,300,300,300,300,400,400,400,400,400,400,400
23:13,23,13,100,100,100,100,100,300,400,200,300,300,400,100,100,100,100,100,100,200,200,300,300,300,400,100,100,100,100,100,200,200,200,200,200,200,200,300,300,300,300,300,300,300,300,300,400,400,400,400,400,400,400
23:14,23,14,100,100,100,100,100,300,400,200,300,300,400,100,100,100,100,100,100,200,200,300,300,300,400,100,100,100,100,100,200,200,200,200,200,200,200,300,300,300,300,300,300,300,300,300,400,400,400,400,400,400,400
23:15,23,15,100,100,100,100,100,300,400,200,300,300,400,100,100,100,100,100,100,200,200,300,300,300,400,100,100,100,100,100,200,200,200,200,200,200,200,300,300,300,300,300,300,300,300,300,400,400,400,400,400,400,400
23:16,23,16,100,100,100,100,100,300,400,200,300,300,400,100,100,100,100,100,100,200,200,300,300,300,400,100,100,100,100,100,200,200,200,200,200,200,200,300,300,300,300,300,300,300,300,300,400,400,400,400,400,400,400
23:17,23,17,100,100,100,100,100,300,400,200,300,300,400,100,100,100,100,100,100,200,200,300,300,300,400,100,100,100,100,100,200,200,200,200,200,200,200,300,300,300,300,300,300,300,300,300,400,400,400,400,400,400,400
23:18,23,18,100,100,100,100,100,300,400,200,300,300,400,100,100,100,100,100,100,200,200,300,300,300,400,100,100,100,100,100,200,200,200,200,200,200,200,300,300,300,300,300,300,300,300,300,400,400,400,400,400,400,400
23:19,23,19,100,100,100,100,100,300,400,200,300,300,400,100,100,100,100,100,100,200,200,300,300,300,400,100,100,100,100,100,200,200,200,200,200,200,200,300,300,300,300,300,300,300,300,300,400,400,400,400,400,400,400
23:20,23,20,100,100,100,100,100,300,400,200,300,300,400,100,100,100,100,100,100,200,200,300,300,300,400,100,100,100,100,100,200,200,200,200,200,200,200,300,300,300,300,300,300,300,300,300,400,400,400,400,400,400,400
23:21,23,21,100,100,100,100,100,300,400,200,300,300,400,100,100,100,100,100,100,200,200,300,300,300,400,100,100,100,100,100,200,200,200,200,200,200,200,300,300,300,300,300,300,300,300,300,400,400,400,400,400,400,400
23:22,23,22,100,100,100,100,100,300,400,200,300,300,400,100,100,100,100,100,100,200,200,300,300,300,400,100,100,100,100,100,200,200,200,200,200,200,200,300,300,300,300,300,300,300,300,300,400,400,400,400,400,400,400
23:23,23,23,100,100,100,100,100,300,400,200,300,300,400,100,100,100,100,100,100,200,200,300,300,300,400,100,100,100,100,100,200,200,200,200,200,200,200,300,300,300,300,300,300,300,300,300,400,400,400,400,400,400,400
23:24,23,24,100,100,100,100,100,300,400,200,300,300,400,100,100,100,100,100,100,200,200,300,300,300,400,100,100,100,100,100,200,200,200,200,200,200,200,300,300,300,300,300,300,300,300,300,400,400,400,400,400,400,400
23:25,23,25,100,100,100,100,100,300,400,200,300,300,400,100,100,100,100,100,100,200,200,300,300,300,400,100,100,100,100,100,200,200,200,200,200,200,200,300,300,300,300,300,300,300,300,300,400,400,400,400,400,400,400
23:26,23,26,100,100,100,100,100,300,400,200,300,300,400,100,100,100,100,100,100,200,200,300,300,300,400,100,100,100,100,100,200,200,200,200,200,200,200,300,300,300,300,300,300,300,300,300,400,400,400,400,400,400,400
23:27,23,27,100,100,100,100,100,300,400,200,300,300,400,100,100,100,100,100,100,200,200,300,300,300,400,100,100,100,100,100,200,200,200,200,200,200,200,300,300,300,300,300,300,300,300,300,400,400,400,400,400,400,400
23:28,23,28,100,100,100,100,100,300,400,200,300,300,400,100,100,100,100,100,100,200,200,300,300,300,400,100,100,100,100,100,200,200,200,200,200,200,200,300,300,300,300,300,300,300,300,300,400,400,400,400,400,400,400
23:29,23,29,100,100,100,100,100,300,400,200,300,300,400,100,100,100,100,100,100,200,200,300,300,300,400,100,100,100,100,100,200,200,200,200,200,200,200,300,300,300,300,300,300,300,300,300,400,400,400,400,400,400,400
23:30,23,30,100,100,100,100,100,300,400,200,300,300,400,100,100,100,100,100,100,200,200,300,300,300,400,100,100,100,100,100,200,200,200,200,200,200,200,300,300,300,300,300,300,300,300,300,400,400,400,400,400,400,400
23:31,23,31,100,100,100,100,100,300,400,200,300,300,400,100,100,100,100,100,100,200,200,300,300,300,400,100,100,100,100,100,200,200,200,200,200,200,200,300,300,300,300,300,300,300,300,300,400,400,400,400,400,400,400
23:32,23,32,100,100,100,100,100,300,400,200,300,300,400,100,100,100,100,100,100,200,200,300,300,300,400,100,100,100,100,100,200,200,200,200,200,200,200,300,300,300,300,300,300,300,300,300,400,400,400,400,400,400,400
23:33,23,33,100,100,100,100,100,300,400,200,300,300,400,100,100,100,100,100,100,200,200,300,300,300,400,100,100,100,100,100,200,200,200,200,200,200,200,300,300,300,300,300,300,300,300,300,400,400,400,400,400,400,400
23:34,23,34,100,100,100,100,100,300,400,200,300,300,400,100,100,100,100,100,100,200,200,300,300,300,400,100,100,100,100,100,200,200,200,200,200,200,200,300,300,300,300,300,300,300,300,300,400,400,400,400,400,400,400
23:35,23,35,100,100,100,100,100,300,400,200,300,300,400,100,100,100,100,100,100,200,200,300,300,300,400,100,100,100,100,100,200,200,200,200,200,200,200,300,300,300,300,300,300,300,300,300,400,400,400,400,400,400,400
23:36,23,36,100,100,100,100,100,300,400,200,300,300,400,100,100,100,100,100,100,200,200,300,300,300,400,100,100,100,100,100,200,200,200,200,200,200,200,300,300,300,300,300,300,300,300,300,400,400,400,400,400,400,400
23:37,23,37,100,100,100,100,100,300,400,200,300,300,400,100,100,100,100,100,100,200,200,300,300,300,400,100,100,100,100,100,200,200,200,200,200,200,200,300,300,300,300,300,300,300,300,300,400,400,400,400,400,400,400
23:38,23,38,100,100,100,100,100,300,400,200,300,300,400,100,100,100,100,100,100,200,200,300,300,300,400,100,100,100,100,100,200,200,200,200,200,200,200,300,300,300,300,300,300,300,300,300,400,400,400,400,400,400,400
23:39,23,39,100,100,100,100,100,300,400,200,300,300,400,100,100,100,100,100,100,200,200,300,300,300,400,100,100,100,100,100,200,200,200,200,200,200,200,300,300,300,300,300,300,300,300,300,400,400,400,400,400,400,400
23:40,23,40,100,100,100,100,100,300,400,200,300,300,400,100,100,100,100,100,100,200,200,300,300,300,400,100,100,100,100,100,200,200,200,200,200,200,200,300,300,300,300,300,300,300,300,300,400,400,400,400,400,400,400
23:41,23,41,100,100,100,100,100,300,400,200,300,300,400,100,100,100,100,100,100,200,200,300,300,300,400,100,100,100,100,100,200,200,200,200,200,200,200,300,300,300,300,300,300,300,300,300,400,400,400,400,400,400,400
23:42,23,42,100,100,100,100,100,300,400,200,300,300,400,100,100,100,100,100,100,200,200,300,300,300,400,100,100,100,100,100,200,200,200,200,200,200,200,300,300,300,300,300,300,300,300,300,400,400,400,400,400,400,400
23:43,23,43,100,100,100,100,100,300,400,200,300,300,400,100,100,100,100,100,100,200,200,300,300,300,400,100,100,100,100,100,200,200,200,200,200,200,200,300,300,300,300,300,300,300,300,300,400,400,400,400,400,400,400
23:44,23,44,100,100,100,100,100,300,400,200,300,300,400,100,100,100,100,100,100,200,200,300,300,300,400,100,100,100,100,100,200,200,200,200,200,200,200,300,300,300,300,300,300,300,300,300,400,400,400,400,400,400,400
23:45,23,45,100,100,100,100,100,300,400,200,300,300,400,100,100,100,100,100,100,200,200,300,300,300,400,100,100,100,100,100,200,200,200,200,200,200,200,300,300,300,300,300,300,300,300,300,400,400,400,400,400,400,400
23:46,23,46,100,100,100,100,100,300,400,200,300,300,400,100,100,100,100,100,100,200,200,300,300,300,400,100,100,100,100,100,200,200,200,200,200,200,200,300,300,300,300,300,300,300,300,300,400,400,400,400,400,400,400
23:47,23,47,100,100,100,100,100,300,400,200,300,300,400,100,100,100,100,100,100,200,200,300,300,300,400,100,100,100,100,100,200,200,200,200,200,200,200,300,300,300,300,300,300,300,300,300,400,400,400,400,400,400,400
23:48,23,48,100,100,100,100,100,300,400,200,300,300,400,100,100,100,100,100,100,200,200,300,300,300,400,100,100,100,100,100,200,200,200,200,200,200,200,300,300,300,300,300,300,300,300,300,400,400,400,400,400,400,400
23:49,23,49,100,100,100,100,100,300,400,200,300,300,400,100,100,100,100,100,100,200,200,300,300,300,400,100,100,100,100,100,200,200,200,200,200,200,200,300,300,300,300,300,300,300,300,300,400,400,400,400,400,400,400
23:50,23,50,100,100,100,100,100,300,400,200,300,300,400,100,100,100,100,100,100,200,200,300,300,300,400,100,100,100,100,100,200,200,200,200,200,200,200,300,300,300,300,300,300,300,300,300,400,400,400,400,400,400,400
23:51,23,51,100,100,100,100,100,300,400,200,300,300,400,100,100,100,100,100,100,200,200,300,300,300,400,100,100,100,100,100,200,200,200,200,200,200,200,300,300,300,300,300,300,300,300,300,400,400,400,400,400,400,400
23:52,23,52,100,100,100,100,100,300,400,200,300,300,400,100,100,100,100,100,100,200,200,300,300,300,400,100,100,100,100,100,200,200,200,200,200,200,200,300,300,300,300,300,300,300,300,300,400,400,400,400,400,400,400
23:53,23,53,100,100,100,100,100,300,400,200,300,300,400,100,100,100,100,100,100,200,200,300,300,300,400,100,100,100,100,100,200,200,200,200,200,200,200,300,300,300,300,300,300,300,300,300,400,400,400,400,400,400,400
23:54,23,54,100,100,100,100,100,300,400,200,300,300,400,100,100,100,100,100,100,200,200,300,300,300,400,100,100,100,100,100,200,200,200,200,200,200,200,300,300,300,300,300,300,300,300,300,400,400,400,400,400,400,400
23:55,23,55,100,100,100,100,100,300,400,200,300,300,400,100,100,100,100,100,100,200,200,300,300,300,400,100,100,100,100,100,200,200,200,200,200,200,200,300,300,300,300,300,300,300,300,300,400,400,400,400,400,400,400
23:56,23,56,100,100,100,100,100,300,400,200,300,300,400,100,100,100,100,100,100,200,200,300,300,300,400,100,100,100,100,100,200,200,200,200,200,200,200,300,300,300,300,300,300,300,300,300,400,400,400,400,400,400,400
23:57,23,57,100,100,100,100,100,300,400,200,300,300,400,100,100,100,100,100,100,200,200,300,300,300,400,100,100,100,100,100,200,200,200,200,200,200,200,300,300,300,300,300,300,300,300,300,400,400,400,400,400,400,400
23:58,23,58,100,100,100,100,100,300,400,200,300,300,400,100,100,100,100,100,100,200,200,300,300,300,400,100,100,100,100,100,200,200,200,200,200,200,200,300,300,300,300,300,300,300,300,300,400,400,400,400,400,400,400
23:59,23,59,100,100,100,100,100,300,400,200,300,300,400,100,100,100,100,100,100,200,200,300,300,300,400,100,100,100,100,100,200,200,200,200,200,200,200,300,300,300,300,300,300,300,300,300,400,400,400,400,400,400,400
