step,Time,Hour,Minute,minute_of_day,fridge_kw,ac_kw,heater_kw,dehumidifier_kw,dryer_kw,lighting_kw,washer_kw,transferPump_kw,boosterPump_kw,total_power_kw,energy_kwh
0,00:00,0,0,0,0.06,0.0,0.0,0.02,0.0,0.04458646029589399,0.0,0.0,0.0,0.12458646029589399,0.0020764410049315665
1,00:01,0,1,1,0.061570078687288324,0.0,0.0,0.02,0.0,0.044556606237430595,0.0,0.0,0.0,0.12612668492471893,0.002102111415411982
2,00:02,0,2,2,0.0631358538980296,0.0,0.0,0.02,0.0,0.04354186691673454,0.0,0.0,0.0,0.12667772081476414,0.0021112953469127355
3,00:03,0,3,3,0.06469303395120693,0.0,0.0,0.02,0.0,0.04869753491839351,0.0,0.0,0.0,0.13339056886960043,0.002223176147826674
4,00:04,0,4,4,0.06623735072453277,0.0,0.0,0.02,0.0,0.042481752449427077,0.0,0.0,0.0,0.12871910317395985,0.002145318386232664
5,00:05,0,5,5,0.06776457135307562,0.0,0.0,0.02,0.0,0.04806139413492649,0.0,0.0,0.0,0.1358259654880021,0.002263766091466702
6,00:06,0,6,6,0.06927050983124841,0.0,0.0,0.02,0.0,0.04474131106502384,0.0,0.0,0.0,0.13401182089627225,0.002233530348271204
7,00:07,0,7,7,0.07075103848635901,0.0,0.0,0.02,0.0,0.0422343389507913,0.0,0.0,0.0,0.13298537743715033,0.0022164229572858387
8,00:08,0,8,8,0.072202099292274,0.0,0.0,0.02,0.0,0.0415360033996216,0.0,0.0,0.0,0.13373810269189562,0.0022289683781982605
9,00:09,0,9,9,0.0736197149921864,0.0,0.0,0.02,0.0,0.04231041283256876,0.0,0.0,0.0,0.13593012782475516,0.002265502130412586
10,00:10,0,10,10,0.075,0.0,0.0,0.02,0.0,0.04493078412614071,0.0,0.0,0.0,0.1399307841261407,0.0023321797354356787
11,00:11,0,11,11,0.07633917105045081,0.0,0.0,0.02,0.0,0.04169178576603225,0.0,0.0,0.0,0.13803095681648306,0.002300515946941384
12,00:12,0,12,12,0.0776335575687742,0.0,0.0,0.02,0.0,0.04940793758050068,0.0,0.0,0.0,0.1470414951492749,0.0024506915858212483
13,00:13,0,13,13,0.07887961173149512,0.0,0.0,0.02,0.0,0.04187873082776103,0.0,0.0,0.0,0.14075834255925615,0.0023459723759876026
14,00:14,0,14,14,0.08007391819076574,0.0,0.0,0.02,0.0,0.043586786848040064,0.0,0.0,0.0,0.14366070503880582,0.002394345083980097
15,00:15,0,15,15,0.08121320343559643,0.0,0.0,0.02,0.0,0.04067794081855339,0.0,0.0,0.0,0.14189114425414984,0.0023648524042358308
16,00:16,0,16,16,0.08229434476432182,0.0,0.0,0.02,0.0,0.04469996667111703,0.0,0.0,0.0,0.14699431143543884,0.0024499051905906475
17,00:17,0,17,17,0.08331437884370912,0.0,0.0,0.02,0.0,0.04738553633239982,0.0,0.0,0.0,0.15069991517610895,0.002511665252935149
18,00:18,0,18,18,0.08427050983124844,0.0,0.0,0.02,0.0,0.042968587136238745,0.0,0.0,0.0,0.1472390969674872,0.00245398494945812
19,00:19,0,19,19,0.08516011703836271,0.0,0.0,0.02,0.0,0.04701892852234185,0.0,0.0,0.0,0.15217904556070455,0.0025363174260117425
20,00:20,0,20,20,0.08598076211353316,0.0,0.0,0.02,0.0,0.04983708466417488,0.0,0.0,0.0,0.15581784677770805,0.0025969641129618007
21,00:21,0,21,21,0.08673019572565104,0.0,0.0,0.02,0.0,0.04792102205569835,0.0,0.0,0.0,0.15465121778134938,0.002577520296355823
22,00:22,0,22,22,0.08740636372927803,0.0,0.0,0.02,0.0,0.049108246051376245,0.0,0.0,0.0,0.1565146097806543,0.0026085768296775715
23,00:23,0,23,23,0.08800741279491606,0.0,0.0,0.02,0.0,0.0431020503468993,0.0,0.0,0.0,0.15110946314181536,0.0025184910523635895
24,00:24,0,24,24,0.0885316954888546,0.0,0.0,0.02,0.0,0.045400081592360746,0.0,0.0,0.0,0.15393177708121536,0.002565529618020256
25,00:25,0,25,25,0.08897777478867205,0.0,0.0,0.02,0.0,0.04541000182601705,0.0,0.0,0.0,0.1543877766146891,0.0025731296102448186
26,00:26,0,26,26,0.08934442802201417,0.0,0.0,0.02,0.0,0.0418110019619992,0.0,0.0,0.0,0.15115542998401338,0.002519257166400223
27,00:27,0,27,27,0.08963065021785414,0.0,0.0,0.02,0.0,0.04397943319678531,0.0,0.0,0.0,0.15361008341463944,0.0025601680569106574
28,00:28,0,28,28,0.08983565686104819,0.0,0.0,0.02,0.0,0.04932241485838388,0.0,0.0,0.0,0.15915807171943208,0.0026526345286572014
29,00:29,0,29,29,0.08995888604263721,0.0,0.0,0.02,0.0,0.044908601403873594,0.0,0.0,0.0,0.1548674874465108,0.00258112479077518
30,00:30,0,30,30,0.09,0.0,0.0,0.02,0.0,0.04811425642993499,0.0,0.0,0.0,0.15811425642993499,0.002635237607165583
31,00:31,0,31,31,0.08995888604263721,0.0,0.0,0.02,0.0,0.04160718375447828,0.0,0.0,0.0,0.1515660697971155,0.0025261011632852584
32,00:32,0,32,32,0.0898356568610482,0.0,0.0,0.02,0.0,0.04139168466412993,0.0,0.0,0.0,0.15122734152517814,0.0025204556920863023
33,00:33,0,33,33,0.08963065021785413,0.0,0.0,0.02,0.0,0.04856205456664407,0.0,0.0,0.0,0.1581927047844982,0.0026365450797416366
34,00:34,0,34,34,0.08934442802201417,0.0,0.0,0.02,0.0,0.041565053927261154,0.0,0.0,0.0,0.15090948194927534,0.002515158032487922
35,00:35,0,35,35,0.08897777478867205,0.0,0.0,0.02,0.0,0.04092336921181475,0.0,0.0,0.0,0.14990114400048682,0.0024983524000081136
36,00:36,0,36,36,0.0885316954888546,0.0,0.0,0.02,0.0,0.049101905019150266,0.0,0.0,0.0,0.15763360050800487,0.0026272266751334143
37,00:37,0,37,37,0.08800741279491606,0.0,0.0,0.02,0.0,0.04228452922933425,0.0,0.0,0.0,0.1502919420242503,0.002504865700404172
38,00:38,0,38,38,0.08740636372927803,0.0,0.0,0.02,0.0,0.042451959798934874,0.0,0.0,0.0,0.1498583235282129,0.002497638725470215
39,00:39,0,39,39,0.08673019572565105,0.0,0.0,0.02,0.0,0.04273114643405867,0.0,0.0,0.0,0.14946134215970971,0.002491022369328495
40,00:40,0,40,40,0.08598076211353316,0.0,0.0,0.02,0.0,0.04083697903942166,0.0,0.0,0.0,0.14681774115295482,0.0024469623525492467
41,00:41,0,41,41,0.08516011703836271,0.0,0.0,0.02,0.0,0.041723022764809645,0.0,0.0,0.0,0.14688313980317236,0.0024480523300528727
42,00:42,0,42,42,0.08427050983124844,0.0,0.0,0.02,0.0,0.04596391592295193,0.0,0.0,0.0,0.15023442575420037,0.0025039070959033396
43,00:43,0,43,43,0.08331437884370914,0.0,0.0,0.02,0.0,0.047627878033073896,0.0,0.0,0.0,0.15094225687678303,0.002515704281279717
44,00:44,0,44,44,0.08229434476432183,0.0,0.0,0.02,0.0,0.042711256854739074,0.0,0.0,0.0,0.1450056016190609,0.0024167600269843484
45,00:45,0,45,45,0.08121320343559643,0.0,0.0,0.02,0.0,0.04420565944746516,0.0,0.0,0.0,0.1454188628830616,0.0024236477147176936
46,00:46,0,46,46,0.08007391819076574,0.0,0.0,0.02,0.0,0.043131877624472986,0.0,0.0,0.0,0.14320579581523873,0.002386763263587312
47,00:47,0,47,47,0.07887961173149512,0.0,0.0,0.02,0.0,0.045460110079115955,0.0,0.0,0.0,0.14433972181061108,0.0024056620301768513
48,00:48,0,48,48,0.0776335575687742,0.0,0.0,0.02,0.0,0.04165027037579286,0.0,0.0,0.0,0.13928382794456706,0.002321397132409451
49,00:49,0,49,49,0.07633917105045082,0.0,0.0,0.02,0.0,0.04152011366313329,0.0,0.0,0.0,0.1378592847135841,0.002297654745226402
50,00:50,0,50,50,0.075,0.0,0.0,0.02,0.0,0.046173487968944424,0.0,0.0,0.0,0.1411734879689444,0.0023528914661490735
51,00:51,0,51,51,0.0736197149921864,0.0,0.0,0.02,0.0,0.04333544030288447,0.0,0.0,0.0,0.13695515529507088,0.0022825859215845146
52,00:52,0,52,52,0.072202099292274,0.0,0.0,0.02,0.0,0.04513354764573445,0.0,0.0,0.0,0.13733564693800845,0.0022889274489668074
53,00:53,0,53,53,0.07075103848635902,0.0,0.0,0.02,0.0,0.04855753755329911,0.0,0.0,0.0,0.13930857603965813,0.0023218096006609686
54,00:54,0,54,54,0.06927050983124844,0.0,0.0,0.02,0.0,0.045781239013847896,0.0,0.0,0.0,0.13505174884509635,0.002250862480751606
55,00:55,0,55,55,0.06776457135307562,0.0,0.0,0.02,0.0,0.04237689252043003,0.0,0.0,0.0,0.13014146387350567,0.002169024397891761
56,00:56,0,56,56,0.06623735072453277,0.0,0.0,0.02,0.0,0.04207896554459569,0.0,0.0,0.0,0.12831631626912846,0.0021386052711521407
57,00:57,0,57,57,0.06469303395120693,0.0,0.0,0.02,0.0,0.04403173244535248,0.0,0.0,0.0,0.12872476639655941,0.0021454127732759903
58,00:58,0,58,58,0.06313585389802961,0.0,0.0,0.02,0.0,0.04696354531988924,0.0,0.0,0.0,0.13009939921791885,0.0021683233202986476
59,00:59,0,59,59,0.06157007868728833,0.0,0.0,0.02,0.0,0.04756859719111026,0.0,0.0,0.0,0.12913867587839858,0.0021523112646399762
60,01:00,1,0,60,0.060000000000000005,0.0,0.0,0.02,0.0,0.024,0.0,0.0,0.0,0.10400000000000001,0.0017333333333333335
61,01:01,1,1,61,0.05842992131271169,0.0,0.0,0.02,0.0,0.024,0.0,0.0,0.0,0.1024299213127117,0.0017071653552118615
62,01:02,1,2,62,0.056864146101970395,0.0,0.0,0.02,0.0,0.0,0.0,0.0,0.0,0.0768641461019704,0.0012810691016995066
63,01:03,1,3,63,0.05530696604879308,0.0,0.0,0.02,0.0,0.0,0.0,0.0,0.0,0.07530696604879308,0.0012551161008132181
64,01:04,1,4,64,0.05376264927546723,0.0,0.0,0.02,0.0,0.0,0.0,0.0,0.0,0.07376264927546723,0.001229377487924454
65,01:05,1,5,65,0.05223542864692439,0.0,0.0,0.02,0.0,0.0,0.0,0.0,0.0,0.0722354286469244,0.0012039238107820732
66,01:06,1,6,66,0.05072949016875157,0.0,0.0,0.02,0.0,0.0,0.0,0.0,0.0,0.07072949016875157,0.0011788248361458596
67,01:07,1,7,67,0.049248961513640985,0.0,0.0,0.02,0.0,0.0,0.0,0.0,0.0,0.06924896151364099,0.001154149358560683
68,01:08,1,8,68,0.04779790070772601,0.0,0.0,0.02,0.0,0.0,0.0,0.0,0.0,0.06779790070772601,0.0011299650117954335
69,01:09,1,9,69,0.04638028500781361,0.0,0.0,0.02,0.0,0.0,0.0,0.0,0.0,0.06638028500781361,0.0011063380834635602
70,01:10,1,10,70,0.045,0.0,0.0,0.02,0.0,0.0,0.0,0.0,0.0,0.065,0.0010833333333333333
71,01:11,1,11,71,0.043660828949549195,0.0,0.0,0.02,0.0,0.0,0.0,0.0,0.0,0.06366082894954919,0.0010610138158258199
72,01:12,1,12,72,0.04236644243122581,0.0,0.0,0.02,0.0,0.0,0.0,0.0,0.0,0.06236644243122581,0.0010394407071870968
73,01:13,1,13,73,0.041120388268504886,0.0,0.0,0.02,0.0,0.0,0.0,0.0,0.0,0.06112038826850488,0.0010186731378084147
74,01:14,1,14,74,0.03992608180923425,0.0,0.0,0.02,0.0,0.0,0.0,0.0,0.0,0.059926081809234255,0.0009987680301539043
75,01:15,1,15,75,0.03878679656440357,0.0,0.0,0.02,0.0,0.0,0.0,0.0,0.0,0.05878679656440357,0.0009797799427400595
76,01:16,1,16,76,0.037705655235678176,0.0,0.0,0.02,0.0,0.0,0.0,0.0,0.0,0.05770565523567818,0.0009617609205946363
77,01:17,1,17,77,0.036685621156290864,0.0,0.0,0.02,0.0,0.0,0.0,0.0,0.0,0.05668562115629086,0.0009447603526048477
78,01:18,1,18,78,0.035729490168751585,0.0,0.0,0.02,0.0,0.0,0.0,0.0,0.0,0.05572949016875159,0.0009288248361458598
79,01:19,1,19,79,0.03483988296163728,0.0,0.0,0.02,0.0,0.0,0.0,0.0,0.0,0.054839882961637276,0.0009139980493606212
80,01:20,1,20,80,0.034019237886466845,0.0,0.0,0.02,0.0,0.0,0.0,0.0,0.0,0.05401923788646684,0.000900320631441114
81,01:21,1,21,81,0.033269804274348974,0.0,0.0,0.02,0.0,0.0,0.0,0.0,0.0,0.05326980427434898,0.0008878300712391496
82,01:22,1,22,82,0.032593636270721975,0.0,0.0,0.02,0.0,0.0,0.0,0.0,0.0,0.05259363627072197,0.0008765606045120328
83,01:23,1,23,83,0.03199258720508395,0.0,0.0,0.02,0.0,0.0,0.0,0.0,0.0,0.05199258720508396,0.0008665431200847326
84,01:24,1,24,84,0.03146830451114539,0.0,0.0,0.02,0.0,0.0,0.0,0.0,0.0,0.051468304511145396,0.0008578050751857566
85,01:25,1,25,85,0.03102222521132795,0.0,0.0,0.02,0.0,0.0,0.0,0.0,0.0,0.051022225211327946,0.000850370420188799
86,01:26,1,26,86,0.030655571977985838,0.0,0.0,0.02,0.0,0.0,0.0,0.0,0.0,0.05065557197798584,0.0008442595329664306
87,01:27,1,27,87,0.030369349782145873,0.0,0.0,0.02,0.0,0.0,0.0,0.0,0.0,0.05036934978214587,0.0008394891630357645
88,01:28,1,28,88,0.0301643431389518,0.0,0.0,0.02,0.0,0.0,0.0,0.0,0.0,0.0501643431389518,0.0008360723856491967
89,01:29,1,29,89,0.030041113957362784,0.0,0.0,0.02,0.0,0.0,0.0,0.0,0.0,0.050041113957362784,0.0008340185659560464
90,01:30,1,30,90,0.03,0.0,0.0,0.02,0.0,0.0,0.0,0.0,0.0,0.05,0.0008333333333333334
91,01:31,1,31,91,0.030041113957362784,0.0,0.0,0.02,0.0,0.0,0.0,0.0,0.0,0.050041113957362784,0.0008340185659560464
92,01:32,1,32,92,0.0301643431389518,0.0,0.0,0.02,0.0,0.0,0.0,0.0,0.0,0.0501643431389518,0.0008360723856491967
93,01:33,1,33,93,0.03036934978214587,0.0,0.0,0.02,0.0,0.0,0.0,0.0,0.0,0.05036934978214587,0.0008394891630357645
94,01:34,1,34,94,0.030655571977985838,0.0,0.0,0.02,0.0,0.0,0.0,0.0,0.0,0.05065557197798584,0.0008442595329664306
95,01:35,1,35,95,0.031022225211327942,0.0,0.0,0.02,0.0,0.0,0.0,0.0,0.0,0.051022225211327946,0.000850370420188799
96,01:36,1,36,96,0.03146830451114539,0.0,0.0,0.02,0.0,0.0,0.0,0.0,0.0,0.051468304511145396,0.0008578050751857566
97,01:37,1,37,97,0.031992587205083946,0.0,0.0,0.02,0.0,0.0,0.0,0.0,0.0,0.05199258720508394,0.0008665431200847324
98,01:38,1,38,98,0.03259363627072197,0.0,0.0,0.02,0.0,0.0,0.0,0.0,0.0,0.05259363627072197,0.0008765606045120328
99,01:39,1,39,99,0.03326980427434895,0.0,0.0,0.02,0.0,0.0,0.0,0.0,0.0,0.05326980427434895,0.0008878300712391492
100,01:40,1,40,100,0.03401923788646684,0.0,0.0,0.02,0.0,0.0,0.0,0.0,0.0,0.05401923788646684,0.000900320631441114
101,01:41,1,41,101,0.03483988296163727,0.0,0.0,0.02,0.0,0.0,0.0,0.0,0.0,0.054839882961637276,0.0009139980493606212
102,01:42,1,42,102,0.03572949016875158,0.0,0.0,0.02,0.0,0.0,0.0,0.0,0.0,0.055729490168751575,0.0009288248361458596
103,01:43,1,43,103,0.036685621156290864,0.0,0.0,0.02,0.0,0.0,0.0,0.0,0.0,0.05668562115629086,0.0009447603526048477
104,01:44,1,44,104,0.037705655235678176,0.0,0.0,0.02,0.0,0.0,0.0,0.0,0.0,0.05770565523567818,0.0009617609205946363
105,01:45,1,45,105,0.03878679656440357,0.0,0.0,0.02,0.0,0.024,0.0,0.0,0.0,0.08278679656440358,0.0013797799427400597
106,01:46,1,46,106,0.03992608180923423,0.0,0.0,0.02,0.0,0.024,0.0,0.0,0.0,0.08392608180923422,0.0013987680301539036
107,01:47,1,47,107,0.041120388268504886,0.0,0.0,0.02,0.0,0.0,0.0,0.0,0.0,0.06112038826850488,0.0010186731378084147
108,01:48,1,48,108,0.0423664424312258,0.0,0.0,0.02,0.0,0.0,0.0,0.0,0.0,0.0623664424312258,0.0010394407071870966
109,01:49,1,49,109,0.043660828949549195,0.0,0.0,0.02,0.0,0.0,0.0,0.0,0.0,0.06366082894954919,0.0010610138158258199
110,01:50,1,50,110,0.04499999999999999,0.0,0.0,0.02,0.0,0.0,0.0,0.0,0.0,0.06499999999999999,0.001083333333333333
111,01:51,1,51,111,0.04638028500781359,0.0,0.0,0.02,0.0,0.0,0.0,0.0,0.0,0.0663802850078136,0.00110633808346356
112,01:52,1,52,112,0.047797900707726,0.0,0.0,0.02,0.0,0.0,0.0,0.0,0.0,0.067797900707726,0.0011299650117954333
113,01:53,1,53,113,0.04924896151364098,0.0,0.0,0.02,0.0,0.0,0.0,0.0,0.0,0.06924896151364097,0.0011541493585606828
114,01:54,1,54,114,0.05072949016875157,0.0,0.0,0.02,0.0,0.0,0.0,0.0,0.0,0.07072949016875157,0.0011788248361458596
115,01:55,1,55,115,0.052235428646924376,0.0,0.0,0.02,0.0,0.0,0.0,0.0,0.0,0.07223542864692438,0.001203923810782073
116,01:56,1,56,116,0.0537626492754672,0.0,0.0,0.02,0.0,0.0,0.0,0.0,0.0,0.0737626492754672,0.0012293774879244535
117,01:57,1,57,117,0.055306966048793066,0.0,0.0,0.02,0.0,0.0,0.0,0.0,0.0,0.07530696604879307,0.0012551161008132177
118,01:58,1,58,118,0.05686414610197037,0.0,0.0,0.02,0.0,0.0,0.0,0.0,0.0,0.07686414610197037,0.0012810691016995062
119,01:59,1,59,119,0.0584299213127117,0.0,0.0,0.02,0.0,0.0,0.0,0.0,0.0,0.0784299213127117,0.0013071653552118618
120,02:00,2,0,120,0.06,0.0,0.0,0.02,0.0,0.024,0.0,0.0,0.0,0.10400000000000001,0.0017333333333333335
121,02:01,2,1,121,0.061570078687288324,0.0,0.0,0.02,0.0,0.024,0.0,0.0,0.0,0.10557007868728832,0.0017595013114548054
122,02:02,2,2,122,0.0631358538980296,0.0,0.0,0.02,0.0,0.0,0.0,0.0,0.0,0.0831358538980296,0.00138559756496716
123,02:03,2,3,123,0.06469303395120693,0.0,0.0,0.02,0.0,0.0,0.0,0.0,0.0,0.08469303395120693,0.0014115505658534489
124,02:04,2,4,124,0.06623735072453277,0.0,0.0,0.02,0.0,0.0,0.0,0.0,0.0,0.08623735072453277,0.0014372891787422129
125,02:05,2,5,125,0.06776457135307562,0.0,0.0,0.02,0.0,0.0,0.0,0.0,0.0,0.08776457135307562,0.0014627428558845936
126,02:06,2,6,126,0.06927050983124841,0.0,0.0,0.02,0.0,0.0,0.0,0.0,0.0,0.08927050983124842,0.0014878418305208068
127,02:07,2,7,127,0.07075103848635901,0.0,0.0,0.02,0.0,0.0,0.0,0.0,0.0,0.09075103848635901,0.0015125173081059835
128,02:08,2,8,128,0.072202099292274,0.0,0.0,0.02,0.0,0.0,0.0,0.0,0.0,0.092202099292274,0.0015367016548712333
129,02:09,2,9,129,0.0736197149921864,0.0,0.0,0.02,0.0,0.0,0.0,0.0,0.0,0.09361971499218641,0.0015603285832031068
130,02:10,2,10,130,0.075,0.0,0.0,0.02,0.0,0.0,0.0,0.0,0.0,0.095,0.0015833333333333333
131,02:11,2,11,131,0.07633917105045081,0.0,0.0,0.02,0.0,0.0,0.0,0.0,0.0,0.09633917105045081,0.0016056528508408467
132,02:12,2,12,132,0.0776335575687742,0.0,0.0,0.02,0.0,0.0,0.0,0.0,0.0,0.0976335575687742,0.00162722595947957
133,02:13,2,13,133,0.07887961173149512,0.0,0.0,0.02,0.0,0.0,0.0,0.0,0.0,0.09887961173149512,0.001647993528858252
134,02:14,2,14,134,0.08007391819076574,0.0,0.0,0.02,0.0,0.0,0.0,0.0,0.0,0.10007391819076575,0.0016678986365127625
135,02:15,2,15,135,0.08121320343559643,0.0,0.0,0.02,0.0,0.0,0.0,0.0,0.0,0.10121320343559644,0.0016868867239266073
136,02:16,2,16,136,0.08229434476432182,0.0,0.0,0.02,0.0,0.0,0.0,0.0,0.0,0.10229434476432182,0.0017049057460720304
137,02:17,2,17,137,0.08331437884370912,0.0,0.0,0.02,0.0,0.0,0.0,0.0,0.0,0.10331437884370913,0.0017219063140618187
138,02:18,2,18,138,0.08427050983124844,0.0,0.0,0.02,0.0,0.0,0.0,0.0,0.0,0.10427050983124844,0.0017378418305208072
139,02:19,2,19,139,0.08516011703836271,0.0,0.0,0.02,0.0,0.0,0.0,0.0,0.0,0.10516011703836271,0.0017526686173060452
140,02:20,2,20,140,0.08598076211353316,0.0,0.0,0.02,0.0,0.0,0.0,0.0,0.0,0.10598076211353316,0.0017663460352255527
141,02:21,2,21,141,0.08673019572565104,0.0,0.0,0.02,0.0,0.0,0.0,0.0,0.0,0.10673019572565104,0.0017788365954275172
142,02:22,2,22,142,0.08740636372927803,0.0,0.0,0.02,0.0,0.0,0.0,0.0,0.0,0.10740636372927803,0.0017901060621546337
143,02:23,2,23,143,0.08800741279491606,0.0,0.0,0.02,0.0,0.0,0.0,0.0,0.0,0.10800741279491606,0.0018001235465819343
144,02:24,2,24,144,0.0885316954888546,0.0,0.0,0.02,0.0,0.0,0.0,0.0,0.0,0.10853169548885461,0.0018088615914809102
145,02:25,2,25,145,0.08897777478867205,0.0,0.0,0.02,0.0,0.0,0.0,0.0,0.0,0.10897777478867206,0.0018162962464778676
146,02:26,2,26,146,0.08934442802201417,0.0,0.0,0.02,0.0,0.0,0.0,0.0,0.0,0.10934442802201418,0.0018224071337002363
147,02:27,2,27,147,0.08963065021785414,0.0,0.0,0.02,0.0,0.0,0.0,0.0,0.0,0.10963065021785415,0.0018271775036309025
148,02:28,2,28,148,0.08983565686104819,0.0,0.0,0.02,0.0,0.0,0.0,0.0,0.0,0.1098356568610482,0.00183059428101747
149,02:29,2,29,149,0.08995888604263721,0.0,0.0,0.02,0.0,0.0,0.0,0.0,0.0,0.10995888604263722,0.0018326481007106203
150,02:30,2,30,150,0.09,0.0,0.0,0.02,0.0,0.0,0.0,0.0,0.0,0.11,0.0018333333333333333
151,02:31,2,31,151,0.08995888604263721,0.0,0.0,0.02,0.0,0.0,0.0,0.0,0.0,0.10995888604263722,0.0018326481007106203
152,02:32,2,32,152,0.0898356568610482,0.0,0.0,0.02,0.0,0.0,0.0,0.0,0.0,0.10983565686104821,0.0018305942810174702
153,02:33,2,33,153,0.08963065021785413,0.0,0.0,0.02,0.0,0.0,0.0,0.0,0.0,0.10963065021785413,0.001827177503630902
154,02:34,2,34,154,0.08934442802201417,0.0,0.0,0.02,0.0,0.0,0.0,0.0,0.0,0.10934442802201418,0.0018224071337002363
155,02:35,2,35,155,0.08897777478867205,0.0,0.0,0.02,0.0,0.0,0.0,0.0,0.0,0.10897777478867206,0.0018162962464778676
156,02:36,2,36,156,0.0885316954888546,0.0,0.0,0.02,0.0,0.0,0.0,0.0,0.0,0.10853169548885461,0.0018088615914809102
157,02:37,2,37,157,0.08800741279491606,0.0,0.0,0.02,0.0,0.0,0.0,0.0,0.0,0.10800741279491606,0.0018001235465819343
158,02:38,2,38,158,0.08740636372927803,0.0,0.0,0.02,0.0,0.0,0.0,0.0,0.0,0.10740636372927803,0.0017901060621546337
159,02:39,2,39,159,0.08673019572565105,0.0,0.0,0.02,0.0,0.0,0.0,0.0,0.0,0.10673019572565105,0.0017788365954275176
160,02:40,2,40,160,0.08598076211353316,0.0,0.0,0.02,0.0,0.0,0.0,0.0,0.0,0.10598076211353316,0.0017663460352255527
161,02:41,2,41,161,0.08516011703836271,0.0,0.0,0.02,0.0,0.0,0.0,0.0,0.0,0.10516011703836271,0.0017526686173060452
162,02:42,2,42,162,0.08427050983124844,0.0,0.0,0.02,0.0,0.0,0.0,0.0,0.0,0.10427050983124844,0.0017378418305208072
163,02:43,2,43,163,0.08331437884370914,0.0,0.0,0.02,0.0,0.0,0.0,0.0,0.0,0.10331437884370914,0.001721906314061819
164,02:44,2,44,164,0.08229434476432183,0.0,0.0,0.02,0.0,0.0,0.0,0.0,0.0,0.10229434476432184,0.0017049057460720306
165,02:45,2,45,165,0.08121320343559643,0.0,0.0,0.02,0.0,0.024,0.0,0.0,0.0,0.12521320343559644,0.0020868867239266075
166,02:46,2,46,166,0.08007391819076574,0.0,0.0,0.02,0.0,0.024,0.0,0.0,0.0,0.12407391819076574,0.0020678986365127625
167,02:47,2,47,167,0.07887961173149512,0.0,0.0,0.02,0.0,0.0,0.0,0.0,0.0,0.09887961173149512,0.001647993528858252
168,02:48,2,48,168,0.0776335575687742,0.0,0.0,0.02,0.0,0.0,0.0,0.0,0.0,0.0976335575687742,0.00162722595947957
169,02:49,2,49,169,0.07633917105045082,0.0,0.0,0.02,0.0,0.0,0.0,0.0,0.0,0.09633917105045083,0.0016056528508408472
170,02:50,2,50,170,0.075,0.0,0.0,0.02,0.0,0.0,0.0,0.0,0.0,0.095,0.0015833333333333333
171,02:51,2,51,171,0.0736197149921864,0.0,0.0,0.02,0.0,0.0,0.0,0.0,0.0,0.09361971499218641,0.0015603285832031068
172,02:52,2,52,172,0.072202099292274,0.0,0.0,0.02,0.0,0.0,0.0,0.0,0.0,0.092202099292274,0.0015367016548712333
173,02:53,2,53,173,0.07075103848635902,0.0,0.0,0.02,0.0,0.0,0.0,0.0,0.0,0.09075103848635903,0.0015125173081059838
174,02:54,2,54,174,0.06927050983124844,0.0,0.0,0.02,0.0,0.0,0.0,0.0,0.0,0.08927050983124844,0.0014878418305208075
175,02:55,2,55,175,0.06776457135307562,0.0,0.0,0.02,0.0,0.0,0.0,0.0,0.0,0.08776457135307562,0.0014627428558845936
176,02:56,2,56,176,0.06623735072453277,0.0,0.0,0.02,0.0,0.0,0.0,0.0,0.0,0.08623735072453277,0.0014372891787422129
177,02:57,2,57,177,0.06469303395120693,0.0,0.0,0.02,0.0,0.0,0.0,0.0,0.0,0.08469303395120693,0.0014115505658534489
178,02:58,2,58,178,0.06313585389802961,0.0,0.0,0.02,0.0,0.0,0.0,0.0,0.0,0.08313585389802962,0.0013855975649671602
179,02:59,2,59,179,0.06157007868728833,0.0,0.0,0.02,0.0,0.0,0.0,0.0,0.0,0.08157007868728833,0.0013595013114548055
180,03:00,3,0,180,0.060000000000000005,0.0,4.0,0.02,0.0,0.024,0.0,0.0,0.0,4.103999999999999,0.06839999999999999
181,03:01,3,1,181,0.05842992131271169,0.0,4.0,0.02,0.0,0.024,0.0,0.0,0.0,4.102429921312711,0.06837383202187852
182,03:02,3,2,182,0.056864146101970395,0.0,4.0,0.02,0.0,0.0,0.0,0.0,0.0,4.07686414610197,0.06794773576836617
183,03:03,3,3,183,0.05530696604879308,0.0,4.0,0.02,0.0,0.0,0.0,0.0,0.0,4.075306966048792,0.06792178276747987
184,03:04,3,4,184,0.05376264927546723,0.0,4.0,0.02,0.0,0.0,0.0,0.0,0.0,4.073762649275467,0.0678960441545911
185,03:05,3,5,185,0.05223542864692439,0.0,4.0,0.02,0.0,0.0,0.0,0.0,0.0,4.072235428646924,0.06787059047744874
186,03:06,3,6,186,0.05072949016875157,0.0,4.0,0.02,0.0,0.0,0.0,0.0,0.0,4.070729490168751,0.06784549150281252
187,03:07,3,7,187,0.049248961513640985,0.0,4.0,0.02,0.0,0.0,0.0,0.0,0.0,4.06924896151364,0.06782081602522734
188,03:08,3,8,188,0.04779790070772601,0.0,4.0,0.02,0.0,0.0,0.0,0.0,0.0,4.067797900707726,0.0677966316784621
189,03:09,3,9,189,0.04638028500781361,0.0,4.0,0.02,0.0,0.0,0.0,0.0,0.0,4.0663802850078135,0.06777300475013022
190,03:10,3,10,190,0.045,0.0,4.0,0.02,0.0,0.0,0.0,0.0,0.0,4.0649999999999995,0.06774999999999999
191,03:11,3,11,191,0.043660828949549195,0.0,4.0,0.02,0.0,0.0,0.0,0.0,0.0,4.063660828949549,0.06772768048249247
192,03:12,3,12,192,0.04236644243122581,0.0,4.0,0.02,0.0,0.0,0.0,0.0,0.0,4.062366442431226,0.06770610737385377
193,03:13,3,13,193,0.041120388268504886,0.0,4.0,0.02,0.0,0.0,0.0,0.0,0.0,4.061120388268504,0.06768533980447507
194,03:14,3,14,194,0.03992608180923425,0.0,4.0,0.02,0.0,0.0,0.0,0.0,0.0,4.059926081809234,0.06766543469682057
195,03:15,3,15,195,0.03878679656440357,0.0,4.0,0.02,0.0,0.0,0.0,0.0,0.0,4.058786796564403,0.06764644660940672
196,03:16,3,16,196,0.037705655235678176,0.0,0.0,0.02,0.0,0.0,0.0,0.0,0.0,0.05770565523567818,0.0009617609205946363
197,03:17,3,17,197,0.036685621156290864,0.0,0.0,0.02,0.0,0.0,0.0,0.0,0.0,0.05668562115629086,0.0009447603526048477
198,03:18,3,18,198,0.035729490168751585,0.0,0.0,0.02,0.0,0.0,0.0,0.0,0.0,0.05572949016875159,0.0009288248361458598
199,03:19,3,19,199,0.03483988296163728,0.0,0.0,0.02,0.0,0.0,0.0,0.0,0.0,0.054839882961637276,0.0009139980493606212
200,03:20,3,20,200,0.034019237886466845,0.0,0.0,0.02,0.0,0.0,0.0,0.0,0.0,0.05401923788646684,0.000900320631441114
201,03:21,3,21,201,0.033269804274348974,0.0,0.0,0.02,0.0,0.0,0.0,0.0,0.0,0.05326980427434898,0.0008878300712391496
202,03:22,3,22,202,0.032593636270721975,0.0,0.0,0.02,0.0,0.0,0.0,0.0,0.0,0.05259363627072197,0.0008765606045120328
203,03:23,3,23,203,0.03199258720508395,0.0,0.0,0.02,0.0,0.0,0.0,0.0,0.0,0.05199258720508396,0.0008665431200847326
204,03:24,3,24,204,0.03146830451114539,0.0,0.0,0.02,0.0,0.0,0.0,0.0,0.0,0.051468304511145396,0.0008578050751857566
205,03:25,3,25,205,0.03102222521132795,0.0,0.0,0.02,0.0,0.0,0.0,0.0,0.0,0.051022225211327946,0.000850370420188799
206,03:26,3,26,206,0.030655571977985838,0.0,0.0,0.02,0.0,0.0,0.0,0.0,0.0,0.05065557197798584,0.0008442595329664306
207,03:27,3,27,207,0.030369349782145873,0.0,0.0,0.02,0.0,0.0,0.0,0.0,0.0,0.05036934978214587,0.0008394891630357645
208,03:28,3,28,208,0.0301643431389518,0.0,0.0,0.02,0.0,0.0,0.0,0.0,0.0,0.0501643431389518,0.0008360723856491967
209,03:29,3,29,209,0.030041113957362784,0.0,0.0,0.02,0.0,0.0,0.0,0.0,0.0,0.050041113957362784,0.0008340185659560464
210,03:30,3,30,210,0.03,0.0,0.0,0.02,0.0,0.0,0.0,0.0,0.0,0.05,0.0008333333333333334
211,03:31,3,31,211,0.030041113957362784,0.0,0.0,0.02,0.0,0.0,0.0,0.0,0.0,0.050041113957362784,0.0008340185659560464
212,03:32,3,32,212,0.0301643431389518,0.0,0.0,0.02,0.0,0.0,0.0,0.0,0.0,0.0501643431389518,0.0008360723856491967
213,03:33,3,33,213,0.03036934978214587,0.0,0.0,0.02,0.0,0.0,0.0,0.0,0.0,0.05036934978214587,0.0008394891630357645
214,03:34,3,34,214,0.030655571977985838,0.0,0.0,0.02,0.0,0.0,0.0,0.0,0.0,0.05065557197798584,0.0008442595329664306
215,03:35,3,35,215,0.031022225211327942,0.0,0.0,0.02,0.0,0.0,0.0,0.0,0.0,0.051022225211327946,0.000850370420188799
216,03:36,3,36,216,0.03146830451114539,0.0,0.0,0.02,0.0,0.0,0.0,0.0,0.0,0.051468304511145396,0.0008578050751857566
217,03:37,3,37,217,0.031992587205083946,0.0,0.0,0.02,0.0,0.0,0.0,0.0,0.0,0.05199258720508394,0.0008665431200847324
218,03:38,3,38,218,0.03259363627072197,0.0,0.0,0.02,0.0,0.0,0.0,0.0,0.0,0.05259363627072197,0.0008765606045120328
219,03:39,3,39,219,0.03326980427434895,0.0,0.0,0.02,0.0,0.0,0.0,0.0,0.0,0.05326980427434895,0.0008878300712391492
220,03:40,3,40,220,0.03401923788646684,0.0,0.0,0.02,0.0,0.0,0.0,0.0,0.0,0.05401923788646684,0.000900320631441114
221,03:41,3,41,221,0.03483988296163727,0.0,0.0,0.02,0.0,0.0,0.0,0.0,0.0,0.054839882961637276,0.0009139980493606212
222,03:42,3,42,222,0.03572949016875158,0.0,0.0,0.02,0.0,0.0,0.0,0.0,0.0,0.055729490168751575,0.0009288248361458596
223,03:43,3,43,223,0.036685621156290864,0.0,0.0,0.02,0.0,0.0,0.0,0.0,0.0,0.05668562115629086,0.0009447603526048477
224,03:44,3,44,224,0.037705655235678176,0.0,0.0,0.02,0.0,0.0,0.0,0.0,0.0,0.05770565523567818,0.0009617609205946363
225,03:45,3,45,225,0.03878679656440357,0.0,0.0,0.02,0.0,0.024,0.0,0.0,0.0,0.08278679656440358,0.0013797799427400597
226,03:46,3,46,226,0.03992608180923423,0.0,0.0,0.02,0.0,0.024,0.0,0.0,0.0,0.08392608180923422,0.0013987680301539036
227,03:47,3,47,227,0.041120388268504886,0.0,0.0,0.02,0.0,0.0,0.0,0.0,0.0,0.06112038826850488,0.0010186731378084147
228,03:48,3,48,228,0.0423664424312258,0.0,0.0,0.02,0.0,0.0,0.0,0.0,0.0,0.0623664424312258,0.0010394407071870966
229,03:49,3,49,229,0.043660828949549195,0.0,0.0,0.02,0.0,0.0,0.0,0.0,0.0,0.06366082894954919,0.0010610138158258199
230,03:50,3,50,230,0.04499999999999999,0.0,0.0,0.02,0.0,0.0,0.0,0.0,0.0,0.06499999999999999,0.001083333333333333
231,03:51,3,51,231,0.04638028500781359,0.0,0.0,0.02,0.0,0.0,0.0,0.0,0.0,0.0663802850078136,0.00110633808346356
232,03:52,3,52,232,0.047797900707726,0.0,0.0,0.02,0.0,0.0,0.0,0.0,0.0,0.067797900707726,0.0011299650117954333
233,03:53,3,53,233,0.04924896151364098,0.0,0.0,0.02,0.0,0.0,0.0,0.0,0.0,0.06924896151364097,0.0011541493585606828
234,03:54,3,54,234,0.05072949016875157,0.0,0.0,0.02,0.0,0.0,0.0,0.0,0.0,0.07072949016875157,0.0011788248361458596
235,03:55,3,55,235,0.052235428646924376,0.0,0.0,0.02,0.0,0.0,0.0,0.0,0.0,0.07223542864692438,0.001203923810782073
236,03:56,3,56,236,0.0537626492754672,0.0,0.0,0.02,0.0,0.0,0.0,0.0,0.0,0.0737626492754672,0.0012293774879244535
237,03:57,3,57,237,0.055306966048793066,0.0,0.0,0.02,0.0,0.0,0.0,0.0,0.0,0.07530696604879307,0.0012551161008132177
238,03:58,3,58,238,0.05686414610197037,0.0,0.0,0.02,0.0,0.0,0.0,0.0,0.0,0.07686414610197037,0.0012810691016995062
239,03:59,3,59,239,0.0584299213127117,0.0,0.0,0.02,0.0,0.0,0.0,0.0,0.0,0.0784299213127117,0.0013071653552118618
240,04:00,4,0,240,0.3,0.0,0.0,0.02,0.0,0.024,0.0,0.0,0.0,0.34400000000000003,0.005733333333333333
241,04:01,4,1,241,0.3,0.0,0.0,0.02,0.0,0.024,0.0,0.0,0.0,0.34400000000000003,0.005733333333333333
242,04:02,4,2,242,0.3,0.0,0.0,0.02,0.0,0.0,0.0,0.0,0.0,0.32,0.005333333333333333
243,04:03,4,3,243,0.3,0.0,0.0,0.02,0.0,0.0,0.0,0.0,0.0,0.32,0.005333333333333333
244,04:04,4,4,244,0.3,0.0,0.0,0.02,0.0,0.0,0.0,0.0,0.0,0.32,0.005333333333333333
245,04:05,4,5,245,0.3,0.0,0.0,0.02,0.0,0.0,0.0,0.0,0.0,0.32,0.005333333333333333
246,04:06,4,6,246,0.3,0.0,0.0,0.02,0.0,0.0,0.0,0.0,0.0,0.32,0.005333333333333333
247,04:07,4,7,247,0.3,0.0,0.0,0.02,0.0,0.0,0.0,0.0,0.0,0.32,0.005333333333333333
248,04:08,4,8,248,0.3,0.0,0.0,0.02,0.0,0.0,0.0,0.0,0.0,0.32,0.005333333333333333
249,04:09,4,9,249,0.3,0.0,0.0,0.02,0.0,0.0,0.0,0.0,0.0,0.32,0.005333333333333333
250,04:10,4,10,250,0.3,0.0,0.0,0.02,0.0,0.0,0.0,0.0,0.0,0.32,0.005333333333333333
251,04:11,4,11,251,0.3,0.0,0.0,0.02,0.0,0.0,0.0,0.0,0.0,0.32,0.005333333333333333
252,04:12,4,12,252,0.3,0.0,0.0,0.02,0.0,0.0,0.0,0.0,0.0,0.32,0.005333333333333333
253,04:13,4,13,253,0.3,0.0,0.0,0.02,0.0,0.0,0.0,0.0,0.0,0.32,0.005333333333333333
254,04:14,4,14,254,0.3,0.0,0.0,0.02,0.0,0.0,0.0,0.0,0.0,0.32,0.005333333333333333
255,04:15,4,15,255,0.3,0.0,0.0,0.02,0.0,0.0,0.0,0.0,0.0,0.32,0.005333333333333333
256,04:16,4,16,256,0.3,0.0,0.0,0.02,0.0,0.0,0.0,0.0,0.0,0.32,0.005333333333333333
257,04:17,4,17,257,0.3,0.0,0.0,0.02,0.0,0.0,0.0,0.0,0.0,0.32,0.005333333333333333
258,04:18,4,18,258,0.3,0.0,0.0,0.02,0.0,0.0,0.0,0.0,0.0,0.32,0.005333333333333333
259,04:19,4,19,259,0.3,0.0,0.0,0.02,0.0,0.0,0.0,0.0,0.0,0.32,0.005333333333333333
260,04:20,4,20,260,0.005,0.0,0.0,0.02,0.0,0.0,0.0,0.0,0.0,0.025,0.0004166666666666667
261,04:21,4,21,261,0.005,0.0,0.0,0.02,0.0,0.0,0.0,0.0,0.0,0.025,0.0004166666666666667
262,04:22,4,22,262,0.005,0.0,0.0,0.02,0.0,0.0,0.0,0.0,0.0,0.025,0.0004166666666666667
263,04:23,4,23,263,0.005,0.0,0.0,0.02,0.0,0.0,0.0,0.0,0.0,0.025,0.0004166666666666667
264,04:24,4,24,264,0.005,0.0,0.0,0.02,0.0,0.0,0.0,0.0,0.0,0.025,0.0004166666666666667
265,04:25,4,25,265,0.005,0.0,0.0,0.02,0.0,0.0,0.0,0.0,0.0,0.025,0.0004166666666666667
266,04:26,4,26,266,0.005,0.0,0.0,0.02,0.0,0.0,0.0,0.0,0.0,0.025,0.0004166666666666667
267,04:27,4,27,267,0.005,0.0,0.0,0.02,0.0,0.0,0.0,0.0,0.0,0.025,0.0004166666666666667
268,04:28,4,28,268,0.005,0.0,0.0,0.02,0.0,0.0,0.0,0.0,0.0,0.025,0.0004166666666666667
269,04:29,4,29,269,0.005,0.0,0.0,0.02,0.0,0.0,0.0,0.0,0.0,0.025,0.0004166666666666667
270,04:30,4,30,270,0.005,0.0,0.0,0.02,0.0,0.0,0.0,0.0,0.0,0.025,0.0004166666666666667
271,04:31,4,31,271,0.005,0.0,0.0,0.02,0.0,0.0,0.0,0.0,0.0,0.025,0.0004166666666666667
272,04:32,4,32,272,0.005,0.0,0.0,0.02,0.0,0.0,0.0,0.0,0.0,0.025,0.0004166666666666667
273,04:33,4,33,273,0.005,0.0,0.0,0.02,0.0,0.0,0.0,0.0,0.0,0.025,0.0004166666666666667
274,04:34,4,34,274,0.005,0.0,0.0,0.02,0.0,0.0,0.0,0.0,0.0,0.025,0.0004166666666666667
275,04:35,4,35,275,0.08897777478867205,0.0,0.0,0.02,0.0,0.0,0.0,0.0,0.0,0.10897777478867206,0.0018162962464778676
276,04:36,4,36,276,0.0885316954888546,0.0,0.0,0.02,0.0,0.0,0.0,0.0,0.0,0.10853169548885461,0.0018088615914809102
277,04:37,4,37,277,0.08800741279491606,0.0,0.0,0.02,0.0,0.0,0.0,0.0,0.0,0.10800741279491606,0.0018001235465819343
278,04:38,4,38,278,0.08740636372927803,0.0,0.0,0.02,0.0,0.0,0.0,0.0,0.0,0.10740636372927803,0.0017901060621546337
279,04:39,4,39,279,0.08673019572565105,0.0,0.0,0.02,0.0,0.0,0.0,0.0,0.0,0.10673019572565105,0.0017788365954275176
280,04:40,4,40,280,0.08598076211353316,0.0,0.0,0.02,0.0,0.0,0.0,0.0,0.0,0.10598076211353316,0.0017663460352255527
281,04:41,4,41,281,0.08516011703836271,0.0,0.0,0.02,0.0,0.0,0.0,0.0,0.0,0.10516011703836271,0.0017526686173060452
282,04:42,4,42,282,0.08427050983124844,0.0,0.0,0.02,0.0,0.0,0.0,0.0,0.0,0.10427050983124844,0.0017378418305208072
283,04:43,4,43,283,0.08331437884370914,0.0,0.0,0.02,0.0,0.0,0.0,0.0,0.0,0.10331437884370914,0.001721906314061819
284,04:44,4,44,284,0.08229434476432183,0.0,0.0,0.02,0.0,0.0,0.0,0.0,0.0,0.10229434476432184,0.0017049057460720306
285,04:45,4,45,285,0.08121320343559643,0.0,0.0,0.02,0.0,0.024,0.0,0.0,0.0,0.12521320343559644,0.0020868867239266075
286,04:46,4,46,286,0.08007391819076574,0.0,0.0,0.02,0.0,0.024,0.0,0.0,0.0,0.12407391819076574,0.0020678986365127625
287,04:47,4,47,287,0.07887961173149512,0.0,0.0,0.02,0.0,0.0,0.0,0.0,0.0,0.09887961173149512,0.001647993528858252
288,04:48,4,48,288,0.0776335575687742,0.0,0.0,0.02,0.0,0.0,0.0,0.0,0.0,0.0976335575687742,0.00162722595947957
289,04:49,4,49,289,0.07633917105045082,0.0,0.0,0.02,0.0,0.0,0.0,0.0,0.0,0.09633917105045083,0.0016056528508408472
290,04:50,4,50,290,0.075,0.0,0.0,0.02,0.0,0.0,0.0,0.0,0.0,0.095,0.0015833333333333333
291,04:51,4,51,291,0.0736197149921864,0.0,0.0,0.02,0.0,0.0,0.0,0.0,0.0,0.09361971499218641,0.0015603285832031068
292,04:52,4,52,292,0.072202099292274,0.0,0.0,0.02,0.0,0.0,0.0,0.0,0.0,0.092202099292274,0.0015367016548712333
293,04:53,4,53,293,0.07075103848635902,0.0,0.0,0.02,0.0,0.0,0.0,0.0,0.0,0.09075103848635903,0.0015125173081059838
294,04:54,4,54,294,0.06927050983124844,0.0,0.0,0.02,0.0,0.0,0.0,0.0,0.0,0.08927050983124844,0.0014878418305208075
295,04:55,4,55,295,0.06776457135307562,0.0,0.0,0.02,0.0,0.0,0.0,0.0,0.0,0.08776457135307562,0.0014627428558845936
296,04:56,4,56,296,0.06623735072453277,0.0,0.0,0.02,0.0,0.0,0.0,0.0,0.0,0.08623735072453277,0.0014372891787422129
297,04:57,4,57,297,0.06469303395120693,0.0,0.0,0.02,0.0,0.0,0.0,0.0,0.0,0.08469303395120693,0.0014115505658534489
298,04:58,4,58,298,0.06313585389802961,0.0,0.0,0.02,0.0,0.0,0.0,0.0,0.0,0.08313585389802962,0.0013855975649671602
299,04:59,4,59,299,0.06157007868728833,0.0,0.0,0.02,0.0,0.0,0.0,0.0,0.0,0.08157007868728833,0.0013595013114548055
300,05:00,5,0,300,0.060000000000000005,0.0,0.0,0.02,0.0,0.024,0.0,0.0,0.0,0.10400000000000001,0.0017333333333333335
301,05:01,5,1,301,0.05842992131271169,0.0,0.0,0.02,0.0,0.024,0.0,0.0,0.0,0.1024299213127117,0.0017071653552118615
302,05:02,5,2,302,0.056864146101970395,0.0,0.0,0.02,0.0,0.0,0.0,0.0,0.0,0.0768641461019704,0.0012810691016995066
303,05:03,5,3,303,0.05530696604879308,0.0,0.0,0.02,0.0,0.0,0.0,0.0,0.0,0.07530696604879308,0.0012551161008132181
304,05:04,5,4,304,0.05376264927546723,0.0,0.0,0.02,0.0,0.0,0.0,0.0,0.0,0.07376264927546723,0.001229377487924454
305,05:05,5,5,305,0.05223542864692439,0.0,0.0,0.02,0.0,0.0,0.0,0.0,0.0,0.0722354286469244,0.0012039238107820732
306,05:06,5,6,306,0.05072949016875157,0.0,0.0,0.02,0.0,0.0,0.0,0.0,0.0,0.07072949016875157,0.0011788248361458596
307,05:07,5,7,307,0.049248961513640985,0.0,0.0,0.02,0.0,0.0,0.0,0.0,0.0,0.06924896151364099,0.001154149358560683
308,05:08,5,8,308,0.04779790070772601,0.0,0.0,0.02,0.0,0.0,0.0,0.0,0.0,0.06779790070772601,0.0011299650117954335
309,05:09,5,9,309,0.04638028500781361,0.0,0.0,0.02,0.0,0.0,0.0,0.0,0.0,0.06638028500781361,0.0011063380834635602
310,05:10,5,10,310,0.045,0.0,0.0,0.02,0.0,0.0,0.0,0.0,0.0,0.065,0.0010833333333333333
311,05:11,5,11,311,0.043660828949549195,0.0,0.0,0.02,0.0,0.0,0.0,0.0,0.0,0.06366082894954919,0.0010610138158258199
312,05:12,5,12,312,0.04236644243122581,0.0,0.0,0.02,0.0,0.0,0.0,0.0,0.0,0.06236644243122581,0.0010394407071870968
313,05:13,5,13,313,0.041120388268504886,0.0,0.0,0.02,0.0,0.0,0.0,0.0,0.0,0.06112038826850488,0.0010186731378084147
314,05:14,5,14,314,0.03992608180923425,0.0,0.0,0.02,0.0,0.0,0.0,0.0,0.0,0.059926081809234255,0.0009987680301539043
315,05:15,5,15,315,0.03878679656440357,0.0,0.0,0.02,0.0,0.0,0.0,0.0,0.0,0.05878679656440357,0.0009797799427400595
316,05:16,5,16,316,0.037705655235678176,0.0,0.0,0.02,0.0,0.0,0.0,0.0,0.0,0.05770565523567818,0.0009617609205946363
317,05:17,5,17,317,0.036685621156290864,0.0,0.0,0.02,0.0,0.0,0.0,0.0,0.0,0.05668562115629086,0.0009447603526048477
318,05:18,5,18,318,0.035729490168751585,0.0,0.0,0.02,0.0,0.0,0.0,0.0,0.0,0.05572949016875159,0.0009288248361458598
319,05:19,5,19,319,0.03483988296163728,0.0,0.0,0.02,0.0,0.0,0.0,0.0,0.0,0.054839882961637276,0.0009139980493606212
320,05:20,5,20,320,0.034019237886466845,0.0,0.0,0.02,0.0,0.0,0.0,0.0,0.0,0.05401923788646684,0.000900320631441114
321,05:21,5,21,321,0.033269804274348974,0.0,0.0,0.02,0.0,0.0,0.0,0.0,0.0,0.05326980427434898,0.0008878300712391496
322,05:22,5,22,322,0.032593636270721975,0.0,0.0,0.02,0.0,0.0,0.0,0.0,0.0,0.05259363627072197,0.0008765606045120328
323,05:23,5,23,323,0.03199258720508395,0.0,0.0,0.02,0.0,0.0,0.0,0.0,0.0,0.05199258720508396,0.0008665431200847326
324,05:24,5,24,324,0.03146830451114539,0.0,0.0,0.02,0.0,0.0,0.0,0.0,0.0,0.051468304511145396,0.0008578050751857566
325,05:25,5,25,325,0.03102222521132795,0.0,0.0,0.02,0.0,0.0,0.0,0.0,0.0,0.051022225211327946,0.000850370420188799
326,05:26,5,26,326,0.030655571977985838,0.0,0.0,0.02,0.0,0.0,0.0,0.0,0.0,0.05065557197798584,0.0008442595329664306
327,05:27,5,27,327,0.030369349782145873,0.0,0.0,0.02,0.0,0.0,0.0,0.0,0.0,0.05036934978214587,0.0008394891630357645
328,05:28,5,28,328,0.0301643431389518,0.0,0.0,0.02,0.0,0.0,0.0,0.0,0.0,0.0501643431389518,0.0008360723856491967
329,05:29,5,29,329,0.030041113957362784,0.0,0.0,0.02,0.0,0.0,0.0,0.0,0.0,0.050041113957362784,0.0008340185659560464
330,05:30,5,30,330,0.03,0.0,0.0,0.02,0.0,0.0,0.0,0.0,0.0,0.05,0.0008333333333333334
331,05:31,5,31,331,0.030041113957362784,0.0,0.0,0.02,0.0,0.0,0.0,0.0,0.0,0.050041113957362784,0.0008340185659560464
332,05:32,5,32,332,0.0301643431389518,0.0,0.0,0.02,0.0,0.0,0.0,0.0,0.0,0.0501643431389518,0.0008360723856491967
333,05:33,5,33,333,0.03036934978214587,0.0,0.0,0.02,0.0,0.0,0.0,0.0,0.0,0.05036934978214587,0.0008394891630357645
334,05:34,5,34,334,0.030655571977985838,0.0,0.0,0.02,0.0,0.0,0.0,0.0,0.0,0.05065557197798584,0.0008442595329664306
335,05:35,5,35,335,0.031022225211327942,0.0,0.0,0.02,0.0,0.0,0.0,0.0,0.0,0.051022225211327946,0.000850370420188799
336,05:36,5,36,336,0.03146830451114539,0.0,0.0,0.02,0.0,0.0,0.0,0.0,0.0,0.051468304511145396,0.0008578050751857566
337,05:37,5,37,337,0.031992587205083946,0.0,0.0,0.02,0.0,0.0,0.0,0.0,0.0,0.05199258720508394,0.0008665431200847324
338,05:38,5,38,338,0.03259363627072197,0.0,0.0,0.02,0.0,0.0,0.0,0.0,0.0,0.05259363627072197,0.0008765606045120328
339,05:39,5,39,339,0.03326980427434895,0.0,0.0,0.02,0.0,0.0,0.0,0.0,0.0,0.05326980427434895,0.0008878300712391492
340,05:40,5,40,340,0.03401923788646684,0.0,0.0,0.02,0.0,0.0,0.0,0.0,0.0,0.05401923788646684,0.000900320631441114
341,05:41,5,41,341,0.03483988296163727,0.0,0.0,0.02,0.0,0.0,0.0,0.0,0.0,0.054839882961637276,0.0009139980493606212
342,05:42,5,42,342,0.03572949016875158,0.0,0.0,0.02,0.0,0.0,0.0,0.0,0.0,0.055729490168751575,0.0009288248361458596
343,05:43,5,43,343,0.036685621156290864,0.0,0.0,0.02,0.0,0.0,0.0,0.0,0.0,0.05668562115629086,0.0009447603526048477
344,05:44,5,44,344,0.037705655235678176,0.0,0.0,0.02,0.0,0.0,0.0,0.0,0.0,0.05770565523567818,0.0009617609205946363
345,05:45,5,45,345,0.03878679656440357,0.0,0.0,0.02,0.0,0.024,0.0,0.0,0.0,0.08278679656440358,0.0013797799427400597
346,05:46,5,46,346,0.03992608180923423,0.0,0.0,0.02,0.0,0.024,0.0,0.0,0.0,0.08392608180923422,0.0013987680301539036
347,05:47,5,47,347,0.041120388268504886,0.0,0.0,0.02,0.0,0.0,0.0,0.0,0.0,0.06112038826850488,0.0010186731378084147
348,05:48,5,48,348,0.0423664424312258,0.0,0.0,0.02,0.0,0.0,0.0,0.0,0.0,0.0623664424312258,0.0010394407071870966
349,05:49,5,49,349,0.043660828949549195,0.0,0.0,0.02,0.0,0.0,0.0,0.0,0.0,0.06366082894954919,0.0010610138158258199
350,05:50,5,50,350,0.04499999999999999,0.0,0.0,0.02,0.0,0.0,0.0,0.0,0.0,0.06499999999999999,0.001083333333333333
351,05:51,5,51,351,0.04638028500781359,0.0,0.0,0.02,0.0,0.0,0.0,0.0,0.0,0.0663802850078136,0.00110633808346356
352,05:52,5,52,352,0.047797900707726,0.0,0.0,0.02,0.0,0.0,0.0,0.0,0.0,0.067797900707726,0.0011299650117954333
353,05:53,5,53,353,0.04924896151364098,0.0,0.0,0.02,0.0,0.0,0.0,0.0,0.0,0.06924896151364097,0.0011541493585606828
354,05:54,5,54,354,0.05072949016875157,0.0,0.0,0.02,0.0,0.0,0.0,0.0,0.0,0.07072949016875157,0.0011788248361458596
355,05:55,5,55,355,0.052235428646924376,0.0,0.0,0.02,0.0,0.0,0.0,0.0,0.0,0.07223542864692438,0.001203923810782073
356,05:56,5,56,356,0.0537626492754672,0.0,0.0,0.02,0.0,0.0,0.0,0.0,0.0,0.0737626492754672,0.0012293774879244535
357,05:57,5,57,357,0.055306966048793066,0.0,0.0,0.02,0.0,0.0,0.0,0.0,0.0,0.07530696604879307,0.0012551161008132177
358,05:58,5,58,358,0.05686414610197037,0.0,0.0,0.02,0.0,0.0,0.0,0.0,0.0,0.07686414610197037,0.0012810691016995062
359,05:59,5,59,359,0.0584299213127117,0.0,0.0,0.02,0.0,0.0,0.0,0.0,0.0,0.0784299213127117,0.0013071653552118618
360,06:00,6,0,360,0.06,0.0,0.0,0.02,0.0,0.10895313123276772,0.0,0.0,0.0,0.18895313123276772,0.003149218853879462
361,06:01,6,1,361,0.061570078687288324,0.0,0.0,0.02,0.0,0.1140924787444329,0.0,0.0,0.0,0.19566255743172123,0.0032610426238620202
362,06:02,6,2,362,0.0631358538980296,0.0,0.0,0.02,0.0,0.11157670491552445,0.0,0.0,0.0,0.19471255881355404,0.003245209313559234
363,06:03,6,3,363,0.06469303395120693,0.0,0.0,0.02,0.0,0.11344964920779468,0.0,0.0,0.0,0.19814268315900163,0.003302378052650027
364,06:04,6,4,364,0.06623735072453277,0.0,0.0,0.02,0.0,0.10065706815022508,0.0,0.0,0.0,0.18689441887475786,0.0031149069812459644
365,06:05,6,5,365,0.06776457135307562,0.0,0.0,0.02,0.0,0.10959344823160438,0.0,0.0,0.0,0.19735801958468002,0.0032893003264113335
366,06:06,6,6,366,0.06927050983124841,0.0,0.0,0.02,0.0,0.1072621475661279,0.0,0.0,0.0,0.1965326573973763,0.0032755442899562717
367,06:07,6,7,367,0.07075103848635901,0.0,0.0,0.02,0.0,0.10714080557454272,0.0,0.0,0.0,0.19789184406090174,0.003298197401015029
368,06:08,6,8,368,0.072202099292274,0.0,0.0,0.02,0.0,0.10407684255643072,0.0,0.0,0.0,0.19627894184870473,0.003271315697478412
369,06:09,6,9,369,0.0736197149921864,0.0,0.0,0.02,0.0,0.10898230613017108,0.0,0.0,0.0,0.20260202112235748,0.0033767003520392912
370,06:10,6,10,370,0.075,0.0,0.0,0.02,0.0,0.10383000283364532,0.0,0.0,0.0,0.19883000283364533,0.003313833380560755
371,06:11,6,11,371,0.07633917105045081,0.0,0.0,0.02,0.0,0.10213390047918293,0.0,0.0,0.0,0.19847307152963373,0.0033078845254938954
372,06:12,6,12,372,0.0776335575687742,0.0,0.0,0.02,0.0,0.10572906985498524,0.0,0.0,0.0,0.20336262742375943,0.003389377123729324
373,06:13,6,13,373,0.07887961173149512,0.0,0.0,0.02,0.0,0.11024339170875103,0.0,0.0,0.0,0.20912300344024615,0.003485383390670769
374,06:14,6,14,374,0.08007391819076574,0.0,0.0,0.02,0.0,0.11114747359979404,0.0,0.0,0.0,0.2112213917905598,0.0035203565298426633
375,06:15,6,15,375,0.08121320343559643,0.0,0.0,0.02,0.0,0.11119327012235831,0.0,0.0,0.0,0.21240647355795475,0.003540107892632579
376,06:16,6,16,376,0.08229434476432182,0.0,0.0,0.02,0.0,0.1030608318051637,0.0,0.0,0.0,0.20535517656948554,0.0034225862761580925
377,06:17,6,17,377,0.08331437884370912,0.0,0.0,0.02,0.0,0.11193115197687661,0.0,0.0,0.0,0.21524553082058573,0.0035874255136764286
378,06:18,6,18,378,0.08427050983124844,0.0,0.0,0.02,0.0,0.10518982161564838,0.0,0.0,0.0,0.20946033144689682,0.003491005524114947
379,06:19,6,19,379,0.08516011703836271,0.0,0.0,0.02,0.0,0.10895697146622568,0.0,0.0,0.0,0.21411708850458838,0.0035686181417431398
380,06:20,6,20,380,0.08598076211353316,0.0,0.0,0.02,0.0,0.10060466019023455,0.0,0.0,0.0,0.2065854223037677,0.0034430903717294617
381,06:21,6,21,381,0.08673019572565104,0.0,0.0,0.02,0.0,0.10777903166589978,0.0,0.0,0.0,0.21450922739155082,0.0035751537898591804
382,06:22,6,22,382,0.08740636372927803,0.0,0.0,0.02,0.0,0.10815035301393676,0.0,0.0,0.0,0.2155567167432148,0.003592611945720247
383,06:23,6,23,383,0.08800741279491606,0.0,0.0,0.02,0.0,0.10321992933806877,0.0,0.0,0.0,0.21122734213298483,0.003520455702216414
384,06:24,6,24,384,0.0885316954888546,0.0,0.0,0.02,0.0,0.1066710482674332,0.0,0.0,0.0,0.2152027437562878,0.00358671239593813
385,06:25,6,25,385,0.08897777478867205,0.0,0.0,0.02,0.0,0.109047287125552,0.0,0.0,0.0,0.21802506191422405,0.003633751031903734
386,06:26,6,26,386,0.08934442802201417,0.0,0.0,0.02,0.0,0.10764628680014836,0.0,0.0,0.0,0.21699071482216253,0.0036165119137027088
387,06:27,6,27,387,0.08963065021785414,0.0,0.0,0.02,0.0,0.10362143043183067,0.0,0.0,0.0,0.21325208064968482,0.0035542013441614137
388,06:28,6,28,388,0.08983565686104819,0.0,0.0,0.02,0.0,0.10145018940199801,0.0,0.0,0.0,0.2112858462630462,0.00352143077105077
389,06:29,6,29,389,0.08995888604263721,0.0,0.0,0.02,0.0,0.11314653459159749,0.0,0.0,0.0,0.22310542063423472,0.0037184236772372452
390,06:30,6,30,390,0.09,0.0,0.0,0.02,0.0,0.11356176901391883,0.0,0.0,0.0,0.22356176901391883,0.0037260294835653137
391,06:31,6,31,391,0.08995888604263721,0.0,0.0,0.02,0.0,0.10423356309817995,0.0,0.0,0.0,0.21419244914081717,0.003569874152346953
392,06:32,6,32,392,0.0898356568610482,0.0,0.0,0.02,0.0,0.114916186693616,0.0,0.0,0.0,0.2247518435546642,0.0037458640592444034
393,06:33,6,33,393,0.08963065021785413,0.0,0.0,0.02,0.0,0.10958913387510223,0.0,0.0,0.0,0.21921978409295637,0.0036536630682159395
394,06:34,6,34,394,0.08934442802201417,0.0,0.0,0.02,0.0,0.10675546911368552,0.0,0.0,0.0,0.21609989713569971,0.003601664952261662
395,06:35,6,35,395,0.08897777478867205,0.0,0.0,0.02,0.0,0.10069713896492354,0.0,0.0,0.0,0.2096749137535956,0.00349458189589326
396,06:36,6,36,396,0.0885316954888546,0.0,0.0,0.02,0.0,0.11036996800339884,0.0,0.0,0.0,0.21890166349225343,0.0036483610582042237
397,06:37,6,37,397,0.08800741279491606,0.0,0.0,0.02,0.0,0.10178555108686903,0.0,0.0,0.0,0.2097929638817851,0.0034965493980297514
398,06:38,6,38,398,0.08740636372927803,0.0,0.0,0.02,0.0,0.11457508515234131,0.0,0.0,0.0,0.22198144888161936,0.003699690814693656
399,06:39,6,39,399,0.08673019572565105,0.0,0.0,0.02,0.0,0.10768699431135777,0.0,0.0,0.0,0.21441719003700882,0.003573619833950147
400,06:40,6,40,400,0.08598076211353316,0.0,0.0,0.02,0.0,0.11255923604736595,0.0,0.0,0.0,0.2185399981608991,0.0036423333026816516
401,06:41,6,41,401,0.08516011703836271,0.0,0.0,0.02,0.0,0.10518189847823896,0.0,0.0,0.0,0.21034201551660167,0.003505700258610028
402,06:42,6,42,402,0.08427050983124844,0.0,0.0,0.02,0.0,0.11440733661508293,0.0,0.0,0.0,0.21867784644633137,0.0036446307741055226
403,06:43,6,43,403,0.08331437884370914,0.0,0.0,0.02,0.0,0.10202903936760326,0.0,0.0,0.0,0.2053434182113124,0.0034223903035218734
404,06:44,6,44,404,0.08229434476432183,0.0,0.0,0.02,0.0,0.11410385656623175,0.0,0.0,0.0,0.2163982013305536,0.0036066366888425597
405,06:45,6,45,405,0.08121320343559643,0.0,0.0,0.02,0.0,0.11452132754485564,0.0,0.0,0.0,0.2157345309804521,0.0035955755163408682
406,06:46,6,46,406,0.08007391819076574,0.0,0.0,0.02,0.0,0.10051414021770605,0.0,0.0,0.0,0.2005880584084718,0.003343134306807863
407,06:47,6,47,407,0.07887961173149512,0.0,0.0,0.02,0.0,0.10082700218154775,0.0,0.0,0.0,0.19970661391304287,0.003328443565217381
408,06:48,6,48,408,0.0776335575687742,0.0,0.0,0.02,0.0,0.10213441227468904,0.0,0.0,0.0,0.19976796984346323,0.0033294661640577206
409,06:49,6,49,409,0.07633917105045082,0.0,0.0,0.02,0.0,0.11035759564702415,0.0,0.0,0.0,0.20669676669747497,0.003444946111624583
410,06:50,6,50,410,0.075,0.0,0.0,0.02,0.0,0.1008254251306915,0.0,0.0,0.0,0.1958254251306915,0.0032637570855115253
411,06:51,6,51,411,0.0736197149921864,0.0,0.0,0.02,0.0,0.10391030880054752,0.0,0.0,0.0,0.19753002379273393,0.0032921670632122322
412,06:52,6,52,412,0.072202099292274,0.0,0.0,0.02,0.0,0.10180565107628481,0.0,0.0,0.0,0.19400775036855883,0.003233462506142647
413,06:53,6,53,413,0.07075103848635902,0.0,0.0,0.02,0.0,0.11370579976538578,0.0,0.0,0.0,0.20445683825174482,0.0034076139708624138
414,06:54,6,54,414,0.06927050983124844,0.0,0.0,0.02,0.0,0.10258584379999831,0.0,0.0,0.0,0.19185635363124676,0.0031976058938541128
415,06:55,6,55,415,0.06776457135307562,0.0,0.0,0.02,0.0,0.10612848558254283,0.0,0.0,0.0,0.19389305693561845,0.003231550948926974
416,06:56,6,56,416,0.06623735072453277,0.0,0.0,0.02,0.0,0.1108396791807299,0.0,0.0,0.0,0.19707702990526266,0.003284617165087711
417,06:57,6,57,417,0.06469303395120693,0.0,0.0,0.02,0.0,0.10105071845661595,0.0,0.0,0.0,0.18574375240782287,0.003095729206797048
418,06:58,6,58,418,0.06313585389802961,0.0,0.0,0.02,0.0,0.11109170742767492,0.0,0.0,0.0,0.19422756132570454,0.0032371260220950757
419,06:59,6,59,419,0.06157007868728833,0.0,0.0,0.02,0.0,0.10644975519067604,0.0,0.0,0.0,0.18801983387796437,0.0031336638979660727
420,07:00,7,0,420,0.060000000000000005,0.0,0.0,0.02,0.0,0.11225958958813988,0.0,0.0,0.0,0.19225958958813988,0.0032043264931356646
421,07:01,7,1,421,0.05842992131271169,0.0,0.0,0.02,0.0,0.10434317834037245,0.0,0.0,0.0,0.18277309965308414,0.003046218327551402
422,07:02,7,2,422,0.056864146101970395,0.0,0.0,0.02,0.0,0.11330319905353495,0.0,0.0,0.0,0.19016734515550535,0.0031694557525917557
423,07:03,7,3,423,0.05530696604879308,0.0,0.0,0.02,0.0,0.11050591813669235,0.0,0.0,0.0,0.18581288418548542,0.0030968814030914236
424,07:04,7,4,424,0.05376264927546723,0.0,0.0,0.02,0.0,0.10978265125433993,0.0,0.0,0.0,0.18354530052980716,0.0030590883421634527
425,07:05,7,5,425,0.05223542864692439,0.0,0.0,0.02,0.0,0.10746800745558076,0.0,0.0,0.0,0.17970343610250517,0.0029950572683750862
426,07:06,7,6,426,0.05072949016875157,0.0,0.0,0.02,0.0,0.10242554547286568,0.0,0.0,0.0,0.17315503564161727,0.002885917260693621
427,07:07,7,7,427,0.049248961513640985,0.0,0.0,0.02,0.0,0.10571286136453181,0.0,0.0,0.0,0.1749618228781728,0.00291603038130288
428,07:08,7,8,428,0.04779790070772601,0.0,0.0,0.02,0.0,0.10231367487440493,0.0,0.0,0.0,0.17011157558213094,0.002835192926368849
429,07:09,7,9,429,0.04638028500781361,0.0,0.0,0.02,0.0,0.10236087018547023,0.0,0.0,0.0,0.16874115519328384,0.0028123525865547307
430,07:10,7,10,430,0.045,0.0,0.0,0.02,0.0,0.10065509479050014,0.0,0.0,0.0,0.16565509479050014,0.0027609182465083357
431,07:11,7,11,431,0.043660828949549195,0.0,0.0,0.02,0.0,0.112441700554127,0.0,0.0,0.0,0.1761025295036762,0.002935042158394603
432,07:12,7,12,432,0.04236644243122581,0.0,0.0,0.02,0.0,0.10989175661602366,0.0,0.0,0.0,0.17225819904724948,0.002870969984120825
433,07:13,7,13,433,0.041120388268504886,0.0,0.0,0.02,0.0,0.1109107820153699,0.0,0.0,0.0,0.17203117028387477,0.0028671861713979127
434,07:14,7,14,434,0.03992608180923425,0.0,0.0,0.02,0.0,0.11109183850574403,0.0,0.0,0.0,0.17101792031497828,0.0028502986719163045
435,07:15,7,15,435,0.03878679656440357,0.0,0.0,0.02,0.0,0.10835575590160532,0.0,0.0,0.0,0.1671425524660089,0.002785709207766815
436,07:16,7,16,436,0.037705655235678176,0.0,0.0,0.02,0.0,0.11317987510251705,0.0,0.0,0.0,0.17088553033819523,0.0028480921723032537
437,07:17,7,17,437,0.036685621156290864,0.0,0.0,0.02,0.0,0.10871754430873698,0.0,0.0,0.0,0.16540316546502784,0.0027567194244171307
438,07:18,7,18,438,0.035729490168751585,0.0,0.0,0.02,0.0,0.10267431966994321,0.0,0.0,0.0,0.1584038098386948,0.0026400634973115797
439,07:19,7,19,439,0.03483988296163728,0.0,0.0,0.02,0.0,0.10821968842176882,0.0,0.0,0.0,0.1630595713834061,0.0027176595230567683
440,07:20,7,20,440,0.034019237886466845,0.0,0.0,0.02,0.0,0.10989675992591448,0.0,0.0,0.0,0.1639159978123813,0.0027319332968730216
441,07:21,7,21,441,0.033269804274348974,0.0,0.0,0.02,0.0,0.11302858963873244,0.0,0.0,0.0,0.16629839391308143,0.0027716398985513572
442,07:22,7,22,442,0.032593636270721975,0.0,0.0,0.02,0.0,0.10958845635975348,0.0,0.0,0.0,0.16218209263047545,0.0027030348771745908
443,07:23,7,23,443,0.03199258720508395,0.0,0.0,0.02,0.0,0.10723878174855549,0.0,0.0,0.0,0.15923136895363943,0.0026538561492273237
444,07:24,7,24,444,0.03146830451114539,0.0,0.0,0.02,0.0,0.10881896134597248,0.0,0.0,0.0,0.1602872658571179,0.002671454430951965
445,07:25,7,25,445,0.03102222521132795,0.0,0.0,0.02,0.0,0.11219874954259414,0.0,0.0,0.0,0.16322097475392208,0.0027203495792320347
446,07:26,7,26,446,0.030655571977985838,0.0,0.0,0.02,0.0,0.11387577264229129,0.0,0.0,0.0,0.16453134462027713,0.0027421890770046187
447,07:27,7,27,447,0.030369349782145873,0.0,0.0,0.02,0.0,0.10839823848117028,0.0,0.0,0.0,0.15876758826331616,0.0026461264710552694
448,07:28,7,28,448,0.0301643431389518,0.0,0.0,0.02,0.0,0.10255285331825968,0.0,0.0,0.0,0.1527171964572115,0.0025452866076201915
449,07:29,7,29,449,0.030041113957362784,0.0,0.0,0.02,0.0,0.11009234118729042,0.0,0.0,0.0,0.16013345514465321,0.0026688909190775534
450,07:30,7,30,450,0.03,0.0,4.0,0.02,0.0,0.10457774618638373,0.0,0.0,0.35,4.504577746186383,0.07507629576977305
451,07:31,7,31,451,0.030041113957362784,0.0,4.0,0.02,0.0,0.1019247820212988,0.0,0.0,0.35,4.50196589597866,0.07503276493297767
452,07:32,7,32,452,0.0301643431389518,0.0,4.0,0.02,0.0,0.10374622544211959,0.0,0.0,0.0,4.153910568581071,0.06923184280968452
453,07:33,7,33,453,0.03036934978214587,0.0,4.0,0.02,0.0,0.11406435225720502,0.0,0.0,0.0,4.16443370203935,0.0694072283673225
454,07:34,7,34,454,0.030655571977985838,0.0,4.0,0.02,0.0,0.11454471330566622,0.0,0.0,0.0,4.165200285283652,0.06942000475472754
455,07:35,7,35,455,0.031022225211327942,0.0,4.0,0.02,0.0,0.10167403656848596,0.0,0.0,0.0,4.1526962617798135,0.06921160436299689
456,07:36,7,36,456,0.03146830451114539,0.0,4.0,0.02,0.0,0.10455607312895582,0.0,0.0,0.35,4.5060243776401006,0.07510040629400168
457,07:37,7,37,457,0.031992587205083946,0.0,4.0,0.02,0.0,0.10676188483845704,0.0,0.0,0.35,4.508754472043541,0.07514590786739235
458,07:38,7,38,458,0.03259363627072197,0.0,4.0,0.02,0.0,0.10413808285597538,0.0,0.0,0.0,4.156731719126697,0.06927886198544495
459,07:39,7,39,459,0.03326980427434895,0.0,4.0,0.02,0.0,0.10869419017230984,0.0,0.0,0.0,4.161963994446658,0.06936606657411097
460,07:40,7,40,460,0.03401923788646684,0.0,4.0,0.02,0.0,0.10718913860144368,0.0,0.0,0.0,4.16120837648791,0.06935347294146517
461,07:41,7,41,461,0.03483988296163727,0.0,4.0,0.02,0.0,0.10703997630413184,0.0,0.0,0.0,4.161879859265769,0.06936466432109614
462,07:42,7,42,462,0.03572949016875158,0.0,4.0,0.02,0.0,0.11111956187436516,0.0,0.0,0.35,4.516849052043116,0.07528081753405194
463,07:43,7,43,463,0.036685621156290864,0.0,4.0,0.02,0.0,0.1079277150159743,0.0,0.0,0.35,4.514613336172265,0.07524355560287108
464,07:44,7,44,464,0.037705655235678176,0.0,4.0,0.02,0.0,0.10787379937166446,0.0,0.0,0.0,4.165579454607342,0.0694263242434557
465,07:45,7,45,465,0.03878679656440357,0.0,4.0,0.02,0.0,0.11332543109956124,0.0,0.0,0.0,4.172112227663964,0.06953520379439941
466,07:46,7,46,466,0.03992608180923423,0.0,4.0,0.02,0.0,0.10122458242039464,0.0,0.0,0.0,4.161150664229629,0.06935251107049381
467,07:47,7,47,467,0.041120388268504886,0.0,4.0,0.02,0.0,0.10289825153726952,0.0,0.0,0.0,4.164018639805774,0.06940031066342957
468,07:48,7,48,468,0.0423664424312258,0.0,4.0,0.02,0.0,0.10606744591467408,0.0,0.0,0.35,4.5184338883459,0.07530723147243167
469,07:49,7,49,469,0.043660828949549195,0.0,4.0,0.02,0.0,0.10488082706118088,0.0,0.0,0.35,4.518541656010729,0.07530902760017882
470,07:50,7,50,470,0.04499999999999999,0.0,4.0,0.02,0.0,0.10032491837670098,0.0,0.0,0.0,4.1653249183767,0.069422081972945
471,07:51,7,51,471,0.04638028500781359,0.0,4.0,0.02,0.0,0.1014125426901266,0.0,0.0,0.0,4.16779282769794,0.06946321379496566
472,07:52,7,52,472,0.047797900707726,0.0,4.0,0.02,0.0,0.10267784065143476,0.0,0.0,0.0,4.17047574135916,0.06950792902265267
473,07:53,7,53,473,0.04924896151364098,0.0,4.0,0.02,0.0,0.10423471002514972,0.0,0.0,0.0,4.17348367153879,0.06955806119231317
474,07:54,7,54,474,0.05072949016875157,0.0,4.0,0.02,0.0,0.11495447648666617,0.0,0.0,0.35,4.535683966655417,0.07559473277759028
475,07:55,7,55,475,0.052235428646924376,0.0,4.0,0.02,0.0,0.1112742145309613,0.0,0.0,0.35,4.533509643177885,0.07555849405296475
476,07:56,7,56,476,0.0537626492754672,0.0,4.0,0.02,0.0,0.10004329561953693,0.0,0.0,0.0,4.173805944895004,0.06956343241491673
477,07:57,7,57,477,0.055306966048793066,0.0,4.0,0.02,0.0,0.10275587774967804,0.0,0.0,0.0,4.178062843798471,0.06963438072997451
478,07:58,7,58,478,0.05686414610197037,0.0,4.0,0.02,0.0,0.10500317304017863,0.0,0.0,0.0,4.181867319142149,0.06969778865236914
479,07:59,7,59,479,0.0584299213127117,0.0,4.0,0.02,0.0,0.100027026130067,0.0,0.0,0.0,4.178456947442778,0.06964094912404631
480,08:00,8,0,480,0.06,0.0,0.0,0.8,0.0,0.024,0.0,0.0,0.35,1.234,0.020566666666666667
481,08:01,8,1,481,0.061570078687288324,0.0,0.0,0.25,0.0,0.024,0.0,0.0,0.35,0.6855700786872883,0.01142616797812147
482,08:02,8,2,482,0.0631358538980296,0.0,0.0,0.25,0.0,0.0,0.0,0.0,0.0,0.3131358538980296,0.005218930898300493
483,08:03,8,3,483,0.06469303395120693,0.0,0.0,0.25,0.0,0.0,0.0,0.0,0.0,0.31469303395120696,0.005244883899186783
484,08:04,8,4,484,0.06623735072453277,0.0,0.0,0.25,0.0,0.0,0.0,0.0,0.0,0.31623735072453274,0.005270622512075546
485,08:05,8,5,485,0.06776457135307562,0.0,0.0,0.25,0.0,0.0,0.0,0.0,0.0,0.3177645713530756,0.005296076189217927
486,08:06,8,6,486,0.06927050983124841,0.0,0.0,0.25,0.0,0.0,0.0,0.0,0.35,0.6692705098312484,0.011154508497187472
487,08:07,8,7,487,0.07075103848635901,0.0,0.0,0.25,0.0,0.0,0.0,0.0,0.35,0.670751038486359,0.01117918397477265
488,08:08,8,8,488,0.072202099292274,0.0,0.0,0.25,0.0,0.0,0.0,0.0,0.0,0.322202099292274,0.005370034988204567
489,08:09,8,9,489,0.0736197149921864,0.0,0.0,0.25,0.0,0.0,0.0,0.0,0.0,0.3236197149921864,0.00539366191653644
490,08:10,8,10,490,0.075,0.0,0.0,0.25,0.0,0.0,0.0,0.0,0.0,0.325,0.005416666666666667
491,08:11,8,11,491,0.07633917105045081,0.0,0.0,0.25,0.0,0.0,0.0,0.0,0.0,0.3263391710504508,0.00543898618417418
492,08:12,8,12,492,0.0776335575687742,0.0,0.0,0.25,0.0,0.0,0.0,0.0,0.35,0.6776335575687742,0.011293892626146237
493,08:13,8,13,493,0.07887961173149512,0.0,0.0,0.25,0.0,0.0,0.0,0.0,0.35,0.678879611731495,0.011314660195524916
494,08:14,8,14,494,0.08007391819076574,0.0,0.0,0.25,0.0,0.0,0.0,0.0,0.0,0.33007391819076576,0.005501231969846096
495,08:15,8,15,495,0.08121320343559643,0.0,0.0,0.25,0.0,0.0,0.0,0.0,0.0,0.33121320343559646,0.005520220057259941
496,08:16,8,16,496,0.08229434476432182,0.0,0.0,0.25,0.0,0.0,0.0,0.0,0.0,0.33229434476432185,0.005538239079405364
497,08:17,8,17,497,0.08331437884370912,0.0,0.0,0.25,0.0,0.0,0.0,0.0,0.0,0.3333143788437091,0.005555239647395152
498,08:18,8,18,498,0.08427050983124844,0.0,0.0,0.25,0.0,0.0,0.0,0.0,0.35,0.6842705098312485,0.011404508497187474
499,08:19,8,19,499,0.08516011703836271,0.0,0.0,0.25,0.0,0.0,0.0,0.0,0.35,0.6851601170383627,0.011419335283972711
500,08:20,8,20,500,0.08598076211353316,0.0,0.0,0.25,0.0,0.0,0.0,0.0,0.0,0.33598076211353317,0.005599679368558886
501,08:21,8,21,501,0.08673019572565104,0.0,0.0,0.25,0.0,0.0,0.0,0.0,0.0,0.33673019572565105,0.0056121699287608505
502,08:22,8,22,502,0.08740636372927803,0.0,0.0,0.25,0.0,0.0,0.0,0.0,0.0,0.337406363729278,0.005623439395487967
503,08:23,8,23,503,0.08800741279491606,0.0,0.0,0.25,0.0,0.0,0.0,0.0,0.0,0.3380074127949161,0.005633456879915268
504,08:24,8,24,504,0.0885316954888546,0.0,0.0,0.25,0.0,0.0,0.0,0.0,0.35,0.6885316954888545,0.011475528258147575
505,08:25,8,25,505,0.08897777478867205,0.0,0.0,0.25,0.0,0.0,0.0,0.0,0.35,0.6889777747886721,0.011482962913144535
506,08:26,8,26,506,0.08934442802201417,0.0,0.0,0.25,0.0,0.0,0.0,0.0,0.0,0.33934442802201414,0.005655740467033569
507,08:27,8,27,507,0.08963065021785414,0.0,0.0,0.25,0.0,0.0,0.0,0.0,0.0,0.33963065021785416,0.005660510836964236
508,08:28,8,28,508,0.08983565686104819,0.0,0.0,0.25,0.0,0.0,0.0,0.0,0.0,0.3398356568610482,0.005663927614350804
509,08:29,8,29,509,0.08995888604263721,0.0,0.0,0.25,0.0,0.0,0.0,0.0,0.0,0.33995888604263724,0.005665981434043954
510,08:30,8,30,510,0.09,0.0,0.0,0.25,0.0,0.0,0.0,1.85,0.35,2.54,0.042333333333333334
511,08:31,8,31,511,0.08995888604263721,0.0,0.0,0.25,0.0,0.0,0.0,0.37,0.0,0.7099588860426372,0.01183264810071062
512,08:32,8,32,512,0.0898356568610482,0.0,0.0,0.25,0.0,0.0,0.0,0.37,0.0,0.7098356568610482,0.01183059428101747
513,08:33,8,33,513,0.08963065021785413,0.0,0.0,0.25,0.0,0.0,0.0,0.37,0.0,0.7096306502178541,0.011827177503630902
514,08:34,8,34,514,0.08934442802201417,0.0,0.0,0.25,0.0,0.0,0.0,0.37,0.0,0.7093444280220141,0.011822407133700235
515,08:35,8,35,515,0.08897777478867205,0.0,0.0,0.25,0.0,0.0,0.0,0.37,0.0,0.7089777747886721,0.011816296246477868
516,08:36,8,36,516,0.0885316954888546,0.0,0.0,0.25,0.0,0.0,0.0,0.37,0.0,0.7085316954888545,0.011808861591480908
517,08:37,8,37,517,0.08800741279491606,0.0,0.0,0.25,0.0,0.0,0.0,0.37,0.0,0.7080074127949161,0.011800123546581935
518,08:38,8,38,518,0.08740636372927803,0.0,0.0,0.25,0.0,0.0,0.0,0.37,0.0,0.707406363729278,0.011790106062154634
519,08:39,8,39,519,0.08673019572565105,0.0,0.0,0.25,0.0,0.0,0.0,0.37,0.0,0.7067301957256511,0.011778836595427519
520,08:40,8,40,520,0.08598076211353316,0.0,0.0,0.25,0.0,0.0,0.0,0.37,0.0,0.7059807621135332,0.011766346035225554
521,08:41,8,41,521,0.08516011703836271,0.0,0.0,0.25,0.0,0.0,0.0,0.37,0.0,0.7051601170383627,0.011752668617306044
522,08:42,8,42,522,0.08427050983124844,0.0,0.0,0.25,0.0,0.0,0.0,0.37,0.0,0.7042705098312485,0.011737841830520809
523,08:43,8,43,523,0.08331437884370914,0.0,0.0,0.25,0.0,0.0,0.0,0.37,0.0,0.7033143788437091,0.011721906314061817
524,08:44,8,44,524,0.08229434476432183,0.0,0.0,0.25,0.0,0.0,0.0,0.37,0.0,0.7022943447643218,0.01170490574607203
525,08:45,8,45,525,0.08121320343559643,0.0,0.0,0.25,0.0,0.024,0.0,0.37,0.0,0.7252132034355965,0.012086886723926608
526,08:46,8,46,526,0.08007391819076574,0.0,0.0,0.25,0.0,0.024,0.0,0.37,0.0,0.7240739181907658,0.012067898636512763
527,08:47,8,47,527,0.07887961173149512,0.0,0.0,0.25,0.0,0.0,0.0,0.37,0.0,0.698879611731495,0.011647993528858251
528,08:48,8,48,528,0.0776335575687742,0.0,0.0,0.25,0.0,0.0,0.0,0.37,0.0,0.6976335575687742,0.01162722595947957
529,08:49,8,49,529,0.07633917105045082,0.0,0.0,0.25,0.0,0.0,0.0,0.37,0.0,0.6963391710504508,0.011605652850840847
530,08:50,8,50,530,0.075,0.0,0.0,0.25,0.0,0.0,0.0,0.37,0.0,0.6950000000000001,0.011583333333333334
531,08:51,8,51,531,0.0736197149921864,0.0,0.0,0.25,0.0,0.0,0.0,0.37,0.0,0.6936197149921863,0.011560328583203106
532,08:52,8,52,532,0.072202099292274,0.0,0.0,0.25,0.0,0.0,0.0,0.37,0.0,0.6922020992922739,0.011536701654871232
533,08:53,8,53,533,0.07075103848635902,0.0,0.0,0.25,0.0,0.0,0.0,0.37,0.0,0.690751038486359,0.011512517308105983
534,08:54,8,54,534,0.06927050983124844,0.0,0.0,0.25,0.0,0.0,0.0,0.37,0.0,0.6892705098312484,0.011487841830520807
535,08:55,8,55,535,0.06776457135307562,0.0,0.0,0.25,0.0,0.0,0.0,0.37,0.0,0.6877645713530756,0.011462742855884592
536,08:56,8,56,536,0.06623735072453277,0.0,0.0,0.25,0.0,0.0,0.0,0.37,0.0,0.6862373507245327,0.011437289178742212
537,08:57,8,57,537,0.06469303395120693,0.0,0.0,0.25,0.0,0.0,0.0,0.37,0.0,0.684693033951207,0.011411550565853449
538,08:58,8,58,538,0.06313585389802961,0.0,0.0,0.25,0.0,0.0,0.0,0.37,0.0,0.6831358538980297,0.01138559756496716
539,08:59,8,59,539,0.06157007868728833,0.0,0.0,0.25,0.0,0.0,0.0,0.37,0.0,0.6815700786872882,0.011359501311454804
540,09:00,9,0,540,0.060000000000000005,0.0,0.0,0.25,0.0,0.024,0.0,0.0,0.0,0.334,0.005566666666666667
541,09:01,9,1,541,0.05842992131271169,0.0,0.0,0.25,0.0,0.024,0.0,0.0,0.0,0.3324299213127117,0.005540498688545195
542,09:02,9,2,542,0.056864146101970395,0.0,0.0,0.25,0.0,0.0,0.0,0.0,0.0,0.3068641461019704,0.005114402435032839
543,09:03,9,3,543,0.05530696604879308,0.0,0.0,0.25,0.0,0.0,0.0,0.0,0.0,0.3053069660487931,0.005088449434146551
544,09:04,9,4,544,0.05376264927546723,0.0,0.0,0.25,0.0,0.0,0.0,0.0,0.0,0.30376264927546726,0.005062710821257787
545,09:05,9,5,545,0.05223542864692439,0.0,0.0,0.25,0.0,0.0,0.0,0.0,0.0,0.3022354286469244,0.005037257144115406
546,09:06,9,6,546,0.05072949016875157,0.0,0.0,0.25,0.0,0.0,0.0,0.0,0.0,0.30072949016875156,0.005012158169479193
547,09:07,9,7,547,0.049248961513640985,0.0,0.0,0.25,0.0,0.0,0.0,0.0,0.0,0.299248961513641,0.004987482691894017
548,09:08,9,8,548,0.04779790070772601,0.0,0.0,0.25,0.0,0.0,0.0,0.0,0.0,0.297797900707726,0.004963298345128766
549,09:09,9,9,549,0.04638028500781361,0.0,0.0,0.25,0.0,0.0,0.0,0.0,0.0,0.2963802850078136,0.0049396714167968935
550,09:10,9,10,550,0.045,0.0,0.0,0.25,0.0,0.0,0.0,0.0,0.0,0.295,0.004916666666666666
551,09:11,9,11,551,0.043660828949549195,0.0,0.0,0.25,0.0,0.0,0.0,0.0,0.0,0.2936608289495492,0.004894347149159153
552,09:12,9,12,552,0.04236644243122581,0.0,0.0,0.25,0.0,0.0,0.0,0.0,0.0,0.2923664424312258,0.00487277404052043
553,09:13,9,13,553,0.041120388268504886,0.0,0.0,0.25,0.0,0.0,0.0,0.0,0.0,0.2911203882685049,0.004852006471141748
554,09:14,9,14,554,0.03992608180923425,0.0,0.0,0.25,0.0,0.0,0.0,0.0,0.0,0.28992608180923424,0.004832101363487237
555,09:15,9,15,555,0.03878679656440357,0.0,0.0,0.25,0.0,0.0,0.0,0.0,0.0,0.2887867965644036,0.004813113276073393
556,09:16,9,16,556,0.037705655235678176,0.0,0.0,0.25,0.0,0.0,0.0,0.0,0.0,0.28770565523567815,0.004795094253927969
557,09:17,9,17,557,0.036685621156290864,0.0,0.0,0.25,0.0,0.0,0.0,0.0,0.0,0.28668562115629087,0.004778093685938181
558,09:18,9,18,558,0.035729490168751585,0.0,0.0,0.25,0.0,0.0,0.0,0.0,0.0,0.2857294901687516,0.0047621581694791935
559,09:19,9,19,559,0.03483988296163728,0.0,0.0,0.25,0.0,0.0,0.0,0.0,0.0,0.28483988296163726,0.004747331382693954
560,09:20,9,20,560,0.034019237886466845,0.0,0.0,0.25,0.0,0.0,0.0,0.0,0.0,0.2840192378864668,0.004733653964774447
561,09:21,9,21,561,0.033269804274348974,0.0,0.0,0.25,0.0,0.0,0.0,0.0,0.0,0.283269804274349,0.004721163404572484
562,09:22,9,22,562,0.032593636270721975,0.0,0.0,0.25,0.0,0.0,0.0,0.0,0.0,0.282593636270722,0.004709893937845366
563,09:23,9,23,563,0.03199258720508395,0.0,0.0,0.25,0.0,0.0,0.0,0.0,0.0,0.28199258720508397,0.004699876453418066
564,09:24,9,24,564,0.03146830451114539,0.0,0.0,0.25,0.0,0.0,0.0,0.0,0.0,0.2814683045111454,0.00469113840851909
565,09:25,9,25,565,0.03102222521132795,0.0,0.0,0.25,0.0,0.0,0.0,0.0,0.0,0.28102222521132797,0.004683703753522133
566,09:26,9,26,566,0.030655571977985838,0.0,0.0,0.25,0.0,0.0,0.0,0.0,0.0,0.28065557197798585,0.004677592866299764
567,09:27,9,27,567,0.030369349782145873,0.0,0.0,0.25,0.0,0.0,0.0,0.0,0.0,0.2803693497821459,0.004672822496369098
568,09:28,9,28,568,0.0301643431389518,0.0,0.0,0.25,0.0,0.0,0.0,0.0,0.0,0.2801643431389518,0.0046694057189825295
569,09:29,9,29,569,0.030041113957362784,0.0,0.0,0.25,0.0,0.0,0.0,0.0,0.0,0.2800411139573628,0.00466735189928938
570,09:30,9,30,570,0.03,0.0,0.0,0.25,0.0,0.0,0.0,0.0,0.0,0.28,0.004666666666666667
571,09:31,9,31,571,0.030041113957362784,0.0,0.0,0.25,0.0,0.0,0.0,0.0,0.0,0.2800411139573628,0.00466735189928938
572,09:32,9,32,572,0.0301643431389518,0.0,0.0,0.25,0.0,0.0,0.0,0.0,0.0,0.2801643431389518,0.0046694057189825295
573,09:33,9,33,573,0.03036934978214587,0.0,0.0,0.25,0.0,0.0,0.0,0.0,0.0,0.2803693497821459,0.004672822496369098
574,09:34,9,34,574,0.030655571977985838,0.0,0.0,0.25,0.0,0.0,0.0,0.0,0.0,0.28065557197798585,0.004677592866299764
575,09:35,9,35,575,0.031022225211327942,0.0,0.0,0.25,0.0,0.0,0.0,0.0,0.0,0.2810222252113279,0.004683703753522132
576,09:36,9,36,576,0.03146830451114539,0.0,0.0,0.25,0.0,0.0,0.0,0.0,0.0,0.2814683045111454,0.00469113840851909
577,09:37,9,37,577,0.031992587205083946,0.0,0.0,0.25,0.0,0.0,0.0,0.0,0.0,0.28199258720508397,0.004699876453418066
578,09:38,9,38,578,0.03259363627072197,0.0,0.0,0.25,0.0,0.0,0.0,0.0,0.0,0.282593636270722,0.004709893937845366
579,09:39,9,39,579,0.03326980427434895,0.0,0.0,0.25,0.0,0.0,0.0,0.0,0.0,0.28326980427434895,0.004721163404572483
580,09:40,9,40,580,0.03401923788646684,0.0,0.0,0.25,0.0,0.0,0.0,0.0,0.0,0.2840192378864668,0.004733653964774447
581,09:41,9,41,581,0.03483988296163727,0.0,0.0,0.25,0.0,0.0,0.0,0.0,0.0,0.28483988296163726,0.004747331382693954
582,09:42,9,42,582,0.03572949016875158,0.0,0.0,0.25,0.0,0.0,0.0,0.0,0.0,0.2857294901687516,0.0047621581694791935
583,09:43,9,43,583,0.036685621156290864,0.0,0.0,0.25,0.0,0.0,0.0,0.0,0.0,0.28668562115629087,0.004778093685938181
584,09:44,9,44,584,0.037705655235678176,0.0,0.0,0.25,0.0,0.0,0.0,0.0,0.0,0.28770565523567815,0.004795094253927969
585,09:45,9,45,585,0.03878679656440357,0.0,0.0,0.25,0.0,0.024,0.0,0.0,0.0,0.3127867965644036,0.0052131132760733934
586,09:46,9,46,586,0.03992608180923423,0.0,0.0,0.25,0.0,0.024,0.0,0.0,0.0,0.31392608180923426,0.005232101363487238
587,09:47,9,47,587,0.041120388268504886,0.0,0.0,0.25,0.0,0.0,0.0,0.0,0.0,0.2911203882685049,0.004852006471141748
588,09:48,9,48,588,0.0423664424312258,0.0,0.0,0.25,0.0,0.0,0.0,0.0,0.0,0.2923664424312258,0.00487277404052043
589,09:49,9,49,589,0.043660828949549195,0.0,0.0,0.25,0.0,0.0,0.0,0.0,0.0,0.2936608289495492,0.004894347149159153
590,09:50,9,50,590,0.04499999999999999,0.0,0.0,0.25,0.0,0.0,0.0,0.0,0.0,0.295,0.004916666666666666
591,09:51,9,51,591,0.04638028500781359,0.0,0.0,0.25,0.0,0.0,0.0,0.0,0.0,0.2963802850078136,0.0049396714167968935
592,09:52,9,52,592,0.047797900707726,0.0,0.0,0.25,0.0,0.0,0.0,0.0,0.0,0.297797900707726,0.004963298345128766
593,09:53,9,53,593,0.04924896151364098,0.0,0.0,0.25,0.0,0.0,0.0,0.0,0.0,0.299248961513641,0.004987482691894017
594,09:54,9,54,594,0.05072949016875157,0.0,0.0,0.25,0.0,0.0,0.0,0.0,0.0,0.30072949016875156,0.005012158169479193
595,09:55,9,55,595,0.052235428646924376,0.0,0.0,0.25,0.0,0.0,0.0,0.0,0.0,0.3022354286469244,0.005037257144115406
596,09:56,9,56,596,0.0537626492754672,0.0,0.0,0.25,0.0,0.0,0.0,0.0,0.0,0.3037626492754672,0.005062710821257786
597,09:57,9,57,597,0.055306966048793066,0.0,0.0,0.25,0.0,0.0,0.0,0.0,0.0,0.30530696604879304,0.00508844943414655
598,09:58,9,58,598,0.05686414610197037,0.0,0.0,0.25,0.0,0.0,0.0,0.0,0.0,0.3068641461019704,0.005114402435032839
599,09:59,9,59,599,0.0584299213127117,0.0,0.0,0.25,0.0,0.0,0.0,0.0,0.0,0.3084299213127117,0.005140498688545195
600,10:00,10,0,600,0.06,0.0,0.0,0.25,0.0,0.024,0.0,0.0,0.0,0.334,0.005566666666666667
601,10:01,10,1,601,0.061570078687288324,0.0,0.0,0.25,0.0,0.024,0.0,0.0,0.0,0.33557007868728833,0.005592834644788139
602,10:02,10,2,602,0.0631358538980296,0.0,0.0,0.25,0.0,0.0,0.0,0.0,0.0,0.3131358538980296,0.005218930898300493
603,10:03,10,3,603,0.06469303395120693,0.0,0.0,0.25,0.0,0.0,0.0,0.0,0.0,0.31469303395120696,0.005244883899186783
604,10:04,10,4,604,0.06623735072453277,0.0,0.0,0.25,0.0,0.0,0.0,0.0,0.0,0.31623735072453274,0.005270622512075546
605,10:05,10,5,605,0.06776457135307562,0.0,0.0,0.25,0.0,0.0,0.0,0.0,0.0,0.3177645713530756,0.005296076189217927
606,10:06,10,6,606,0.06927050983124841,0.0,0.0,0.25,0.0,0.0,0.0,0.0,0.0,0.3192705098312484,0.0053211751638541395
607,10:07,10,7,607,0.07075103848635901,0.0,0.0,0.25,0.0,0.0,0.0,0.0,0.0,0.320751038486359,0.005345850641439317
608,10:08,10,8,608,0.072202099292274,0.0,0.0,0.25,0.0,0.0,0.0,0.0,0.0,0.322202099292274,0.005370034988204567
609,10:09,10,9,609,0.0736197149921864,0.0,0.0,0.25,0.0,0.0,0.0,0.0,0.0,0.3236197149921864,0.00539366191653644
610,10:10,10,10,610,0.075,0.0,0.0,0.25,0.0,0.0,0.0,0.0,0.0,0.325,0.005416666666666667
611,10:11,10,11,611,0.07633917105045081,0.0,0.0,0.25,0.0,0.0,0.0,0.0,0.0,0.3263391710504508,0.00543898618417418
612,10:12,10,12,612,0.0776335575687742,0.0,0.0,0.25,0.0,0.0,0.0,0.0,0.0,0.3276335575687742,0.0054605592928129035
613,10:13,10,13,613,0.07887961173149512,0.0,0.0,0.25,0.0,0.0,0.0,0.0,0.0,0.3288796117314951,0.005481326862191585
614,10:14,10,14,614,0.08007391819076574,0.0,0.0,0.25,0.0,0.0,0.0,0.0,0.0,0.33007391819076576,0.005501231969846096
615,10:15,10,15,615,0.08121320343559643,0.0,0.0,0.25,0.0,0.0,0.0,0.0,0.0,0.33121320343559646,0.005520220057259941
616,10:16,10,16,616,0.08229434476432182,0.0,0.0,0.25,0.0,0.0,0.0,0.0,0.0,0.33229434476432185,0.005538239079405364
617,10:17,10,17,617,0.08331437884370912,0.0,0.0,0.25,0.0,0.0,0.0,0.0,0.0,0.3333143788437091,0.005555239647395152
618,10:18,10,18,618,0.08427050983124844,0.0,0.0,0.25,0.0,0.0,0.0,0.0,0.0,0.33427050983124845,0.005571175163854141
619,10:19,10,19,619,0.08516011703836271,0.0,0.0,0.25,0.0,0.0,0.0,0.0,0.0,0.3351601170383627,0.005586001950639378
620,10:20,10,20,620,0.08598076211353316,0.0,0.0,0.25,0.0,0.0,0.0,0.0,0.0,0.33598076211353317,0.005599679368558886
621,10:21,10,21,621,0.08673019572565104,0.0,0.0,0.25,0.0,0.0,0.0,0.0,0.0,0.33673019572565105,0.0056121699287608505
622,10:22,10,22,622,0.08740636372927803,0.0,0.0,0.25,0.0,0.0,0.0,0.0,0.0,0.337406363729278,0.005623439395487967
623,10:23,10,23,623,0.08800741279491606,0.0,0.0,0.25,0.0,0.0,0.0,0.0,0.0,0.3380074127949161,0.005633456879915268
624,10:24,10,24,624,0.0885316954888546,0.0,0.0,0.25,0.0,0.0,0.0,0.0,0.0,0.3385316954888546,0.005642194924814243
625,10:25,10,25,625,0.08897777478867205,0.0,0.0,0.25,0.0,0.0,0.0,0.0,0.0,0.3389777747886721,0.005649629579811201
626,10:26,10,26,626,0.08934442802201417,0.0,0.0,0.25,0.0,0.0,0.0,0.0,0.0,0.33934442802201414,0.005655740467033569
627,10:27,10,27,627,0.08963065021785414,0.0,0.0,0.25,0.0,0.0,0.0,0.0,0.0,0.33963065021785416,0.005660510836964236
628,10:28,10,28,628,0.08983565686104819,0.0,0.0,0.25,0.0,0.0,0.0,0.0,0.0,0.3398356568610482,0.005663927614350804
629,10:29,10,29,629,0.08995888604263721,0.0,0.0,0.25,0.0,0.0,0.0,0.0,0.0,0.33995888604263724,0.005665981434043954
630,10:30,10,30,630,0.09,0.0,0.0,0.25,0.0,0.0,0.0,0.0,0.0,0.33999999999999997,0.005666666666666666
631,10:31,10,31,631,0.08995888604263721,0.0,0.0,0.25,0.0,0.0,0.0,0.0,0.0,0.33995888604263724,0.005665981434043954
632,10:32,10,32,632,0.0898356568610482,0.0,0.0,0.25,0.0,0.0,0.0,0.0,0.0,0.3398356568610482,0.005663927614350804
633,10:33,10,33,633,0.08963065021785413,0.0,0.0,0.25,0.0,0.0,0.0,0.0,0.0,0.3396306502178541,0.005660510836964235
634,10:34,10,34,634,0.08934442802201417,0.0,0.0,0.25,0.0,0.0,0.0,0.0,0.0,0.33934442802201414,0.005655740467033569
635,10:35,10,35,635,0.08897777478867205,0.0,0.0,0.25,0.0,0.0,0.0,0.0,0.0,0.3389777747886721,0.005649629579811201
636,10:36,10,36,636,0.0885316954888546,0.0,0.0,0.25,0.0,0.0,0.0,0.0,0.0,0.3385316954888546,0.005642194924814243
637,10:37,10,37,637,0.08800741279491606,0.0,0.0,0.25,0.0,0.0,0.0,0.0,0.0,0.3380074127949161,0.005633456879915268
638,10:38,10,38,638,0.08740636372927803,0.0,0.0,0.25,0.0,0.0,0.0,0.0,0.0,0.337406363729278,0.005623439395487967
639,10:39,10,39,639,0.08673019572565105,0.0,0.0,0.25,0.0,0.0,0.0,0.0,0.0,0.33673019572565105,0.0056121699287608505
640,10:40,10,40,640,0.08598076211353316,0.0,0.0,0.25,0.0,0.0,0.0,0.0,0.0,0.33598076211353317,0.005599679368558886
641,10:41,10,41,641,0.08516011703836271,0.0,0.0,0.25,0.0,0.0,0.0,0.0,0.0,0.3351601170383627,0.005586001950639378
642,10:42,10,42,642,0.08427050983124844,0.0,0.0,0.25,0.0,0.0,0.0,0.0,0.0,0.33427050983124845,0.005571175163854141
643,10:43,10,43,643,0.08331437884370914,0.0,0.0,0.25,0.0,0.0,0.0,0.0,0.0,0.3333143788437091,0.005555239647395152
644,10:44,10,44,644,0.08229434476432183,0.0,0.0,0.25,0.0,0.0,0.0,0.0,0.0,0.33229434476432185,0.005538239079405364
645,10:45,10,45,645,0.08121320343559643,0.0,0.0,0.25,0.0,0.024,0.0,0.0,0.0,0.3552132034355965,0.005920220057259941
646,10:46,10,46,646,0.08007391819076574,0.0,0.0,0.25,0.0,0.024,0.0,0.0,0.0,0.3540739181907658,0.0059012319698460965
647,10:47,10,47,647,0.07887961173149512,0.0,0.0,0.25,0.0,0.0,0.0,0.0,0.0,0.3288796117314951,0.005481326862191585
648,10:48,10,48,648,0.0776335575687742,0.0,0.0,0.25,0.0,0.0,0.0,0.0,0.0,0.3276335575687742,0.0054605592928129035
649,10:49,10,49,649,0.07633917105045082,0.0,0.0,0.25,0.0,0.0,0.0,0.0,0.0,0.32633917105045085,0.005438986184174181
650,10:50,10,50,650,0.075,0.0,0.0,0.25,0.0,0.0,0.0,0.0,0.0,0.325,0.005416666666666667
651,10:51,10,51,651,0.0736197149921864,0.0,0.0,0.25,0.0,0.0,0.0,0.0,0.0,0.3236197149921864,0.00539366191653644
652,10:52,10,52,652,0.072202099292274,0.0,0.0,0.25,0.0,0.0,0.0,0.0,0.0,0.322202099292274,0.005370034988204567
653,10:53,10,53,653,0.07075103848635902,0.0,0.0,0.25,0.0,0.0,0.0,0.0,0.0,0.320751038486359,0.005345850641439317
654,10:54,10,54,654,0.06927050983124844,0.0,0.0,0.25,0.0,0.0,0.0,0.0,0.0,0.31927050983124844,0.00532117516385414
655,10:55,10,55,655,0.06776457135307562,0.0,0.0,0.25,0.0,0.0,0.0,0.0,0.0,0.3177645713530756,0.005296076189217927
656,10:56,10,56,656,0.06623735072453277,0.0,0.0,0.25,0.0,0.0,0.0,0.0,0.0,0.31623735072453274,0.005270622512075546
657,10:57,10,57,657,0.06469303395120693,0.0,0.0,0.25,0.0,0.0,0.0,0.0,0.0,0.31469303395120696,0.005244883899186783
658,10:58,10,58,658,0.06313585389802961,0.0,0.0,0.25,0.0,0.0,0.0,0.0,0.0,0.3131358538980296,0.005218930898300493
659,10:59,10,59,659,0.06157007868728833,0.0,0.0,0.25,0.0,0.0,0.0,0.0,0.0,0.3115700786872883,0.005192834644788138
660,11:00,11,0,660,0.060000000000000005,0.0,0.0,0.25,0.0,0.024,0.0,0.0,0.0,0.334,0.005566666666666667
661,11:01,11,1,661,0.05842992131271169,0.0,0.0,0.25,0.0,0.024,0.0,0.0,0.0,0.3324299213127117,0.005540498688545195
662,11:02,11,2,662,0.056864146101970395,0.0,0.0,0.25,0.0,0.0,0.0,0.0,0.0,0.3068641461019704,0.005114402435032839
663,11:03,11,3,663,0.05530696604879308,0.0,0.0,0.25,0.0,0.0,0.0,0.0,0.0,0.3053069660487931,0.005088449434146551
664,11:04,11,4,664,0.05376264927546723,0.0,0.0,0.25,0.0,0.0,0.0,0.0,0.0,0.30376264927546726,0.005062710821257787
665,11:05,11,5,665,0.05223542864692439,0.0,0.0,0.25,0.0,0.0,0.0,0.0,0.0,0.3022354286469244,0.005037257144115406
666,11:06,11,6,666,0.05072949016875157,0.0,0.0,0.25,0.0,0.0,0.0,0.0,0.0,0.30072949016875156,0.005012158169479193
667,11:07,11,7,667,0.049248961513640985,0.0,0.0,0.25,0.0,0.0,0.0,0.0,0.0,0.299248961513641,0.004987482691894017
668,11:08,11,8,668,0.04779790070772601,0.0,0.0,0.25,0.0,0.0,0.0,0.0,0.0,0.297797900707726,0.004963298345128766
669,11:09,11,9,669,0.04638028500781361,0.0,0.0,0.25,0.0,0.0,0.0,0.0,0.0,0.2963802850078136,0.0049396714167968935
670,11:10,11,10,670,0.045,0.0,0.0,0.25,0.0,0.0,0.0,0.0,0.0,0.295,0.004916666666666666
671,11:11,11,11,671,0.043660828949549195,0.0,0.0,0.25,0.0,0.0,0.0,0.0,0.0,0.2936608289495492,0.004894347149159153
672,11:12,11,12,672,0.04236644243122581,0.0,0.0,0.25,0.0,0.0,0.0,0.0,0.0,0.2923664424312258,0.00487277404052043
673,11:13,11,13,673,0.041120388268504886,0.0,0.0,0.25,0.0,0.0,0.0,0.0,0.0,0.2911203882685049,0.004852006471141748
674,11:14,11,14,674,0.03992608180923425,0.0,0.0,0.25,0.0,0.0,0.0,0.0,0.0,0.28992608180923424,0.004832101363487237
675,11:15,11,15,675,0.03878679656440357,0.0,0.0,0.25,0.0,0.0,0.0,0.0,0.0,0.2887867965644036,0.004813113276073393
676,11:16,11,16,676,0.037705655235678176,0.0,0.0,0.25,0.0,0.0,0.0,0.0,0.0,0.28770565523567815,0.004795094253927969
677,11:17,11,17,677,0.036685621156290864,0.0,0.0,0.25,0.0,0.0,0.0,0.0,0.0,0.28668562115629087,0.004778093685938181
678,11:18,11,18,678,0.035729490168751585,0.0,0.0,0.25,0.0,0.0,0.0,0.0,0.0,0.2857294901687516,0.0047621581694791935
679,11:19,11,19,679,0.03483988296163728,0.0,0.0,0.25,0.0,0.0,0.0,0.0,0.0,0.28483988296163726,0.004747331382693954
680,11:20,11,20,680,0.034019237886466845,0.0,0.0,0.25,0.0,0.0,0.0,0.0,0.0,0.2840192378864668,0.004733653964774447
681,11:21,11,21,681,0.033269804274348974,0.0,0.0,0.25,0.0,0.0,0.0,0.0,0.0,0.283269804274349,0.004721163404572484
682,11:22,11,22,682,0.032593636270721975,0.0,0.0,0.25,0.0,0.0,0.0,0.0,0.0,0.282593636270722,0.004709893937845366
683,11:23,11,23,683,0.03199258720508395,0.0,0.0,0.25,0.0,0.0,0.0,0.0,0.0,0.28199258720508397,0.004699876453418066
684,11:24,11,24,684,0.03146830451114539,0.0,0.0,0.25,0.0,0.0,0.0,0.0,0.0,0.2814683045111454,0.00469113840851909
685,11:25,11,25,685,0.03102222521132795,0.0,0.0,0.25,0.0,0.0,0.0,0.0,0.0,0.28102222521132797,0.004683703753522133
686,11:26,11,26,686,0.030655571977985838,0.0,0.0,0.25,0.0,0.0,0.0,0.0,0.0,0.28065557197798585,0.004677592866299764
687,11:27,11,27,687,0.030369349782145873,0.0,0.0,0.25,0.0,0.0,0.0,0.0,0.0,0.2803693497821459,0.004672822496369098
688,11:28,11,28,688,0.0301643431389518,0.0,0.0,0.25,0.0,0.0,0.0,0.0,0.0,0.2801643431389518,0.0046694057189825295
689,11:29,11,29,689,0.030041113957362784,0.0,0.0,0.25,0.0,0.0,0.0,0.0,0.0,0.2800411139573628,0.00466735189928938
690,11:30,11,30,690,0.03,0.0,0.0,0.25,0.0,0.0,0.0,0.0,0.0,0.28,0.004666666666666667
691,11:31,11,31,691,0.030041113957362784,0.0,0.0,0.25,0.0,0.0,0.0,0.0,0.0,0.2800411139573628,0.00466735189928938
692,11:32,11,32,692,0.0301643431389518,0.0,0.0,0.25,0.0,0.0,0.0,0.0,0.0,0.2801643431389518,0.0046694057189825295
693,11:33,11,33,693,0.03036934978214587,0.0,0.0,0.25,0.0,0.0,0.0,0.0,0.0,0.2803693497821459,0.004672822496369098
694,11:34,11,34,694,0.030655571977985838,0.0,0.0,0.25,0.0,0.0,0.0,0.0,0.0,0.28065557197798585,0.004677592866299764
695,11:35,11,35,695,0.031022225211327942,0.0,0.0,0.25,0.0,0.0,0.0,0.0,0.0,0.2810222252113279,0.004683703753522132
696,11:36,11,36,696,0.03146830451114539,0.0,0.0,0.25,0.0,0.0,0.0,0.0,0.0,0.2814683045111454,0.00469113840851909
697,11:37,11,37,697,0.031992587205083946,0.0,0.0,0.25,0.0,0.0,0.0,0.0,0.0,0.28199258720508397,0.004699876453418066
698,11:38,11,38,698,0.03259363627072197,0.0,0.0,0.25,0.0,0.0,0.0,0.0,0.0,0.282593636270722,0.004709893937845366
699,11:39,11,39,699,0.03326980427434895,0.0,0.0,0.25,0.0,0.0,0.0,0.0,0.0,0.28326980427434895,0.004721163404572483
700,11:40,11,40,700,0.03401923788646684,0.0,0.0,0.25,0.0,0.0,0.0,0.0,0.0,0.2840192378864668,0.004733653964774447
701,11:41,11,41,701,0.03483988296163727,0.0,0.0,0.25,0.0,0.0,0.0,0.0,0.0,0.28483988296163726,0.004747331382693954
702,11:42,11,42,702,0.03572949016875158,0.0,0.0,0.25,0.0,0.0,0.0,0.0,0.0,0.2857294901687516,0.0047621581694791935
703,11:43,11,43,703,0.036685621156290864,0.0,0.0,0.25,0.0,0.0,0.0,0.0,0.0,0.28668562115629087,0.004778093685938181
704,11:44,11,44,704,0.037705655235678176,0.0,0.0,0.25,0.0,0.0,0.0,0.0,0.0,0.28770565523567815,0.004795094253927969
705,11:45,11,45,705,0.03878679656440357,0.0,0.0,0.25,0.0,0.024,0.0,0.0,0.0,0.3127867965644036,0.0052131132760733934
706,11:46,11,46,706,0.03992608180923423,0.0,0.0,0.25,0.0,0.024,0.0,0.0,0.0,0.31392608180923426,0.005232101363487238
707,11:47,11,47,707,0.041120388268504886,0.0,0.0,0.25,0.0,0.0,0.0,0.0,0.0,0.2911203882685049,0.004852006471141748
708,11:48,11,48,708,0.0423664424312258,0.0,0.0,0.25,0.0,0.0,0.0,0.0,0.0,0.2923664424312258,0.00487277404052043
709,11:49,11,49,709,0.043660828949549195,0.0,0.0,0.25,0.0,0.0,0.0,0.0,0.0,0.2936608289495492,0.004894347149159153
710,11:50,11,50,710,0.04499999999999999,0.0,0.0,0.25,0.0,0.0,0.0,0.0,0.0,0.295,0.004916666666666666
711,11:51,11,51,711,0.04638028500781359,0.0,0.0,0.25,0.0,0.0,0.0,0.0,0.0,0.2963802850078136,0.0049396714167968935
712,11:52,11,52,712,0.047797900707726,0.0,0.0,0.25,0.0,0.0,0.0,0.0,0.0,0.297797900707726,0.004963298345128766
713,11:53,11,53,713,0.04924896151364098,0.0,0.0,0.25,0.0,0.0,0.0,0.0,0.0,0.299248961513641,0.004987482691894017
714,11:54,11,54,714,0.05072949016875157,0.0,0.0,0.25,0.0,0.0,0.0,0.0,0.0,0.30072949016875156,0.005012158169479193
715,11:55,11,55,715,0.052235428646924376,0.0,0.0,0.25,0.0,0.0,0.0,0.0,0.0,0.3022354286469244,0.005037257144115406
716,11:56,11,56,716,0.0537626492754672,0.0,0.0,0.25,0.0,0.0,0.0,0.0,0.0,0.3037626492754672,0.005062710821257786
717,11:57,11,57,717,0.055306966048793066,0.0,0.0,0.25,0.0,0.0,0.0,0.0,0.0,0.30530696604879304,0.00508844943414655
718,11:58,11,58,718,0.05686414610197037,0.0,0.0,0.25,0.0,0.0,0.0,0.0,0.0,0.3068641461019704,0.005114402435032839
719,11:59,11,59,719,0.0584299213127117,0.0,0.0,0.25,0.0,0.0,0.0,0.0,0.0,0.3084299213127117,0.005140498688545195
720,12:00,12,0,720,0.06,0.0,0.0,0.02,0.0,0.024,0.0,0.0,0.0,0.10400000000000001,0.0017333333333333335
721,12:01,12,1,721,0.061570078687288324,0.0,0.0,0.02,0.0,0.024,0.0,0.0,0.0,0.10557007868728832,0.0017595013114548054
722,12:02,12,2,722,0.0631358538980296,0.0,0.0,0.02,0.0,0.0,0.0,0.0,0.0,0.0831358538980296,0.00138559756496716
723,12:03,12,3,723,0.06469303395120693,0.0,0.0,0.02,0.0,0.0,0.0,0.0,0.0,0.08469303395120693,0.0014115505658534489
724,12:04,12,4,724,0.06623735072453277,0.0,0.0,0.02,0.0,0.0,0.0,0.0,0.0,0.08623735072453277,0.0014372891787422129
725,12:05,12,5,725,0.06776457135307562,0.0,0.0,0.02,0.0,0.0,0.0,0.0,0.0,0.08776457135307562,0.0014627428558845936
726,12:06,12,6,726,0.06927050983124841,0.0,0.0,0.02,0.0,0.0,0.0,0.0,0.0,0.08927050983124842,0.0014878418305208068
727,12:07,12,7,727,0.07075103848635901,0.0,0.0,0.02,0.0,0.0,0.0,0.0,0.0,0.09075103848635901,0.0015125173081059835
728,12:08,12,8,728,0.072202099292274,0.0,0.0,0.02,0.0,0.0,0.0,0.0,0.0,0.092202099292274,0.0015367016548712333
729,12:09,12,9,729,0.0736197149921864,0.0,0.0,0.02,0.0,0.0,0.0,0.0,0.0,0.09361971499218641,0.0015603285832031068
730,12:10,12,10,730,0.075,0.0,0.0,0.02,0.0,0.0,0.0,0.0,0.0,0.095,0.0015833333333333333
731,12:11,12,11,731,0.07633917105045081,0.0,0.0,0.02,0.0,0.0,0.0,0.0,0.0,0.09633917105045081,0.0016056528508408467
732,12:12,12,12,732,0.0776335575687742,0.0,0.0,0.02,0.0,0.0,0.0,0.0,0.0,0.0976335575687742,0.00162722595947957
733,12:13,12,13,733,0.07887961173149512,0.0,0.0,0.02,0.0,0.0,0.0,0.0,0.0,0.09887961173149512,0.001647993528858252
734,12:14,12,14,734,0.08007391819076574,0.0,0.0,0.02,0.0,0.0,0.0,0.0,0.0,0.10007391819076575,0.0016678986365127625
735,12:15,12,15,735,0.08121320343559643,0.0,0.0,0.02,0.0,0.0,0.0,0.0,0.0,0.10121320343559644,0.0016868867239266073
736,12:16,12,16,736,0.08229434476432182,0.0,0.0,0.02,0.0,0.0,0.0,0.0,0.0,0.10229434476432182,0.0017049057460720304
737,12:17,12,17,737,0.08331437884370912,0.0,0.0,0.02,0.0,0.0,0.0,0.0,0.0,0.10331437884370913,0.0017219063140618187
738,12:18,12,18,738,0.08427050983124844,0.0,0.0,0.02,0.0,0.0,0.0,0.0,0.0,0.10427050983124844,0.0017378418305208072
739,12:19,12,19,739,0.08516011703836271,0.0,0.0,0.02,0.0,0.0,0.0,0.0,0.0,0.10516011703836271,0.0017526686173060452
740,12:20,12,20,740,0.08598076211353316,0.0,0.0,0.02,0.0,0.0,0.0,0.0,0.0,0.10598076211353316,0.0017663460352255527
741,12:21,12,21,741,0.08673019572565104,0.0,0.0,0.02,0.0,0.0,0.0,0.0,0.0,0.10673019572565104,0.0017788365954275172
742,12:22,12,22,742,0.08740636372927803,0.0,0.0,0.02,0.0,0.0,0.0,0.0,0.0,0.10740636372927803,0.0017901060621546337
743,12:23,12,23,743,0.08800741279491606,0.0,0.0,0.02,0.0,0.0,0.0,0.0,0.0,0.10800741279491606,0.0018001235465819343
744,12:24,12,24,744,0.0885316954888546,0.0,0.0,0.02,0.0,0.0,0.0,0.0,0.0,0.10853169548885461,0.0018088615914809102
745,12:25,12,25,745,0.08897777478867205,0.0,0.0,0.02,0.0,0.0,0.0,0.0,0.0,0.10897777478867206,0.0018162962464778676
746,12:26,12,26,746,0.08934442802201417,0.0,0.0,0.02,0.0,0.0,0.0,0.0,0.0,0.10934442802201418,0.0018224071337002363
747,12:27,12,27,747,0.08963065021785414,0.0,0.0,0.02,0.0,0.0,0.0,0.0,0.0,0.10963065021785415,0.0018271775036309025
748,12:28,12,28,748,0.08983565686104819,0.0,0.0,0.02,0.0,0.0,0.0,0.0,0.0,0.1098356568610482,0.00183059428101747
749,12:29,12,29,749,0.08995888604263721,0.0,0.0,0.02,0.0,0.0,0.0,0.0,0.0,0.10995888604263722,0.0018326481007106203
750,12:30,12,30,750,0.09,0.0,0.0,0.02,0.0,0.0,0.0,0.0,0.0,0.11,0.0018333333333333333
751,12:31,12,31,751,0.08995888604263721,0.0,0.0,0.02,0.0,0.0,0.0,0.0,0.0,0.10995888604263722,0.0018326481007106203
752,12:32,12,32,752,0.0898356568610482,0.0,0.0,0.02,0.0,0.0,0.0,0.0,0.0,0.10983565686104821,0.0018305942810174702
753,12:33,12,33,753,0.08963065021785413,0.0,0.0,0.02,0.0,0.0,0.0,0.0,0.0,0.10963065021785413,0.001827177503630902
754,12:34,12,34,754,0.08934442802201417,0.0,0.0,0.02,0.0,0.0,0.0,0.0,0.0,0.10934442802201418,0.0018224071337002363
755,12:35,12,35,755,0.08897777478867205,0.0,0.0,0.02,0.0,0.0,0.0,0.0,0.0,0.10897777478867206,0.0018162962464778676
756,12:36,12,36,756,0.0885316954888546,0.0,0.0,0.02,0.0,0.0,0.0,0.0,0.0,0.10853169548885461,0.0018088615914809102
757,12:37,12,37,757,0.08800741279491606,0.0,0.0,0.02,0.0,0.0,0.0,0.0,0.0,0.10800741279491606,0.0018001235465819343
758,12:38,12,38,758,0.08740636372927803,0.0,0.0,0.02,0.0,0.0,0.0,0.0,0.0,0.10740636372927803,0.0017901060621546337
759,12:39,12,39,759,0.08673019572565105,0.0,0.0,0.02,0.0,0.0,0.0,0.0,0.0,0.10673019572565105,0.0017788365954275176
760,12:40,12,40,760,0.08598076211353316,0.0,0.0,0.02,0.0,0.0,0.0,0.0,0.0,0.10598076211353316,0.0017663460352255527
761,12:41,12,41,761,0.08516011703836271,0.0,0.0,0.02,0.0,0.0,0.0,0.0,0.0,0.10516011703836271,0.0017526686173060452
762,12:42,12,42,762,0.08427050983124844,0.0,0.0,0.02,0.0,0.0,0.0,0.0,0.0,0.10427050983124844,0.0017378418305208072
763,12:43,12,43,763,0.08331437884370914,0.0,0.0,0.02,0.0,0.0,0.0,0.0,0.0,0.10331437884370914,0.001721906314061819
764,12:44,12,44,764,0.08229434476432183,0.0,0.0,0.02,0.0,0.0,0.0,0.0,0.0,0.10229434476432184,0.0017049057460720306
765,12:45,12,45,765,0.08121320343559643,0.0,0.0,0.02,0.0,0.024,0.0,0.0,0.0,0.12521320343559644,0.0020868867239266075
766,12:46,12,46,766,0.08007391819076574,0.0,0.0,0.02,0.0,0.024,0.0,0.0,0.0,0.12407391819076574,0.0020678986365127625
767,12:47,12,47,767,0.07887961173149512,0.0,0.0,0.02,0.0,0.0,0.0,0.0,0.0,0.09887961173149512,0.001647993528858252
768,12:48,12,48,768,0.0776335575687742,0.0,0.0,0.02,0.0,0.0,0.0,0.0,0.0,0.0976335575687742,0.00162722595947957
769,12:49,12,49,769,0.07633917105045082,0.0,0.0,0.02,0.0,0.0,0.0,0.0,0.0,0.09633917105045083,0.0016056528508408472
770,12:50,12,50,770,0.075,0.0,0.0,0.02,0.0,0.0,0.0,0.0,0.0,0.095,0.0015833333333333333
771,12:51,12,51,771,0.0736197149921864,0.0,0.0,0.02,0.0,0.0,0.0,0.0,0.0,0.09361971499218641,0.0015603285832031068
772,12:52,12,52,772,0.072202099292274,0.0,0.0,0.02,0.0,0.0,0.0,0.0,0.0,0.092202099292274,0.0015367016548712333
773,12:53,12,53,773,0.07075103848635902,0.0,0.0,0.02,0.0,0.0,0.0,0.0,0.0,0.09075103848635903,0.0015125173081059838
774,12:54,12,54,774,0.06927050983124844,0.0,0.0,0.02,0.0,0.0,0.0,0.0,0.0,0.08927050983124844,0.0014878418305208075
775,12:55,12,55,775,0.06776457135307562,0.0,0.0,0.02,0.0,0.0,0.0,0.0,0.0,0.08776457135307562,0.0014627428558845936
776,12:56,12,56,776,0.06623735072453277,0.0,0.0,0.02,0.0,0.0,0.0,0.0,0.0,0.08623735072453277,0.0014372891787422129
777,12:57,12,57,777,0.06469303395120693,0.0,0.0,0.02,0.0,0.0,0.0,0.0,0.0,0.08469303395120693,0.0014115505658534489
778,12:58,12,58,778,0.06313585389802961,0.0,0.0,0.02,0.0,0.0,0.0,0.0,0.0,0.08313585389802962,0.0013855975649671602
779,12:59,12,59,779,0.06157007868728833,0.0,0.0,0.02,0.0,0.0,0.0,0.0,0.0,0.08157007868728833,0.0013595013114548055
780,13:00,13,0,780,0.060000000000000005,0.0,0.0,0.02,0.0,0.024,0.0,0.0,0.0,0.10400000000000001,0.0017333333333333335
781,13:01,13,1,781,0.05842992131271169,0.0,0.0,0.02,0.0,0.024,0.0,0.0,0.0,0.1024299213127117,0.0017071653552118615
782,13:02,13,2,782,0.056864146101970395,0.0,0.0,0.02,0.0,0.0,0.0,0.0,0.0,0.0768641461019704,0.0012810691016995066
783,13:03,13,3,783,0.05530696604879308,0.0,0.0,0.02,0.0,0.0,0.0,0.0,0.0,0.07530696604879308,0.0012551161008132181
784,13:04,13,4,784,0.05376264927546723,0.0,0.0,0.02,0.0,0.0,0.0,0.0,0.0,0.07376264927546723,0.001229377487924454
785,13:05,13,5,785,0.05223542864692439,0.0,0.0,0.02,0.0,0.0,0.0,0.0,0.0,0.0722354286469244,0.0012039238107820732
786,13:06,13,6,786,0.05072949016875157,0.0,0.0,0.02,0.0,0.0,0.0,0.0,0.0,0.07072949016875157,0.0011788248361458596
787,13:07,13,7,787,0.049248961513640985,0.0,0.0,0.02,0.0,0.0,0.0,0.0,0.0,0.06924896151364099,0.001154149358560683
788,13:08,13,8,788,0.04779790070772601,0.0,0.0,0.02,0.0,0.0,0.0,0.0,0.0,0.06779790070772601,0.0011299650117954335
789,13:09,13,9,789,0.04638028500781361,0.0,0.0,0.02,0.0,0.0,0.0,0.0,0.0,0.06638028500781361,0.0011063380834635602
790,13:10,13,10,790,0.045,0.0,0.0,0.02,0.0,0.0,0.0,0.0,0.0,0.065,0.0010833333333333333
791,13:11,13,11,791,0.043660828949549195,0.0,0.0,0.02,0.0,0.0,0.0,0.0,0.0,0.06366082894954919,0.0010610138158258199
792,13:12,13,12,792,0.04236644243122581,0.0,0.0,0.02,0.0,0.0,0.0,0.0,0.0,0.06236644243122581,0.0010394407071870968
793,13:13,13,13,793,0.041120388268504886,0.0,0.0,0.02,0.0,0.0,0.0,0.0,0.0,0.06112038826850488,0.0010186731378084147
794,13:14,13,14,794,0.03992608180923425,0.0,0.0,0.02,0.0,0.0,0.0,0.0,0.0,0.059926081809234255,0.0009987680301539043
795,13:15,13,15,795,0.03878679656440357,0.0,0.0,0.02,0.0,0.0,0.0,0.0,0.0,0.05878679656440357,0.0009797799427400595
796,13:16,13,16,796,0.037705655235678176,0.0,0.0,0.02,0.0,0.0,0.0,0.0,0.0,0.05770565523567818,0.0009617609205946363
797,13:17,13,17,797,0.036685621156290864,0.0,0.0,0.02,0.0,0.0,0.0,0.0,0.0,0.05668562115629086,0.0009447603526048477
798,13:18,13,18,798,0.035729490168751585,0.0,0.0,0.02,0.0,0.0,0.0,0.0,0.0,0.05572949016875159,0.0009288248361458598
799,13:19,13,19,799,0.03483988296163728,0.0,0.0,0.02,0.0,0.0,0.0,0.0,0.0,0.054839882961637276,0.0009139980493606212
800,13:20,13,20,800,0.034019237886466845,0.0,0.0,0.02,0.0,0.0,0.0,0.0,0.0,0.05401923788646684,0.000900320631441114
801,13:21,13,21,801,0.033269804274348974,0.0,0.0,0.02,0.0,0.0,0.0,0.0,0.0,0.05326980427434898,0.0008878300712391496
802,13:22,13,22,802,0.032593636270721975,0.0,0.0,0.02,0.0,0.0,0.0,0.0,0.0,0.05259363627072197,0.0008765606045120328
803,13:23,13,23,803,0.03199258720508395,0.0,0.0,0.02,0.0,0.0,0.0,0.0,0.0,0.05199258720508396,0.0008665431200847326
804,13:24,13,24,804,0.03146830451114539,0.0,0.0,0.02,0.0,0.0,0.0,0.0,0.0,0.051468304511145396,0.0008578050751857566
805,13:25,13,25,805,0.03102222521132795,0.0,0.0,0.02,0.0,0.0,0.0,0.0,0.0,0.051022225211327946,0.000850370420188799
806,13:26,13,26,806,0.030655571977985838,0.0,0.0,0.02,0.0,0.0,0.0,0.0,0.0,0.05065557197798584,0.0008442595329664306
807,13:27,13,27,807,0.030369349782145873,0.0,0.0,0.02,0.0,0.0,0.0,0.0,0.0,0.05036934978214587,0.0008394891630357645
808,13:28,13,28,808,0.0301643431389518,0.0,0.0,0.02,0.0,0.0,0.0,0.0,0.0,0.0501643431389518,0.0008360723856491967
809,13:29,13,29,809,0.030041113957362784,0.0,0.0,0.02,0.0,0.0,0.0,0.0,0.0,0.050041113957362784,0.0008340185659560464
810,13:30,13,30,810,0.03,0.0,0.0,0.02,0.0,0.0,0.0,0.0,0.0,0.05,0.0008333333333333334
811,13:31,13,31,811,0.030041113957362784,0.0,0.0,0.02,0.0,0.0,0.0,0.0,0.0,0.050041113957362784,0.0008340185659560464
812,13:32,13,32,812,0.0301643431389518,0.0,0.0,0.02,0.0,0.0,0.0,0.0,0.0,0.0501643431389518,0.0008360723856491967
813,13:33,13,33,813,0.03036934978214587,0.0,0.0,0.02,0.0,0.0,0.0,0.0,0.0,0.05036934978214587,0.0008394891630357645
814,13:34,13,34,814,0.030655571977985838,0.0,0.0,0.02,0.0,0.0,0.0,0.0,0.0,0.05065557197798584,0.0008442595329664306
815,13:35,13,35,815,0.031022225211327942,0.0,0.0,0.02,0.0,0.0,0.0,0.0,0.0,0.051022225211327946,0.000850370420188799
816,13:36,13,36,816,0.03146830451114539,0.0,0.0,0.02,0.0,0.0,0.0,0.0,0.0,0.051468304511145396,0.0008578050751857566
817,13:37,13,37,817,0.031992587205083946,0.0,0.0,0.02,0.0,0.0,0.0,0.0,0.0,0.05199258720508394,0.0008665431200847324
818,13:38,13,38,818,0.03259363627072197,0.0,0.0,0.02,0.0,0.0,0.0,0.0,0.0,0.05259363627072197,0.0008765606045120328
819,13:39,13,39,819,0.03326980427434895,0.0,0.0,0.02,0.0,0.0,0.0,0.0,0.0,0.05326980427434895,0.0008878300712391492
820,13:40,13,40,820,0.03401923788646684,0.0,0.0,0.02,0.0,0.0,0.0,0.0,0.0,0.05401923788646684,0.000900320631441114
821,13:41,13,41,821,0.03483988296163727,0.0,0.0,0.02,0.0,0.0,0.0,0.0,0.0,0.054839882961637276,0.0009139980493606212
822,13:42,13,42,822,0.03572949016875158,0.0,0.0,0.02,0.0,0.0,0.0,0.0,0.0,0.055729490168751575,0.0009288248361458596
823,13:43,13,43,823,0.036685621156290864,0.0,0.0,0.02,0.0,0.0,0.0,0.0,0.0,0.05668562115629086,0.0009447603526048477
824,13:44,13,44,824,0.037705655235678176,0.0,0.0,0.02,0.0,0.0,0.0,0.0,0.0,0.05770565523567818,0.0009617609205946363
825,13:45,13,45,825,0.03878679656440357,0.0,0.0,0.02,0.0,0.024,0.0,0.0,0.0,0.08278679656440358,0.0013797799427400597
826,13:46,13,46,826,0.03992608180923423,0.0,0.0,0.02,0.0,0.024,0.0,0.0,0.0,0.08392608180923422,0.0013987680301539036
827,13:47,13,47,827,0.041120388268504886,0.0,0.0,0.02,0.0,0.0,0.0,0.0,0.0,0.06112038826850488,0.0010186731378084147
828,13:48,13,48,828,0.0423664424312258,0.0,0.0,0.02,0.0,0.0,0.0,0.0,0.0,0.0623664424312258,0.0010394407071870966
829,13:49,13,49,829,0.043660828949549195,0.0,0.0,0.02,0.0,0.0,0.0,0.0,0.0,0.06366082894954919,0.0010610138158258199
830,13:50,13,50,830,0.04499999999999999,0.0,0.0,0.02,0.0,0.0,0.0,0.0,0.0,0.06499999999999999,0.001083333333333333
831,13:51,13,51,831,0.04638028500781359,0.0,0.0,0.02,0.0,0.0,0.0,0.0,0.0,0.0663802850078136,0.00110633808346356
832,13:52,13,52,832,0.047797900707726,0.0,0.0,0.02,0.0,0.0,0.0,0.0,0.0,0.067797900707726,0.0011299650117954333
833,13:53,13,53,833,0.04924896151364098,0.0,0.0,0.02,0.0,0.0,0.0,0.0,0.0,0.06924896151364097,0.0011541493585606828
834,13:54,13,54,834,0.05072949016875157,0.0,0.0,0.02,0.0,0.0,0.0,0.0,0.0,0.07072949016875157,0.0011788248361458596
835,13:55,13,55,835,0.052235428646924376,0.0,0.0,0.02,0.0,0.0,0.0,0.0,0.0,0.07223542864692438,0.001203923810782073
836,13:56,13,56,836,0.0537626492754672,0.0,0.0,0.02,0.0,0.0,0.0,0.0,0.0,0.0737626492754672,0.0012293774879244535
837,13:57,13,57,837,0.055306966048793066,0.0,0.0,0.02,0.0,0.0,0.0,0.0,0.0,0.07530696604879307,0.0012551161008132177
838,13:58,13,58,838,0.05686414610197037,0.0,0.0,0.02,0.0,0.0,0.0,0.0,0.0,0.07686414610197037,0.0012810691016995062
839,13:59,13,59,839,0.0584299213127117,0.0,0.0,0.02,0.0,0.0,0.0,0.0,0.0,0.0784299213127117,0.0013071653552118618
840,14:00,14,0,840,0.06,0.0,0.0,0.02,0.0,0.024,0.0,0.0,0.0,0.10400000000000001,0.0017333333333333335
841,14:01,14,1,841,0.061570078687288324,0.0,0.0,0.02,0.0,0.024,0.0,0.0,0.0,0.10557007868728832,0.0017595013114548054
842,14:02,14,2,842,0.0631358538980296,0.0,0.0,0.02,0.0,0.0,0.0,0.0,0.0,0.0831358538980296,0.00138559756496716
843,14:03,14,3,843,0.06469303395120693,0.0,0.0,0.02,0.0,0.0,0.0,0.0,0.0,0.08469303395120693,0.0014115505658534489
844,14:04,14,4,844,0.06623735072453277,0.0,0.0,0.02,0.0,0.0,0.0,0.0,0.0,0.08623735072453277,0.0014372891787422129
845,14:05,14,5,845,0.06776457135307562,0.0,0.0,0.02,0.0,0.0,0.0,0.0,0.0,0.08776457135307562,0.0014627428558845936
846,14:06,14,6,846,0.06927050983124841,0.0,0.0,0.02,0.0,0.0,0.0,0.0,0.0,0.08927050983124842,0.0014878418305208068
847,14:07,14,7,847,0.07075103848635901,0.0,0.0,0.02,0.0,0.0,0.0,0.0,0.0,0.09075103848635901,0.0015125173081059835
848,14:08,14,8,848,0.072202099292274,0.0,0.0,0.02,0.0,0.0,0.0,0.0,0.0,0.092202099292274,0.0015367016548712333
849,14:09,14,9,849,0.0736197149921864,0.0,0.0,0.02,0.0,0.0,0.0,0.0,0.0,0.09361971499218641,0.0015603285832031068
850,14:10,14,10,850,0.075,0.0,0.0,0.02,0.0,0.0,0.0,0.0,0.0,0.095,0.0015833333333333333
851,14:11,14,11,851,0.07633917105045081,0.0,0.0,0.02,0.0,0.0,0.0,0.0,0.0,0.09633917105045081,0.0016056528508408467
852,14:12,14,12,852,0.0776335575687742,0.0,0.0,0.02,0.0,0.0,0.0,0.0,0.0,0.0976335575687742,0.00162722595947957
853,14:13,14,13,853,0.07887961173149512,0.0,0.0,0.02,0.0,0.0,0.0,0.0,0.0,0.09887961173149512,0.001647993528858252
854,14:14,14,14,854,0.08007391819076574,0.0,0.0,0.02,0.0,0.0,0.0,0.0,0.0,0.10007391819076575,0.0016678986365127625
855,14:15,14,15,855,0.08121320343559643,0.0,0.0,0.02,0.0,0.0,0.0,0.0,0.0,0.10121320343559644,0.0016868867239266073
856,14:16,14,16,856,0.08229434476432182,0.0,0.0,0.02,0.0,0.0,0.0,0.0,0.0,0.10229434476432182,0.0017049057460720304
857,14:17,14,17,857,0.08331437884370912,0.0,0.0,0.02,0.0,0.0,0.0,0.0,0.0,0.10331437884370913,0.0017219063140618187
858,14:18,14,18,858,0.08427050983124844,0.0,0.0,0.02,0.0,0.0,0.0,0.0,0.0,0.10427050983124844,0.0017378418305208072
859,14:19,14,19,859,0.08516011703836271,0.0,0.0,0.02,0.0,0.0,0.0,0.0,0.0,0.10516011703836271,0.0017526686173060452
860,14:20,14,20,860,0.08598076211353316,0.0,0.0,0.02,0.0,0.0,0.0,0.0,0.0,0.10598076211353316,0.0017663460352255527
861,14:21,14,21,861,0.08673019572565104,0.0,0.0,0.02,0.0,0.0,0.0,0.0,0.0,0.10673019572565104,0.0017788365954275172
862,14:22,14,22,862,0.08740636372927803,0.0,0.0,0.02,0.0,0.0,0.0,0.0,0.0,0.10740636372927803,0.0017901060621546337
863,14:23,14,23,863,0.08800741279491606,0.0,0.0,0.02,0.0,0.0,0.0,0.0,0.0,0.10800741279491606,0.0018001235465819343
864,14:24,14,24,864,0.0885316954888546,0.0,0.0,0.02,0.0,0.0,0.0,0.0,0.0,0.10853169548885461,0.0018088615914809102
865,14:25,14,25,865,0.08897777478867205,0.0,0.0,0.02,0.0,0.0,0.0,0.0,0.0,0.10897777478867206,0.0018162962464778676
866,14:26,14,26,866,0.08934442802201417,0.0,0.0,0.02,0.0,0.0,0.0,0.0,0.0,0.10934442802201418,0.0018224071337002363
867,14:27,14,27,867,0.08963065021785414,0.0,0.0,0.02,0.0,0.0,0.0,0.0,0.0,0.10963065021785415,0.0018271775036309025
868,14:28,14,28,868,0.08983565686104819,0.0,0.0,0.02,0.0,0.0,0.0,0.0,0.0,0.1098356568610482,0.00183059428101747
869,14:29,14,29,869,0.08995888604263721,0.0,0.0,0.02,0.0,0.0,0.0,0.0,0.0,0.10995888604263722,0.0018326481007106203
870,14:30,14,30,870,0.09,0.0,0.0,0.02,0.0,0.0,0.0,0.0,0.0,0.11,0.0018333333333333333
871,14:31,14,31,871,0.08995888604263721,0.0,0.0,0.02,0.0,0.0,0.0,0.0,0.0,0.10995888604263722,0.0018326481007106203
872,14:32,14,32,872,0.0898356568610482,0.0,0.0,0.02,0.0,0.0,0.0,0.0,0.0,0.10983565686104821,0.0018305942810174702
873,14:33,14,33,873,0.08963065021785413,0.0,0.0,0.02,0.0,0.0,0.0,0.0,0.0,0.10963065021785413,0.001827177503630902
874,14:34,14,34,874,0.08934442802201417,0.0,0.0,0.02,0.0,0.0,0.0,0.0,0.0,0.10934442802201418,0.0018224071337002363
875,14:35,14,35,875,0.08897777478867205,0.0,0.0,0.02,0.0,0.0,0.0,0.0,0.0,0.10897777478867206,0.0018162962464778676
876,14:36,14,36,876,0.0885316954888546,0.0,0.0,0.02,0.0,0.0,0.0,0.0,0.0,0.10853169548885461,0.0018088615914809102
877,14:37,14,37,877,0.08800741279491606,0.0,0.0,0.02,0.0,0.0,0.0,0.0,0.0,0.10800741279491606,0.0018001235465819343
878,14:38,14,38,878,0.08740636372927803,0.0,0.0,0.02,0.0,0.0,0.0,0.0,0.0,0.10740636372927803,0.0017901060621546337
879,14:39,14,39,879,0.08673019572565105,0.0,0.0,0.02,0.0,0.0,0.0,0.0,0.0,0.10673019572565105,0.0017788365954275176
880,14:40,14,40,880,0.08598076211353316,0.0,0.0,0.02,0.0,0.0,0.0,0.0,0.0,0.10598076211353316,0.0017663460352255527
881,14:41,14,41,881,0.08516011703836271,0.0,0.0,0.02,0.0,0.0,0.0,0.0,0.0,0.10516011703836271,0.0017526686173060452
882,14:42,14,42,882,0.08427050983124844,0.0,0.0,0.02,0.0,0.0,0.0,0.0,0.0,0.10427050983124844,0.0017378418305208072
883,14:43,14,43,883,0.08331437884370914,0.0,0.0,0.02,0.0,0.0,0.0,0.0,0.0,0.10331437884370914,0.001721906314061819
884,14:44,14,44,884,0.08229434476432183,0.0,0.0,0.02,0.0,0.0,0.0,0.0,0.0,0.10229434476432184,0.0017049057460720306
885,14:45,14,45,885,0.08121320343559643,0.0,0.0,0.02,0.0,0.024,0.0,0.0,0.0,0.12521320343559644,0.0020868867239266075
886,14:46,14,46,886,0.08007391819076574,0.0,0.0,0.02,0.0,0.024,0.0,0.0,0.0,0.12407391819076574,0.0020678986365127625
887,14:47,14,47,887,0.07887961173149512,0.0,0.0,0.02,0.0,0.0,0.0,0.0,0.0,0.09887961173149512,0.001647993528858252
888,14:48,14,48,888,0.0776335575687742,0.0,0.0,0.02,0.0,0.0,0.0,0.0,0.0,0.0976335575687742,0.00162722595947957
889,14:49,14,49,889,0.07633917105045082,0.0,0.0,0.02,0.0,0.0,0.0,0.0,0.0,0.09633917105045083,0.0016056528508408472
890,14:50,14,50,890,0.075,0.0,0.0,0.02,0.0,0.0,0.0,0.0,0.0,0.095,0.0015833333333333333
891,14:51,14,51,891,0.0736197149921864,0.0,0.0,0.02,0.0,0.0,0.0,0.0,0.0,0.09361971499218641,0.0015603285832031068
892,14:52,14,52,892,0.072202099292274,0.0,0.0,0.02,0.0,0.0,0.0,0.0,0.0,0.092202099292274,0.0015367016548712333
893,14:53,14,53,893,0.07075103848635902,0.0,0.0,0.02,0.0,0.0,0.0,0.0,0.0,0.09075103848635903,0.0015125173081059838
894,14:54,14,54,894,0.06927050983124844,0.0,0.0,0.02,0.0,0.0,0.0,0.0,0.0,0.08927050983124844,0.0014878418305208075
895,14:55,14,55,895,0.06776457135307562,0.0,0.0,0.02,0.0,0.0,0.0,0.0,0.0,0.08776457135307562,0.0014627428558845936
896,14:56,14,56,896,0.06623735072453277,0.0,0.0,0.02,0.0,0.0,0.0,0.0,0.0,0.08623735072453277,0.0014372891787422129
897,14:57,14,57,897,0.06469303395120693,0.0,0.0,0.02,0.0,0.0,0.0,0.0,0.0,0.08469303395120693,0.0014115505658534489
898,14:58,14,58,898,0.06313585389802961,0.0,0.0,0.02,0.0,0.0,0.0,0.0,0.0,0.08313585389802962,0.0013855975649671602
899,14:59,14,59,899,0.06157007868728833,0.0,0.0,0.02,0.0,0.0,0.0,0.0,0.0,0.08157007868728833,0.0013595013114548055
900,15:00,15,0,900,0.060000000000000005,0.0,0.0,0.8,0.0,0.024,0.2316894987175192,1.85,0.38,3.3456894987175194,0.05576149164529199
901,15:01,15,1,901,0.05842992131271169,0.0,0.0,0.25,0.0,0.024,0.2101723626139741,0.37,0.0,0.9126022839266857,0.015210038065444763
902,15:02,15,2,902,0.056864146101970395,0.0,0.0,0.25,0.0,0.0,0.0,0.37,0.38,1.0568641461019705,0.01761440243503284
903,15:03,15,3,903,0.05530696604879308,0.0,0.0,0.25,0.0,0.0,0.2343301012161978,0.37,0.0,0.9096370672649908,0.015160617787749847
904,15:04,15,4,904,0.05376264927546723,0.0,0.0,0.25,0.0,0.0,0.21722906952643475,0.37,0.38,1.270991718801902,0.021183195313365034
905,15:05,15,5,905,0.05223542864692439,0.0,0.0,0.25,0.0,0.0,0.0,0.37,0.0,0.6722354286469243,0.011203923810782071
906,15:06,15,6,906,0.05072949016875157,0.0,0.0,0.25,0.0,0.0,0.20665618131320224,0.37,0.38,1.2573856714819538,0.02095642785803256
907,15:07,15,7,907,0.049248961513640985,0.0,0.0,0.25,0.0,0.0,0.20256959667050897,0.37,0.0,0.87181855818415,0.014530309303069167
908,15:08,15,8,908,0.04779790070772601,0.0,0.0,0.25,0.0,0.0,0.0,0.37,0.38,1.0477979007077258,0.017463298345128764
909,15:09,15,9,909,0.04638028500781361,0.0,0.0,0.25,0.0,0.0,0.20340270268116648,0.37,0.0,0.8697829876889801,0.014496383128149668
910,15:10,15,10,910,0.045,0.0,0.0,0.25,0.0,0.0,0.205837813295517,0.37,0.38,1.250837813295517,0.020847296888258614
911,15:11,15,11,911,0.043660828949549195,0.0,0.0,0.25,0.0,0.0,0.0,0.37,0.0,0.6636608289495491,0.011061013815825818
912,15:12,15,12,912,0.04236644243122581,0.0,0.0,0.25,0.0,0.0,0.20870538284365756,0.37,0.38,1.2510718252748834,0.020851197087914723
913,15:13,15,13,913,0.041120388268504886,0.0,0.0,0.25,0.0,0.0,0.21719134255892947,0.37,0.0,0.8783117308274343,0.014638528847123905
914,15:14,15,14,914,0.03992608180923425,0.0,0.0,0.25,0.0,0.0,0.0,0.37,0.38,1.0399260818092344,0.01733210136348724
915,15:15,15,15,915,0.03878679656440357,0.0,0.0,0.25,0.0,0.0,0.2215443397864423,0.37,0.0,0.8803311363508459,0.014672185605847432
916,15:16,15,16,916,0.037705655235678176,0.0,0.0,0.25,0.0,0.0,0.22464870972037354,0.37,0.0,0.8823543649560517,0.014705906082600861
917,15:17,15,17,917,0.036685621156290864,0.0,0.0,0.25,0.0,0.0,0.0,0.37,0.0,0.6566856211562908,0.010944760352604846
918,15:18,15,18,918,0.035729490168751585,0.0,0.0,0.25,0.0,0.0,0.2092080617172217,0.37,0.0,0.8649375518859733,0.014415625864766222
919,15:19,15,19,919,0.03483988296163728,0.0,0.0,0.25,0.0,0.0,0.2203757045958793,0.37,0.0,0.8752155875575166,0.014586926459291943
920,15:20,15,20,920,0.034019237886466845,0.0,0.0,0.25,0.0,0.0,0.0,0.37,0.0,0.6540192378864669,0.010900320631441114
921,15:21,15,21,921,0.033269804274348974,0.0,0.0,0.25,0.0,0.0,0.22773513452899635,0.37,0.0,0.8810049388033453,0.014683415646722422
922,15:22,15,22,922,0.032593636270721975,0.0,0.0,0.25,0.0,0.0,0.23054259886041464,0.37,0.0,0.8831362351311366,0.014718937252185609
923,15:23,15,23,923,0.03199258720508395,0.0,0.0,0.25,0.0,0.0,0.0,0.37,0.0,0.651992587205084,0.010866543120084733
924,15:24,15,24,924,0.03146830451114539,0.0,0.0,0.25,0.0,0.0,0.2136002145675399,0.37,0.0,0.8650685190786853,0.014417808651311422
925,15:25,15,25,925,0.03102222521132795,0.0,0.0,0.25,0.0,0.0,0.23477011339522763,0.37,0.0,0.8857923386065556,0.014763205643442592
926,15:26,15,26,926,0.030655571977985838,0.0,0.0,0.25,0.0,0.0,0.0,0.37,0.0,0.6506555719779858,0.01084425953296643
927,15:27,15,27,927,0.030369349782145873,0.0,0.0,0.25,0.0,0.0,0.2036498905268556,0.37,0.0,0.8540192403090014,0.014233654005150025
928,15:28,15,28,928,0.0301643431389518,0.0,0.0,0.25,0.0,0.0,0.21120127973911929,0.37,0.0,0.8613656228780711,0.014356093714634517
929,15:29,15,29,929,0.030041113957362784,0.0,0.0,0.25,0.0,0.0,0.0,0.37,0.0,0.6500411139573627,0.010834018565956045
930,15:30,15,30,930,0.03,0.0,0.0,0.25,0.0,0.0,0.22564345353392282,0.0,0.0,0.5056434535339228,0.008427390892232047
931,15:31,15,31,931,0.030041113957362784,0.0,0.0,0.25,0.0,0.0,0.2221511728514592,0.0,0.0,0.502192286808822,0.0083698714468137
932,15:32,15,32,932,0.0301643431389518,0.0,0.0,0.25,0.0,0.0,0.0,0.0,0.0,0.2801643431389518,0.0046694057189825295
933,15:33,15,33,933,0.03036934978214587,0.0,0.0,0.25,0.0,0.0,0.2112523233888593,0.0,0.0,0.4916216731710052,0.008193694552850087
934,15:34,15,34,934,0.030655571977985838,0.0,0.0,0.25,0.0,0.0,0.2256400469059089,0.0,0.0,0.5062956188838947,0.008438260314731579
935,15:35,15,35,935,0.031022225211327942,0.0,0.0,0.25,0.0,0.0,0.0,0.0,0.0,0.2810222252113279,0.004683703753522132
936,15:36,15,36,936,0.03146830451114539,0.0,0.0,0.25,0.0,0.0,0.22159487311907716,0.0,0.0,0.5030631776302226,0.008384386293837042
937,15:37,15,37,937,0.031992587205083946,0.0,0.0,0.25,0.0,0.0,0.2217941714931532,0.0,0.0,0.5037867586982372,0.008396445978303952
938,15:38,15,38,938,0.03259363627072197,0.0,0.0,0.25,0.0,0.0,0.0,0.0,0.0,0.282593636270722,0.004709893937845366
939,15:39,15,39,939,0.03326980427434895,0.0,0.0,0.25,0.0,0.0,0.20337664072257888,0.0,0.0,0.48664644499692783,0.00811077408328213
940,15:40,15,40,940,0.03401923788646684,0.0,0.0,0.25,0.0,0.0,0.2122464506374749,0.0,0.0,0.4962656885239417,0.008271094808732362
941,15:41,15,41,941,0.03483988296163727,0.0,0.0,0.25,0.0,0.0,0.0,0.0,0.0,0.28483988296163726,0.004747331382693954
942,15:42,15,42,942,0.03572949016875158,0.0,0.0,0.25,0.0,0.0,0.21827864927408142,0.0,0.0,0.5040081394428331,0.00840013565738055
943,15:43,15,43,943,0.036685621156290864,0.0,0.0,0.25,0.0,0.0,0.20013929874880954,0.0,0.0,0.4868249199051004,0.008113748665085007
944,15:44,15,44,944,0.037705655235678176,0.0,0.0,0.25,0.0,0.0,0.0,0.0,0.0,0.28770565523567815,0.004795094253927969
945,15:45,15,45,945,0.03878679656440357,0.0,0.0,0.25,0.0,0.024,0.1,0.0,0.0,0.41278679656440365,0.00687977994274006
946,15:46,15,46,946,0.03992608180923423,0.0,0.0,0.25,0.0,0.024,0.12,0.0,0.0,0.43392608180923425,0.007232101363487237
947,15:47,15,47,947,0.041120388268504886,0.0,0.0,0.25,0.0,0.0,0.14,0.0,0.0,0.4311203882685049,0.007185339804475082
948,15:48,15,48,948,0.0423664424312258,0.0,0.0,0.25,0.0,0.0,0.16,0.0,0.0,0.4523664424312258,0.007539440707187097
949,15:49,15,49,949,0.043660828949549195,0.0,0.0,0.25,0.0,0.0,0.18,0.0,0.0,0.4736608289495492,0.007894347149159153
950,15:50,15,50,950,0.04499999999999999,0.0,0.0,0.25,0.0,0.0,0.2,0.0,0.0,0.495,0.00825
951,15:51,15,51,951,0.04638028500781359,0.0,0.0,0.25,0.0,0.0,0.22,0.0,0.0,0.5163802850078136,0.00860633808346356
952,15:52,15,52,952,0.047797900707726,0.0,0.0,0.25,0.0,0.0,0.24,0.0,0.0,0.537797900707726,0.008963298345128767
953,15:53,15,53,953,0.04924896151364098,0.0,0.0,0.25,0.0,0.0,0.26,0.0,0.0,0.559248961513641,0.00932081602522735
954,15:54,15,54,954,0.05072949016875157,0.0,0.0,0.25,0.0,0.0,0.28,0.0,0.0,0.5807294901687516,0.00967882483614586
955,15:55,15,55,955,0.052235428646924376,0.0,0.0,0.25,0.0,0.0,0.3,0.0,0.0,0.6022354286469244,0.010037257144115406
956,15:56,15,56,956,0.0537626492754672,0.0,0.0,0.25,0.0,0.0,0.32,0.0,0.0,0.6237626492754672,0.01039604415459112
957,15:57,15,57,957,0.055306966048793066,0.0,0.0,0.25,0.0,0.0,0.34,0.0,0.0,0.6453069660487931,0.01075511610081322
958,15:58,15,58,958,0.05686414610197037,0.0,0.0,0.25,0.0,0.0,0.36,0.0,0.0,0.6668641461019704,0.01111440243503284
959,15:59,15,59,959,0.0584299213127117,0.0,0.0,0.25,0.0,0.0,0.38,0.0,0.0,0.6884299213127116,0.011473832021878527
960,16:00,16,0,960,0.06,0.0,0.0,0.02,0.0,0.024,0.0,0.0,0.0,0.10400000000000001,0.0017333333333333335
961,16:01,16,1,961,0.061570078687288324,0.0,0.0,0.02,0.0,0.024,0.0,0.0,0.0,0.10557007868728832,0.0017595013114548054
962,16:02,16,2,962,0.0631358538980296,0.0,0.0,0.02,0.0,0.0,0.0,0.0,0.0,0.0831358538980296,0.00138559756496716
963,16:03,16,3,963,0.06469303395120693,0.0,0.0,0.02,0.0,0.0,0.0,0.0,0.0,0.08469303395120693,0.0014115505658534489
964,16:04,16,4,964,0.06623735072453277,0.0,0.0,0.02,0.0,0.0,0.0,0.0,0.0,0.08623735072453277,0.0014372891787422129
965,16:05,16,5,965,0.06776457135307562,0.0,0.0,0.02,0.0,0.0,0.0,0.0,0.0,0.08776457135307562,0.0014627428558845936
966,16:06,16,6,966,0.06927050983124841,0.0,0.0,0.02,0.0,0.0,0.0,0.0,0.0,0.08927050983124842,0.0014878418305208068
967,16:07,16,7,967,0.07075103848635901,0.0,0.0,0.02,0.0,0.0,0.0,0.0,0.0,0.09075103848635901,0.0015125173081059835
968,16:08,16,8,968,0.072202099292274,0.0,0.0,0.02,0.0,0.0,0.0,0.0,0.0,0.092202099292274,0.0015367016548712333
969,16:09,16,9,969,0.0736197149921864,0.0,0.0,0.02,0.0,0.0,0.0,0.0,0.0,0.09361971499218641,0.0015603285832031068
970,16:10,16,10,970,0.075,0.0,0.0,0.02,0.0,0.0,0.0,0.0,0.0,0.095,0.0015833333333333333
971,16:11,16,11,971,0.07633917105045081,0.0,0.0,0.02,0.0,0.0,0.0,0.0,0.0,0.09633917105045081,0.0016056528508408467
972,16:12,16,12,972,0.0776335575687742,0.0,0.0,0.02,0.0,0.0,0.0,0.0,0.0,0.0976335575687742,0.00162722595947957
973,16:13,16,13,973,0.07887961173149512,0.0,0.0,0.02,0.0,0.0,0.0,0.0,0.0,0.09887961173149512,0.001647993528858252
974,16:14,16,14,974,0.08007391819076574,0.0,0.0,0.02,0.0,0.0,0.0,0.0,0.0,0.10007391819076575,0.0016678986365127625
975,16:15,16,15,975,0.08121320343559643,0.0,0.0,0.02,0.0,0.0,0.0,0.0,0.0,0.10121320343559644,0.0016868867239266073
976,16:16,16,16,976,0.08229434476432182,0.0,0.0,0.02,0.0,0.0,0.0,0.0,0.0,0.10229434476432182,0.0017049057460720304
977,16:17,16,17,977,0.08331437884370912,0.0,0.0,0.02,0.0,0.0,0.0,0.0,0.0,0.10331437884370913,0.0017219063140618187
978,16:18,16,18,978,0.08427050983124844,0.0,0.0,0.02,0.0,0.0,0.0,0.0,0.0,0.10427050983124844,0.0017378418305208072
979,16:19,16,19,979,0.08516011703836271,0.0,0.0,0.02,0.0,0.0,0.0,0.0,0.0,0.10516011703836271,0.0017526686173060452
980,16:20,16,20,980,0.08598076211353316,0.0,0.0,0.02,0.0,0.0,0.0,0.0,0.0,0.10598076211353316,0.0017663460352255527
981,16:21,16,21,981,0.08673019572565104,0.0,0.0,0.02,0.0,0.0,0.0,0.0,0.0,0.10673019572565104,0.0017788365954275172
982,16:22,16,22,982,0.08740636372927803,0.0,0.0,0.02,0.0,0.0,0.0,0.0,0.0,0.10740636372927803,0.0017901060621546337
983,16:23,16,23,983,0.08800741279491606,0.0,0.0,0.02,0.0,0.0,0.0,0.0,0.0,0.10800741279491606,0.0018001235465819343
984,16:24,16,24,984,0.0885316954888546,0.0,0.0,0.02,0.0,0.0,0.0,0.0,0.0,0.10853169548885461,0.0018088615914809102
985,16:25,16,25,985,0.08897777478867205,0.0,0.0,0.02,0.0,0.0,0.0,0.0,0.0,0.10897777478867206,0.0018162962464778676
986,16:26,16,26,986,0.08934442802201417,0.0,0.0,0.02,0.0,0.0,0.0,0.0,0.0,0.10934442802201418,0.0018224071337002363
987,16:27,16,27,987,0.08963065021785414,0.0,0.0,0.02,0.0,0.0,0.0,0.0,0.0,0.10963065021785415,0.0018271775036309025
988,16:28,16,28,988,0.08983565686104819,0.0,0.0,0.02,0.0,0.0,0.0,0.0,0.0,0.1098356568610482,0.00183059428101747
989,16:29,16,29,989,0.08995888604263721,0.0,0.0,0.02,0.0,0.0,0.0,0.0,0.0,0.10995888604263722,0.0018326481007106203
990,16:30,16,30,990,0.09,0.0,0.0,0.02,0.0,0.0,0.0,0.0,0.0,0.11,0.0018333333333333333
991,16:31,16,31,991,0.08995888604263721,0.0,0.0,0.02,0.0,0.0,0.0,0.0,0.0,0.10995888604263722,0.0018326481007106203
992,16:32,16,32,992,0.0898356568610482,0.0,0.0,0.02,0.0,0.0,0.0,0.0,0.0,0.10983565686104821,0.0018305942810174702
993,16:33,16,33,993,0.08963065021785413,0.0,0.0,0.02,0.0,0.0,0.0,0.0,0.0,0.10963065021785413,0.001827177503630902
994,16:34,16,34,994,0.08934442802201417,0.0,0.0,0.02,0.0,0.0,0.0,0.0,0.0,0.10934442802201418,0.0018224071337002363
995,16:35,16,35,995,0.08897777478867205,0.0,0.0,0.02,0.0,0.0,0.0,0.0,0.0,0.10897777478867206,0.0018162962464778676
996,16:36,16,36,996,0.0885316954888546,0.0,0.0,0.02,0.0,0.0,0.0,0.0,0.0,0.10853169548885461,0.0018088615914809102
997,16:37,16,37,997,0.08800741279491606,0.0,0.0,0.02,0.0,0.0,0.0,0.0,0.0,0.10800741279491606,0.0018001235465819343
998,16:38,16,38,998,0.08740636372927803,0.0,0.0,0.02,0.0,0.0,0.0,0.0,0.0,0.10740636372927803,0.0017901060621546337
999,16:39,16,39,999,0.08673019572565105,0.0,0.0,0.02,0.0,0.0,0.0,0.0,0.0,0.10673019572565105,0.0017788365954275176
1000,16:40,16,40,1000,0.08598076211353316,0.0,0.0,0.02,0.0,0.0,0.0,0.0,0.0,0.10598076211353316,0.0017663460352255527
1001,16:41,16,41,1001,0.08516011703836271,0.0,0.0,0.02,0.0,0.0,0.0,0.0,0.0,0.10516011703836271,0.0017526686173060452
1002,16:42,16,42,1002,0.08427050983124844,0.0,0.0,0.02,0.0,0.0,0.0,0.0,0.0,0.10427050983124844,0.0017378418305208072
1003,16:43,16,43,1003,0.08331437884370914,0.0,0.0,0.02,0.0,0.0,0.0,0.0,0.0,0.10331437884370914,0.001721906314061819
1004,16:44,16,44,1004,0.08229434476432183,0.0,0.0,0.02,0.0,0.0,0.0,0.0,0.0,0.10229434476432184,0.0017049057460720306
1005,16:45,16,45,1005,0.08121320343559643,0.0,0.0,0.02,0.0,0.024,0.0,0.0,0.0,0.12521320343559644,0.0020868867239266075
1006,16:46,16,46,1006,0.08007391819076574,0.0,0.0,0.02,0.0,0.024,0.0,0.0,0.0,0.12407391819076574,0.0020678986365127625
1007,16:47,16,47,1007,0.07887961173149512,0.0,0.0,0.02,0.0,0.0,0.0,0.0,0.0,0.09887961173149512,0.001647993528858252
1008,16:48,16,48,1008,0.0776335575687742,0.0,0.0,0.02,0.0,0.0,0.0,0.0,0.0,0.0976335575687742,0.00162722595947957
1009,16:49,16,49,1009,0.07633917105045082,0.0,0.0,0.02,0.0,0.0,0.0,0.0,0.0,0.09633917105045083,0.0016056528508408472
1010,16:50,16,50,1010,0.075,0.0,0.0,0.02,0.0,0.0,0.0,0.0,0.0,0.095,0.0015833333333333333
1011,16:51,16,51,1011,0.0736197149921864,0.0,0.0,0.02,0.0,0.0,0.0,0.0,0.0,0.09361971499218641,0.0015603285832031068
1012,16:52,16,52,1012,0.072202099292274,0.0,0.0,0.02,0.0,0.0,0.0,0.0,0.0,0.092202099292274,0.0015367016548712333
1013,16:53,16,53,1013,0.07075103848635902,0.0,0.0,0.02,0.0,0.0,0.0,0.0,0.0,0.09075103848635903,0.0015125173081059838
1014,16:54,16,54,1014,0.06927050983124844,0.0,0.0,0.02,0.0,0.0,0.0,0.0,0.0,0.08927050983124844,0.0014878418305208075
1015,16:55,16,55,1015,0.06776457135307562,0.0,0.0,0.02,0.0,0.0,0.0,0.0,0.0,0.08776457135307562,0.0014627428558845936
1016,16:56,16,56,1016,0.06623735072453277,0.0,0.0,0.02,0.0,0.0,0.0,0.0,0.0,0.08623735072453277,0.0014372891787422129
1017,16:57,16,57,1017,0.06469303395120693,0.0,0.0,0.02,0.0,0.0,0.0,0.0,0.0,0.08469303395120693,0.0014115505658534489
1018,16:58,16,58,1018,0.06313585389802961,0.0,0.0,0.02,0.0,0.0,0.0,0.0,0.0,0.08313585389802962,0.0013855975649671602
1019,16:59,16,59,1019,0.06157007868728833,0.0,0.0,0.02,0.0,0.0,0.0,0.0,0.0,0.08157007868728833,0.0013595013114548055
1020,17:00,17,0,1020,0.060000000000000005,0.0,0.0,0.02,0.0,0.12,0.0,0.0,0.0,0.2,0.0033333333333333335
1021,17:01,17,1,1021,0.05842992131271169,0.0,0.0,0.02,0.0,0.12199666833293657,0.0,0.0,0.0,0.20042658964564825,0.003340443160760804
1022,17:02,17,2,1022,0.056864146101970395,0.0,0.0,0.02,0.0,0.12397338661590122,0.0,0.0,0.0,0.20083753271787164,0.003347292211964527
1023,17:03,17,3,1023,0.05530696604879308,0.0,0.0,0.02,0.0,0.1259104041332268,0.0,0.0,0.0,0.20121737018201988,0.003353622836366998
1024,17:04,17,4,1024,0.05376264927546723,0.0,0.0,0.02,0.0,0.127788366846173,0.0,0.0,0.0,0.20155101612164023,0.0033591836020273372
1025,17:05,17,5,1025,0.05223542864692439,0.0,0.0,0.02,0.0,0.12958851077208405,0.0,0.0,0.0,0.20182393941900845,0.003363732323650141
1026,17:06,17,6,1026,0.05072949016875157,0.0,0.0,0.02,0.0,0.1312928494679007,0.0,0.0,0.0,0.20202233963665228,0.0033670389939442044
1027,17:07,17,7,1027,0.049248961513640985,0.0,0.0,0.02,0.0,0.1328843537447538,0.0,0.0,0.0,0.20213331525839479,0.003368888587639913
1028,17:08,17,8,1028,0.04779790070772601,0.0,0.0,0.02,0.0,0.13434712181799047,0.0,0.0,0.0,0.20214502252571648,0.003369083708761941
1029,17:09,17,9,1029,0.04638028500781361,0.0,0.0,0.02,0.0,0.13566653819254967,0.0,0.0,0.0,0.20204682320036327,0.0033674470533393876
1030,17:10,17,10,1030,0.045,0.0,0.0,0.02,0.0,0.13682941969615794,0.0,0.0,0.0,0.20182941969615795,0.003363823661602632
1031,17:11,17,11,1031,0.043660828949549195,0.0,0.0,0.02,0.0,0.1378241472012287,0.0,0.0,0.0,0.2014849761507779,0.003358082935846298
1032,17:12,17,12,1032,0.04236644243122581,0.0,0.0,0.02,0.0,0.13864078171934452,0.0,0.0,0.0,0.20100722415057032,0.003350120402509505
1033,17:13,17,13,1033,0.041120388268504886,0.0,0.0,0.02,0.0,0.13927116370834386,0.0,0.0,0.0,0.20039155197684874,0.0033398591996141457
1034,17:14,17,14,1034,0.03992608180923425,0.0,0.0,0.02,0.0,0.1397089945997692,0.0,0.0,0.0,0.19963507640900346,0.003327251273483391
1035,17:15,17,15,1035,0.03878679656440357,0.0,0.0,0.02,0.0,0.1399498997320811,0.0,0.0,0.0,0.19873669629648466,0.0033122782716080777
1036,17:16,17,16,1036,0.037705655235678176,0.0,0.0,0.02,0.0,0.1399914720608301,0.0,0.0,0.0,0.1976971272965083,0.0032949521216084714
1037,17:17,17,17,1037,0.036685621156290864,0.0,0.0,0.02,0.0,0.13983329620904936,0.0,0.0,0.0,0.19651891736534022,0.003275315289422337
1038,17:18,17,18,1038,0.035729490168751585,0.0,0.0,0.02,0.0,0.1394769526175639,0.0,0.0,0.0,0.1952064427863155,0.0032534407131052582
1039,17:19,17,19,1039,0.03483988296163728,0.0,0.0,0.02,0.0,0.1389260017537483,0.0,0.0,0.0,0.19376588471538558,0.003229431411923093
1040,17:20,17,20,1040,0.034019237886466845,0.0,0.0,0.02,0.0,0.13818594853651364,0.0,0.0,0.0,0.19220518642298048,0.0032034197737163413
1041,17:21,17,21,1041,0.033269804274348974,0.0,0.0,0.02,0.0,0.1372641873329775,0.0,0.0,0.0,0.19053399160732648,0.003175566526788775
1042,17:22,17,22,1042,0.032593636270721975,0.0,0.0,0.02,0.0,0.1361699280763918,0.0,0.0,0.0,0.18876356434711378,0.0031460594057852297
1043,17:23,17,23,1043,0.03199258720508395,0.0,0.0,0.02,0.0,0.13491410424353442,0.0,0.0,0.0,0.18690669144861838,0.00311511152414364
1044,17:24,17,24,1044,0.03146830451114539,0.0,0.0,0.02,0.0,0.13350926361102303,0.0,0.0,0.0,0.18497756812216842,0.003082959468702807
1045,17:25,17,25,1045,0.03102222521132795,0.0,0.0,0.02,0.0,0.13196944288207912,0.0,0.0,0.0,0.18299166809340706,0.0030498611348901174
1046,17:26,17,26,1046,0.030655571977985838,0.0,0.0,0.02,0.0,0.1303100274364293,0.0,0.0,0.0,0.18096559941441515,0.0030160933235735855
1047,17:27,17,27,1047,0.030369349782145873,0.0,0.0,0.02,0.0,0.12854759760467657,0.0,0.0,0.0,0.17891694738682246,0.0029819491231137074
1048,17:28,17,28,1048,0.0301643431389518,0.0,0.0,0.02,0.0,0.1266997630031181,0.0,0.0,0.0,0.1768641061420699,0.0029477351023678316
1049,17:29,17,29,1049,0.030041113957362784,0.0,0.0,0.02,0.0,0.12478498658427964,0.0,0.0,0.0,0.17482610054164244,0.0029137683423607072
1050,17:30,17,30,1050,0.03,0.0,0.0,0.02,0.0,0.12282240016119736,0.0,0.0,0.0,0.17282240016119738,0.002880373336019956
1051,17:31,17,31,1051,0.030041113957362784,0.0,0.0,0.02,0.0,0.1208316132486658,0.0,0.0,0.0,0.17087272720602859,0.002847878786767143
1052,17:32,17,32,1052,0.0301643431389518,0.0,0.0,0.02,0.0,0.11883251713144839,0.0,0.0,0.0,0.1689968602704002,0.002816614337840003
1053,17:33,17,33,1053,0.03036934978214587,0.0,0.0,0.02,0.0,0.11684508611713504,0.0,0.0,0.0,0.16721443589928092,0.0027869072649880154
1054,17:34,17,34,1054,0.030655571977985838,0.0,0.0,0.02,0.0,0.11488917795946338,0.0,0.0,0.0,0.16554474993744922,0.0027590791656241535
1055,17:35,17,35,1055,0.031022225211327942,0.0,0.0,0.02,0.0,0.11298433544620759,0.0,0.0,0.0,0.16400656065753555,0.0027334426776255923
1056,17:36,17,36,1056,0.03146830451114539,0.0,0.0,0.02,0.0,0.11114959113410296,0.0,0.0,0.0,0.16261789564524837,0.0027102982607541395
1057,17:37,17,37,1057,0.031992587205083946,0.0,0.0,0.02,0.0,0.10940327718183011,0.0,0.0,0.0,0.16139586438691406,0.0026899310731152344
1058,17:38,17,38,1058,0.03259363627072197,0.0,0.0,0.02,0.0,0.10776284218114564,0.0,0.0,0.0,0.16035647845186762,0.0026726079741977936
1059,17:39,17,39,1059,0.03326980427434895,0.0,0.0,0.02,0.0,0.10624467681632052,0.0,0.0,0.0,0.15951448109066946,0.002658574684844491
1060,17:40,17,40,1060,0.03401923788646684,0.0,0.0,0.02,0.0,0.10486395009384143,0.0,0.0,0.0,0.15888318798030826,0.0026480531330051378
1061,17:41,17,41,1061,0.03483988296163727,0.0,0.0,0.02,0.0,0.1036344577787118,0.0,0.0,0.0,0.15847434074034908,0.0026412390123391515
1062,17:42,17,42,1062,0.03572949016875158,0.0,0.0,0.02,0.0,0.10256848455172825,0.0,0.0,0.0,0.15829797472047982,0.0026382995786746635
1063,17:43,17,43,1063,0.036685621156290864,0.0,0.0,0.02,0.0,0.1016766812650109,0.0,0.0,0.0,0.15836230242130175,0.0026393717070216957
1064,17:44,17,44,1064,0.037705655235678176,0.0,0.0,0.02,0.0,0.10096795852220969,0.0,0.0,0.0,0.15867361375788785,0.002644560229298131
1065,17:45,17,45,1065,0.03878679656440357,0.0,0.0,0.02,0.0,0.10044939764669807,0.0,0.0,0.0,0.15923619421110163,0.002653936570185027
1066,17:46,17,46,1066,0.03992608180923423,0.0,0.0,0.02,0.0,0.10012617992733072,0.0,0.0,0.0,0.16005226173656495,0.0026675376956094158
1067,17:47,17,47,1067,0.041120388268504886,0.0,0.0,0.02,0.0,0.10000153484871797,0.0,0.0,0.0,0.16112192311722284,0.0026853653852870474
1068,17:48,17,48,1068,0.0423664424312258,0.0,0.0,0.02,0.0,0.1000767078232832,0.0,0.0,0.0,0.162443150254509,0.00270738583757515
1069,17:49,17,49,1069,0.043660828949549195,0.0,0.0,0.02,0.0,0.10035094774751335,0.0,0.0,0.0,0.16401177669706254,0.002733529611617709
1070,17:50,17,50,1070,0.04499999999999999,0.0,0.0,0.02,0.0,0.10082151450673725,0.0,0.0,0.0,0.16582151450673724,0.002763691908445621
1071,17:51,17,51,1071,0.04638028500781359,0.0,0.0,0.02,0.0,0.10148370635344534,0.0,0.0,0.0,0.16786399136125893,0.0027977331893543154
1072,17:52,17,52,1072,0.047797900707726,0.0,0.0,0.02,0.0,0.10233090688559691,0.0,0.0,0.0,0.1701288075933229,0.0028354801265553817
1073,17:53,17,53,1073,0.04924896151364098,0.0,0.0,0.02,0.0,0.10335465115552198,0.0,0.0,0.0,0.17260361266916296,0.0028767268778193827
1074,17:54,17,54,1074,0.05072949016875157,0.0,0.0,0.02,0.0,0.10454471024888023,0.0,0.0,0.0,0.1752742004176318,0.002921236673627197
1075,17:55,17,55,1075,0.052235428646924376,0.0,0.0,0.02,0.0,0.10588919348859216,0.0,0.0,0.0,0.17812462213551655,0.002968743702258609
1076,17:56,17,56,1076,0.0537626492754672,0.0,0.0,0.02,0.0,0.10737466724255355,0.0,0.0,0.0,0.18113731651802076,0.003018955275300346
1077,17:57,17,57,1077,0.055306966048793066,0.0,0.0,0.02,0.0,0.10898628914804723,0.0,0.0,0.0,0.1842932551968403,0.003071554253280672
1078,17:58,17,58,1078,0.05686414610197037,0.0,0.0,0.02,0.0,0.11070795641172483,0.0,0.0,0.0,0.18757210251369522,0.003126201708561587
1079,17:59,17,59,1079,0.0584299213127117,0.0,0.0,0.02,0.0,0.11252246670339529,0.0,0.0,0.0,0.19095238801610698,0.0031825398002684495
1080,18:00,18,0,1080,0.06,1.130739808599541,0.0,0.8,0.0,0.12,0.0,0.0,0.0,2.1107398085995412,0.035178996809992355
1081,18:01,18,1,1081,0.061570078687288324,1.13521924450027,0.0,0.25,0.0,0.12199666833293657,0.0,0.0,0.0,1.568785991520495,0.02614643319200825
1082,18:02,18,2,1082,0.0631358538980296,1.1980080653029985,0.0,0.25,0.0,0.12397338661590122,0.0,0.0,0.0,1.6351173058169293,0.027251955096948822
1083,18:03,18,3,1083,0.06469303395120693,1.1244503804489714,0.0,0.25,0.0,0.1259104041332268,0.0,0.0,0.0,1.565053818533405,0.026084230308890084
1084,18:04,18,4,1084,0.06623735072453277,1.111701349898423,0.0,0.25,0.0,0.127788366846173,0.0,0.0,0.0,1.5557270674691288,0.025928784457818814
1085,18:05,18,5,1085,0.06776457135307562,1.1040654892499173,0.0,0.25,0.0,0.12958851077208405,0.0,0.0,0.0,1.551418571375077,0.025856976189584616
1086,18:06,18,6,1086,0.06927050983124841,1.1488144324435714,0.0,0.25,0.0,0.1312928494679007,0.0,0.0,0.0,1.5993777917427205,0.02665629652904534
1087,18:07,18,7,1087,0.07075103848635901,1.1697952260887168,0.0,0.25,0.0,0.1328843537447538,0.0,0.0,0.0,1.6234306183198295,0.02705717697199716
1088,18:08,18,8,1088,0.072202099292274,1.124115439757789,0.0,0.25,0.0,0.13434712181799047,0.0,0.0,0.0,1.5806646608680537,0.02634441101446756
1089,18:09,18,9,1089,0.0736197149921864,1.1661182513247643,0.0,0.25,0.0,0.13566653819254967,0.0,0.0,0.0,1.6254045045095005,0.02709007507515834
1090,18:10,18,10,1090,0.075,1.1953043040074,0.0,0.25,0.0,0.13682941969615794,0.0,0.0,0.0,1.657133723703558,0.0276188953950593
1091,18:11,18,11,1091,0.07633917105045081,1.1111092734752681,0.0,0.25,0.0,0.1378241472012287,0.0,0.0,0.0,1.5752725917269477,0.026254543195449127
1092,18:12,18,12,1092,0.0776335575687742,1.1244943087330683,0.0,0.25,0.0,0.13864078171934452,0.0,0.0,0.0,1.590768648021187,0.026512810800353115
1093,18:13,18,13,1093,0.07887961173149512,1.1997242845045455,0.0,0.25,0.0,0.13927116370834386,0.0,0.0,0.0,1.6678750599443846,0.027797917665739743
1094,18:14,18,14,1094,0.08007391819076574,1.1955151770107053,0.0,0.25,0.0,0.1397089945997692,0.0,0.0,0.0,1.6652980898012402,0.027754968163354002
1095,18:15,18,15,1095,0.08121320343559643,1.132554251979054,0.0,0.25,0.0,0.1399498997320811,0.0,0.0,0.0,1.6037173551467314,0.026728622585778856
1096,18:16,18,16,1096,0.08229434476432182,1.1775525097984092,0.0,0.25,0.0,0.1399914720608301,0.0,0.0,0.0,1.6498383266235612,0.02749730544372602
1097,18:17,18,17,1097,0.08331437884370912,1.1102407387253184,0.0,0.25,0.0,0.13983329620904936,0.0,0.0,0.0,1.583388413778077,0.02638980689630128
1098,18:18,18,18,1098,0.08427050983124844,1.1796313091552477,0.0,0.25,0.0,0.1394769526175639,0.0,0.0,0.0,1.65337877160406,0.027556312860067666
1099,18:19,18,19,1099,0.08516011703836271,1.158568741953132,0.0,0.25,0.0,0.1389260017537483,0.0,0.0,0.0,1.6326548607452431,0.027210914345754053
1100,18:20,18,20,1100,0.08598076211353316,1.1974387397984017,0.0,0.25,0.0,0.13818594853651364,0.0,0.0,0.0,1.6716054504484483,0.027860090840807473
1101,18:21,18,21,1101,0.08673019572565104,1.151480923629471,0.0,0.25,0.0,0.1372641873329775,0.0,0.0,0.0,1.6254753066880994,0.027091255111468322
1102,18:22,18,22,1102,0.08740636372927803,1.139113200790066,0.0,0.25,0.0,0.1361699280763918,0.0,0.0,0.0,1.6126894925957358,0.02687815820992893
1103,18:23,18,23,1103,0.08800741279491606,1.1296357474900993,0.0,0.25,0.0,0.13491410424353442,0.0,0.0,0.0,1.6025572645285497,0.026709287742142495
1104,18:24,18,24,1104,0.0885316954888546,1.1200311856695153,0.0,0.25,0.0,0.13350926361102303,0.0,0.0,0.0,1.592072144769393,0.02653453574615655
1105,18:25,18,25,1105,0.08897777478867205,1.173253056558766,0.0,0.25,0.0,0.13196944288207912,0.0,0.0,0.0,1.644200274229517,0.027403337903825282
1106,18:26,18,26,1106,0.08934442802201417,1.1132895427288563,0.0,0.25,0.0,0.1303100274364293,0.0,0.0,0.0,1.5829439981872997,0.026382399969788327
1107,18:27,18,27,1107,0.08963065021785414,1.1128944713057496,0.0,0.25,0.0,0.12854759760467657,0.0,0.0,0.0,1.5810727191282803,0.02635121198547134
1108,18:28,18,28,1108,0.08983565686104819,1.1615389697912286,0.0,0.25,0.0,0.1266997630031181,0.0,0.0,0.0,1.6280743896553949,0.027134573160923246
1109,18:29,18,29,1109,0.08995888604263721,1.1860698924113968,0.0,0.25,0.0,0.12478498658427964,0.0,0.0,0.0,1.6508137650383137,0.02751356275063856
1110,18:30,18,30,1110,0.09,0.22,0.0,0.25,0.0,0.12282240016119736,0.0,0.0,0.0,0.6828224001611974,0.011380373336019958
1111,18:31,18,31,1111,0.08995888604263721,0.21686414610197038,0.0,0.25,0.0,0.1208316132486658,0.0,0.0,0.0,0.6776546453932734,0.011294244089887889
1112,18:32,18,32,1112,0.0898356568610482,0.21376264927546726,0.0,0.25,0.0,0.11883251713144839,0.0,0.0,0.0,0.6724308232679639,0.011207180387799397
1113,18:33,18,33,1113,0.08963065021785413,0.2107294901687516,0.0,0.25,0.0,0.11684508611713504,0.0,0.0,0.0,0.6672052265037408,0.01112008710839568
1114,18:34,18,34,1114,0.08934442802201417,0.207797900707726,0.0,0.25,0.0,0.11488917795946338,0.0,0.0,0.0,0.6620315066892035,0.011033858444820058
1115,18:35,18,35,1115,0.08897777478867205,0.205,0.0,0.25,0.0,0.11298433544620759,0.0,0.0,0.0,0.6569621102348796,0.01094936850391466
1116,18:36,18,36,1116,0.0885316954888546,0.2023664424312258,0.0,0.25,0.0,0.11114959113410296,0.0,0.0,0.0,0.6520477290541833,0.010867462150903055
1117,18:37,18,37,1117,0.08800741279491606,0.19992608180923424,0.0,0.25,0.0,0.10940327718183011,0.0,0.0,0.0,0.6473367717859804,0.010788946196433006
1118,18:38,18,38,1118,0.08740636372927803,0.1977056552356782,0.0,0.25,0.0,0.10776284218114564,0.0,0.0,0.0,0.6428748611461019,0.010714581019101698
1119,18:39,18,39,1119,0.08673019572565105,0.1957294901687516,0.0,0.25,0.0,0.10624467681632052,0.0,0.0,0.0,0.6387043627107232,0.010645072711845387
1120,18:40,18,40,1120,0.08598076211353316,0.19401923788646683,0.0,0.25,0.0,0.10486395009384143,0.0,0.0,0.0,0.6348639500938414,0.010581065834897357
1121,18:41,18,41,1121,0.08516011703836271,0.19259363627072199,0.0,0.25,0.0,0.1036344577787118,0.0,0.0,0.0,0.6313882110877965,0.010523136851463276
1122,18:42,18,42,1122,0.08427050983124844,0.19146830451114538,0.0,0.25,0.0,0.10256848455172825,0.0,0.0,0.0,0.6283072988941221,0.010471788314902034
1123,18:43,18,43,1123,0.08331437884370914,0.19065557197798583,0.0,0.25,0.0,0.1016766812650109,0.0,0.0,0.0,0.6256466320867058,0.010427443868111763
1124,18:44,18,44,1124,0.08229434476432183,0.1901643431389518,0.0,0.25,0.0,0.10096795852220969,0.0,0.0,0.0,0.6234266464254834,0.01039044410709139
1125,18:45,18,45,1125,0.08121320343559643,0.19,0.0,0.25,0.0,0.10044939764669807,0.0,0.0,0.0,0.6216626010822944,0.010361043351371575
1126,18:46,18,46,1126,0.08007391819076574,0.1901643431389518,0.0,0.25,0.0,0.10012617992733072,0.0,0.0,0.0,0.6203644412570484,0.010339407354284139
1127,18:47,18,47,1127,0.07887961173149512,0.19065557197798583,0.0,0.25,0.0,0.10000153484871797,0.0,0.0,0.0,0.6195367185581989,0.010325611975969982
1128,18:48,18,48,1128,0.0776335575687742,0.19146830451114538,0.0,0.25,0.0,0.1000767078232832,0.0,0.0,0.0,0.6191785699032029,0.010319642831720047
1129,18:49,18,49,1129,0.07633917105045082,0.19259363627072199,0.0,0.25,0.0,0.10035094774751335,0.0,0.0,0.0,0.619283755068686,0.010321395917811433
1130,18:50,18,50,1130,0.075,0.19401923788646683,0.0,0.25,0.0,0.10082151450673725,0.0,0.0,0.0,0.6198407523932041,0.010330679206553402
1131,18:51,18,51,1131,0.0736197149921864,0.1957294901687516,0.0,0.25,0.0,0.10148370635344534,0.0,0.0,0.0,0.6208329115143834,0.01034721519190639
1132,18:52,18,52,1132,0.072202099292274,0.1977056552356782,0.0,0.25,0.0,0.10233090688559691,0.0,0.0,0.0,0.6222386614135491,0.010370644356892484
1133,18:53,18,53,1133,0.07075103848635902,0.19992608180923424,0.0,0.25,0.0,0.10335465115552198,0.0,0.0,0.0,0.6240317714511153,0.010400529524185255
1134,18:54,18,54,1134,0.06927050983124844,0.2023664424312258,0.0,0.25,0.0,0.10454471024888023,0.0,0.0,0.0,0.6261816625113544,0.010436361041855908
1135,18:55,18,55,1135,0.06776457135307562,0.205,0.0,0.25,0.0,0.10588919348859216,0.0,0.0,0.0,0.6286537648416678,0.01047756274736113
1136,18:56,18,56,1136,0.06623735072453277,0.207797900707726,0.0,0.25,0.0,0.10737466724255355,0.0,0.0,0.0,0.6314099186748123,0.010523498644580206
1137,18:57,18,57,1137,0.06469303395120693,0.2107294901687516,0.0,0.25,0.0,0.10898628914804723,0.0,0.0,0.0,0.6344088132680057,0.010573480221133427
1138,18:58,18,58,1138,0.06313585389802961,0.2137626492754672,0.0,0.25,0.0,0.11070795641172483,0.0,0.0,0.0,0.6376064595852217,0.010626774326420362
1139,18:59,18,59,1139,0.06157007868728833,0.21686414610197038,0.0,0.25,0.0,0.11252246670339529,0.0,0.0,0.0,0.640956691492654,0.010682611524877567
1140,19:00,19,0,1140,0.060000000000000005,0.22,0.0,0.25,0.7,0.2261857231114353,0.0,0.0,0.0,1.4561857231114352,0.024269762051857255
1141,19:01,19,1,1141,0.05842992131271169,0.22313585389802962,0.0,0.25,0.7,0.21738920759557626,0.0,0.0,0.0,1.4489549828063175,0.024149249713438625
1142,19:02,19,2,1142,0.056864146101970395,0.2262373507245328,0.0,0.25,0.7,0.21784834132715863,0.0,0.0,0.0,1.4509498381536616,0.024182497302561026
1143,19:03,19,3,1143,0.05530696604879308,0.22927050983124844,0.0,0.25,0.7,0.21130119531404842,0.0,0.0,0.0,1.4458786711940899,0.02409797785323483
1144,19:04,19,4,1144,0.05376264927546723,0.232202099292274,0.0,0.25,0.7,0.23400835779286358,0.0,0.0,0.0,1.4699731063606047,0.024499551772676747
1145,19:05,19,5,1145,0.05223542864692439,0.235,0.0,0.25,0.7,0.2095042302313113,0.0,0.0,0.0,1.4467396588782355,0.024112327647970593
1146,19:06,19,6,1146,0.05072949016875157,0.2376335575687742,0.0,0.25,0.7,0.2372972586115085,0.0,0.0,0.0,1.4756603063490341,0.024594338439150567
1147,19:07,19,7,1147,0.049248961513640985,0.2400739181907657,0.0,0.25,0.7,0.22496350662704218,0.0,0.0,0.0,1.4642863863314488,0.024404773105524146
1148,19:08,19,8,1148,0.04779790070772601,0.24229434476432182,0.0,0.25,0.7,0.2058569882819809,0.0,0.0,0.0,1.4459492337540287,0.024099153895900477
1149,19:09,19,9,1149,0.04638028500781361,0.24427050983124843,0.0,0.25,0.7,0.2375052178226936,0.0,0.0,0.0,1.4781560126617554,0.024635933544362592
1150,19:10,19,10,1150,0.045,0.2459807621135332,0.0,0.25,0.7,0.23371046534531606,0.0,0.0,0.0,1.4746912274588493,0.024578187124314154
1151,19:11,19,11,1151,0.043660828949549195,0.24740636372927804,0.0,0.25,0.7,0.21706022753722023,0.0,0.0,0.0,1.4581274202160475,0.024302123670267458
1152,19:12,19,12,1152,0.04236644243122581,0.24853169548885462,0.0,0.25,0.7,0.20603175006962465,0.0,0.0,0.0,1.446929887989705,0.02411549813316175
1153,19:13,19,13,1153,0.041120388268504886,0.24934442802201418,0.0,0.25,0.7,0.21763382098005163,0.0,0.0,0.0,1.4580986372705707,0.02430164395450951
1154,19:14,19,14,1154,0.03992608180923425,0.2498356568610482,0.0,0.25,0.7,0.23971629344376955,0.0,0.0,0.0,1.479478032114052,0.024657967201900867
1155,19:15,19,15,1155,0.03878679656440357,0.25,0.0,0.25,0.7,0.22470990936549012,0.0,0.0,0.0,1.4634967059298936,0.024391611765498224
1156,19:16,19,16,1156,0.037705655235678176,0.2498356568610482,0.0,0.25,0.7,0.23491564020989564,0.0,0.0,0.0,1.4724569523066222,0.02454094920511037
1157,19:17,19,17,1157,0.036685621156290864,0.24934442802201418,0.0,0.25,0.7,0.21210446688425907,0.0,0.0,0.0,1.448134516062564,0.0241355752677094
1158,19:18,19,18,1158,0.035729490168751585,0.24853169548885462,0.0,0.25,0.7,0.2355216274587335,0.0,0.0,0.0,1.4697828131163397,0.024496380218605663
1159,19:19,19,19,1159,0.03483988296163728,0.24740636372927804,0.0,0.25,0.7,0.22343780704503505,0.0,0.0,0.0,1.4556840537359503,0.024261400895599174
1160,19:20,19,20,1160,0.034019237886466845,0.2459807621135332,0.0,0.25,0.7,0.22956589605965688,0.0,0.0,0.0,1.459565896059657,0.02432609826766095
1161,19:21,19,21,1161,0.033269804274348974,0.24427050983124843,0.0,0.25,0.7,0.20658904916891396,0.0,0.0,0.0,1.4341293632745113,0.02390215605457519
1162,19:22,19,22,1162,0.032593636270721975,0.24229434476432182,0.0,0.25,0.7,0.2385708973468798,0.0,0.0,0.0,1.4634588783819236,0.024390981306365394
1163,19:23,19,23,1163,0.03199258720508395,0.2400739181907657,0.0,0.25,0.7,0.23812307856941528,0.0,0.0,0.0,1.4601895839652648,0.024336493066087747
1164,19:24,19,24,1164,0.03146830451114539,0.2376335575687742,0.0,0.25,0.7,0.22669031347024268,0.0,0.0,0.0,1.4457921755501624,0.02409653625916937
1165,19:25,19,25,1165,0.03102222521132795,0.235,0.0,0.25,0.7,0.20896099975797286,0.0,0.0,0.0,1.4249832249693009,0.023749720416155015
1166,19:26,19,26,1166,0.030655571977985838,0.232202099292274,0.0,0.25,0.7,0.2215136836938628,0.0,0.0,0.0,1.4343713549641226,0.023906189249402042
1167,19:27,19,27,1167,0.030369349782145873,0.22927050983124844,0.0,0.25,0.7,0.2233130498294828,0.0,0.0,0.0,1.4329529094428772,0.02388254849071462
1168,19:28,19,28,1168,0.0301643431389518,0.2262373507245328,0.0,0.25,0.7,0.2156602841318096,0.0,0.0,0.0,1.422061977995294,0.023701032966588233
1169,19:29,19,29,1169,0.030041113957362784,0.22313585389802962,0.0,0.25,0.7,0.2304666032557312,0.0,0.0,0.0,1.4336435711111235,0.023894059518518723
1170,19:30,19,30,1170,0.03,0.22,0.0,0.25,0.7,0.21255709331198253,0.0,0.0,0.0,1.4125570933119824,0.023542618221866374
1171,19:31,19,31,1171,0.030041113957362784,0.21686414610197038,0.0,0.25,0.7,0.23839376442153007,0.0,0.0,0.0,1.4352990244808632,0.023921650408014385
1172,19:32,19,32,1172,0.0301643431389518,0.21376264927546726,0.0,0.25,0.7,0.2040525216378084,0.0,0.0,0.0,1.3979795140522273,0.023299658567537122
1173,19:33,19,33,1173,0.03036934978214587,0.2107294901687516,0.0,0.25,0.7,0.2212693390577992,0.0,0.0,0.0,1.4123681790086966,0.02353946965014494
1174,19:34,19,34,1174,0.030655571977985838,0.207797900707726,0.0,0.25,0.7,0.21516399240152995,0.0,0.0,0.0,1.4036174650872417,0.023393624418120696
1175,19:35,19,35,1175,0.031022225211327942,0.205,0.0,0.25,0.7,0.226500564831096,0.0,0.0,0.0,1.412522790042424,0.023542046500707067
1176,19:36,19,36,1176,0.03146830451114539,0.2023664424312258,0.0,0.25,0.7,0.2357461719029268,0.0,0.0,0.0,1.419580918845298,0.023659681980754965
1177,19:37,19,37,1177,0.031992587205083946,0.19992608180923424,0.0,0.25,0.7,0.2314760811617159,0.0,0.0,0.0,1.413394750176034,0.023556579169600567
1178,19:38,19,38,1178,0.03259363627072197,0.1977056552356782,0.0,0.25,0.7,0.21038690254385678,0.0,0.0,0.0,1.3906861940502568,0.02317810323417095
1179,19:39,19,39,1179,0.03326980427434895,0.1957294901687516,0.0,0.25,0.7,0.2077215945702217,0.0,0.0,0.0,1.3867208890133222,0.023112014816888703
1180,19:40,19,40,1180,0.03401923788646684,0.19401923788646683,0.0,0.25,0.7,0.21317587961035328,0.0,0.0,0.0,1.391214355383287,0.023186905923054783
1181,19:41,19,41,1181,0.03483988296163727,0.19259363627072199,0.0,0.25,0.7,0.2086294561516744,0.0,0.0,0.0,1.3860629753840337,0.023101049589733896
1182,19:42,19,42,1182,0.03572949016875158,0.19146830451114538,0.0,0.25,0.7,0.21996251889309162,0.0,0.0,0.0,1.3971603135729886,0.023286005226216478
1183,19:43,19,43,1183,0.036685621156290864,0.19065557197798583,0.0,0.25,0.7,0.2195328297842564,0.0,0.0,0.0,1.3968740229185332,0.023281233715308887
1184,19:44,19,44,1184,0.037705655235678176,0.1901643431389518,0.0,0.25,0.7,0.2241142122154128,0.0,0.0,0.0,1.4019842105900426,0.023366403509834044
1185,19:45,19,45,1185,0.03878679656440357,0.19,0.0,0.25,0.7,0.23746269308587245,0.0,0.0,0.0,1.416249489650276,0.023604158160837933
1186,19:46,19,46,1186,0.03992608180923423,0.1901643431389518,0.0,0.25,0.7,0.2176113734645914,0.0,0.0,0.0,1.3977017984127775,0.02329502997354629
1187,19:47,19,47,1187,0.041120388268504886,0.19065557197798583,0.0,0.25,0.7,0.2346536995386708,0.0,0.0,0.0,1.4164296597851616,0.02360716099641936
1188,19:48,19,48,1188,0.0423664424312258,0.19146830451114538,0.0,0.25,0.7,0.2246514711120739,0.0,0.0,0.0,1.408486218054445,0.023474770300907416
1189,19:49,19,49,1189,0.043660828949549195,0.19259363627072199,0.0,0.25,0.7,0.22061093063070444,0.0,0.0,0.0,1.4068653958509756,0.02344775659751626
1190,19:50,19,50,1190,0.04499999999999999,0.19401923788646683,0.0,0.25,0.7,0.22673248057040887,0.0,0.0,0.0,1.4157517184568758,0.023595861974281263
1191,19:51,19,51,1191,0.04638028500781359,0.1957294901687516,0.0,0.25,0.7,0.23462964849733015,0.0,0.0,0.0,1.426739423673895,0.02377899039456492
1192,19:52,19,52,1192,0.047797900707726,0.1977056552356782,0.0,0.25,0.7,0.22060121640736197,0.0,0.0,0.0,1.4161047723507663,0.023601746205846104
1193,19:53,19,53,1193,0.04924896151364098,0.19992608180923424,0.0,0.25,0.7,0.22387062300146426,0.0,0.0,0.0,1.4230456663243394,0.023717427772072322
1194,19:54,19,54,1194,0.05072949016875157,0.2023664424312258,0.0,0.25,0.7,0.20454734171330521,0.0,0.0,0.0,1.4076432743132825,0.023460721238554708
1195,19:55,19,55,1195,0.052235428646924376,0.205,0.0,0.25,0.7,0.20057786509698344,0.0,0.0,0.0,1.4078132937439078,0.0234635548957318
1196,19:56,19,56,1196,0.0537626492754672,0.207797900707726,0.0,0.25,0.7,0.2283608627098095,0.0,0.0,0.0,1.4399214126930027,0.023998690211550044
1197,19:57,19,57,1197,0.055306966048793066,0.2107294901687516,0.0,0.25,0.7,0.20681633413458622,0.0,0.0,0.0,1.4228527903521306,0.02371421317253551
1198,19:58,19,58,1198,0.05686414610197037,0.2137626492754672,0.0,0.25,0.7,0.23929096321250976,0.0,0.0,0.0,1.4599177585899472,0.024331962643165787
1199,19:59,19,59,1199,0.0584299213127117,0.21686414610197038,0.0,0.25,0.7,0.20128425118207977,0.0,0.0,0.0,1.426578318596762,0.02377630530994603
1200,20:00,20,0,1200,0.06,0.22,4.0,0.02,0.7,0.23553147947297717,0.0,0.0,0.4,5.635531479472977,0.09392552465788295
1201,20:01,20,1,1201,0.061570078687288324,0.22313585389802962,4.0,0.02,0.7,0.20214539578541768,0.0,0.0,0.4,5.606851328370736,0.09344752213951227
1202,20:02,20,2,1202,0.0631358538980296,0.2262373507245328,4.0,0.02,0.7,0.21443489224170853,0.0,0.0,0.4,5.623808096864272,0.09373013494773785
1203,20:03,20,3,1203,0.06469303395120693,0.22927050983124844,4.0,0.02,0.7,0.2126822997516648,0.0,0.0,0.0,5.226645843534119,0.08711076405890199
1204,20:04,20,4,1204,0.06623735072453277,0.232202099292274,4.0,0.02,0.7,0.2008684669599185,0.0,0.0,0.0,5.219307916976725,0.08698846528294542
1205,20:05,20,5,1205,0.06776457135307562,0.235,4.0,0.02,0.7,0.23487713440525085,0.0,0.0,0.4,5.657641705758326,0.09429402842930544
1206,20:06,20,6,1206,0.06927050983124841,0.2376335575687742,4.0,0.02,0.7,0.22214991858675717,0.0,0.0,0.4,5.64905398598678,0.09415089976644633
1207,20:07,20,7,1207,0.07075103848635901,0.2400739181907657,4.0,0.02,0.7,0.22929783170715134,0.0,0.0,0.4,5.6601227883842755,0.09433537980640459
1208,20:08,20,8,1208,0.072202099292274,0.24229434476432182,4.0,0.02,0.7,0.2390587216989885,0.0,0.0,0.0,5.273555165755584,0.0878925860959264
1209,20:09,20,9,1209,0.0736197149921864,0.24427050983124843,4.0,0.02,0.7,0.2314384940653717,0.0,0.0,0.0,5.269328718888806,0.08782214531481343
1210,20:10,20,10,1210,0.075,0.2459807621135332,4.0,0.02,0.7,0.2305374079009059,0.0,0.0,0.4,5.67151817001444,0.094525302833574
1211,20:11,20,11,1211,0.07633917105045081,0.24740636372927804,4.0,0.02,0.7,0.23221323466272237,0.0,0.0,0.4,5.675958769442451,0.09459931282404084
1212,20:12,20,12,1212,0.0776335575687742,0.24853169548885462,4.0,0.02,0.7,0.22437848463134533,0.0,0.0,0.4,5.670543737688974,0.09450906229481623
1213,20:13,20,13,1213,0.07887961173149512,0.24934442802201418,4.0,0.02,0.7,0.21638438062846443,0.0,0.0,0.0,5.264608420381974,0.0877434736730329
1214,20:14,20,14,1214,0.08007391819076574,0.2498356568610482,4.0,0.02,0.7,0.2334025074808327,0.0,0.0,0.0,5.283312082532646,0.0880552013755441
1215,20:15,20,15,1215,0.08121320343559643,0.25,4.0,0.02,0.7,0.21876705654620282,0.0,0.0,0.4,5.669980259981799,0.09449967099969665
1216,20:16,20,16,1216,0.08229434476432182,0.2498356568610482,4.0,0.02,0.7,0.22475809856673454,0.0,0.0,0.4,5.676888100192105,0.09461480166986842
1217,20:17,20,17,1217,0.08331437884370912,0.24934442802201418,4.0,0.02,0.7,0.23344299499649773,0.0,0.0,0.4,5.686101801862221,0.09476836336437035
1218,20:18,20,18,1218,0.08427050983124844,0.24853169548885462,4.0,0.02,0.7,0.21248640318737297,0.0,0.0,0.0,5.2652886085074755,0.08775481014179126
1219,20:19,20,19,1219,0.08516011703836271,0.24740636372927804,4.0,0.02,0.7,0.2110564252682897,0.0,0.0,0.0,5.2636229060359305,0.08772704843393217
1220,20:20,20,20,1220,0.08598076211353316,0.2459807621135332,4.0,0.02,0.7,0.21056999742460927,0.0,0.0,0.4,5.662531521651676,0.09437552536086127
1221,20:21,20,21,1221,0.08673019572565104,0.24427050983124843,4.0,0.02,0.7,0.23685830593810234,0.0,0.0,0.4,5.687859011495002,0.09479765019158336
1222,20:22,20,22,1222,0.08740636372927803,0.24229434476432182,4.0,0.02,0.7,0.22479426458509008,0.0,0.0,0.4,5.67449497307869,0.09457491621797816
1223,20:23,20,23,1223,0.08800741279491606,0.2400739181907657,4.0,0.02,0.7,0.23525912657292547,0.0,0.0,0.0,5.283340457558607,0.08805567429264345
1224,20:24,20,24,1224,0.0885316954888546,0.2376335575687742,4.0,0.02,0.7,0.22594928412394052,0.0,0.0,0.0,5.272114537181569,0.08786857561969282
1225,20:25,20,25,1225,0.08897777478867205,0.235,4.0,0.02,0.7,0.2050737140928361,0.0,0.0,0.4,5.649051488881508,0.09415085814802512
1226,20:26,20,26,1226,0.08934442802201417,0.232202099292274,4.0,0.02,0.7,0.21347752021010805,0.0,0.0,0.4,5.655024047524396,0.09425040079207327
1227,20:27,20,27,1227,0.08963065021785414,0.22927050983124844,4.0,0.02,0.7,0.2065986564593584,0.0,0.0,0.4,5.645499816508461,0.09409166360847435
1228,20:28,20,28,1228,0.08983565686104819,0.2262373507245328,4.0,0.02,0.7,0.21009241279094837,0.0,0.0,0.0,5.2461654203765296,0.08743609033960882
1229,20:29,20,29,1229,0.08995888604263721,0.22313585389802962,4.0,0.02,0.7,0.2378953049552887,0.0,0.0,0.0,5.270990044895955,0.08784983408159924
1230,20:30,20,30,1230,0.09,0.22,4.0,0.02,0.7,0.2380426557248255,0.0,0.0,0.4,5.668042655724825,0.09446737759541375
1231,20:31,20,31,1231,0.08995888604263721,0.21686414610197038,4.0,0.02,0.0,0.2317795172367313,0.0,0.0,0.4,4.958602549381339,0.08264337582302231
1232,20:32,20,32,1232,0.0898356568610482,0.21376264927546726,4.0,0.02,0.0,0.22924274897985297,0.0,0.0,0.4,4.952841055116368,0.08254735091860613
1233,20:33,20,33,1233,0.08963065021785413,0.2107294901687516,4.0,0.02,0.0,0.2215262028407188,0.0,0.0,0.0,4.541886343227325,0.0756981057204554
1234,20:34,20,34,1234,0.08934442802201417,0.207797900707726,4.0,0.02,0.0,0.23756871873242807,0.0,0.0,0.0,4.554711047462168,0.07591185079103613
1235,20:35,20,35,1235,0.08897777478867205,0.205,4.0,0.02,0.0,0.21857158416736702,0.0,0.0,0.4,4.932549358956039,0.08220915598260065
1236,20:36,20,36,1236,0.0885316954888546,0.2023664424312258,4.0,0.02,0.0,0.20196903622420925,0.0,0.0,0.4,4.9128671741442895,0.08188111956907149
1237,20:37,20,37,1237,0.08800741279491606,0.19992608180923424,4.0,0.02,0.0,0.22905657042272892,0.0,0.0,0.4,4.936990065026879,0.08228316775044797
1238,20:38,20,38,1238,0.08740636372927803,0.1977056552356782,4.0,0.02,0.0,0.2105430179752878,0.0,0.0,0.0,4.5156550369402435,0.07526091728233739
1239,20:39,20,39,1239,0.08673019572565105,0.1957294901687516,4.0,0.02,0.0,0.22488432587395527,0.0,0.0,0.0,4.527344011768358,0.07545573352947263
1240,20:40,20,40,1240,0.08598076211353316,0.19401923788646683,4.0,0.02,0.0,0.2291851057500728,0.0,0.0,0.4,4.929185105750073,0.08215308509583455
1241,20:41,20,41,1241,0.08516011703836271,0.19259363627072199,4.0,0.02,0.0,0.23478373183551796,0.0,0.0,0.4,4.932537485144603,0.08220895808574338
1242,20:42,20,42,1242,0.08427050983124844,0.19146830451114538,4.0,0.02,0.0,0.2284944844210449,0.0,0.0,0.4,4.924233298763439,0.08207055497939064
1243,20:43,20,43,1243,0.08331437884370914,0.19065557197798583,4.0,0.02,0.0,0.2128240377079661,0.0,0.0,0.0,4.506793988529661,0.075113233142161
1244,20:44,20,44,1244,0.08229434476432183,0.1901643431389518,4.0,0.02,0.0,0.2268472839630168,0.0,0.0,0.0,4.51930597186629,0.07532176619777149
1245,20:45,20,45,1245,0.08121320343559643,0.19,4.0,0.02,0.0,0.22461944763450617,0.0,0.0,0.4,4.915832651070103,0.08193054418450171
1246,20:46,20,46,1246,0.08007391819076574,0.1901643431389518,4.0,0.02,0.0,0.20623273213853666,0.0,0.0,0.4,4.896470993468254,0.08160784989113756
1247,20:47,20,47,1247,0.07887961173149512,0.19065557197798583,4.0,0.02,0.0,0.2119388256526265,0.0,0.0,0.4,4.901474009362107,0.08169123348936845
1248,20:48,20,48,1248,0.0776335575687742,0.19146830451114538,4.0,0.02,0.0,0.20171000383723792,0.0,0.0,0.0,4.490811865917157,0.07484686443195263
1249,20:49,20,49,1249,0.07633917105045082,0.19259363627072199,4.0,0.02,0.0,0.2049611067532668,0.0,0.0,0.0,4.493893914074439,0.07489823190124065
1250,20:50,20,50,1250,0.075,0.19401923788646683,4.0,0.02,0.0,0.2064460118887608,0.0,0.0,0.4,4.895465249775228,0.0815910874962538
1251,20:51,20,51,1251,0.0736197149921864,0.1957294901687516,4.0,0.02,0.0,0.20860369037730608,0.0,0.0,0.4,4.8979528955382445,0.08163254825897075
1252,20:52,20,52,1252,0.072202099292274,0.1977056552356782,4.0,0.02,0.0,0.2272128715376326,0.0,0.0,0.4,4.917120626065585,0.08195201043442642
1253,20:53,20,53,1253,0.07075103848635902,0.19992608180923424,4.0,0.02,0.0,0.22642441802684035,0.0,0.0,0.0,4.517101538322433,0.07528502563870722
1254,20:54,20,54,1254,0.06927050983124844,0.2023664424312258,4.0,0.02,0.0,0.20648552164861922,0.0,0.0,0.0,4.498122473911093,0.07496870789851821
1255,20:55,20,55,1255,0.06776457135307562,0.205,4.0,0.02,0.0,0.2162273189307096,0.0,0.0,0.4,4.908991890283785,0.08181653150472974
1256,20:56,20,56,1256,0.06623735072453277,0.207797900707726,4.0,0.02,0.0,0.23739927869624572,0.0,0.0,0.4,4.931434530128504,0.08219057550214173
1257,20:57,20,57,1257,0.06469303395120693,0.2107294901687516,4.0,0.02,0.0,0.2253807425069236,0.0,0.0,0.4,4.920803266626883,0.08201338777711471
1258,20:58,20,58,1258,0.06313585389802961,0.2137626492754672,4.0,0.02,0.0,0.2363337380330637,0.0,0.0,0.0,4.53323224120656,0.075553870686776
1259,20:59,20,59,1259,0.06157007868728833,0.21686414610197038,4.0,0.02,0.0,0.2060034099475192,0.0,0.0,0.0,4.504437634736778,0.0750739605789463
1260,21:00,21,0,1260,0.060000000000000005,0.22,4.0,0.02,0.0,0.21476047354540304,0.0,0.0,0.4,4.914760473545403,0.08191267455909006
1261,21:01,21,1,1261,0.05842992131271169,0.22313585389802962,4.0,0.02,0.0,0.20299743029285314,0.0,0.0,0.4,4.904563205503594,0.08174272009172656
1262,21:02,21,2,1262,0.056864146101970395,0.2262373507245328,4.0,0.02,0.0,0.2125476515559951,0.0,0.0,0.4,4.915649148382498,0.08192748580637496
1263,21:03,21,3,1263,0.05530696604879308,0.22927050983124844,4.0,0.02,0.0,0.22292838196312012,0.0,0.0,0.0,4.5275058578431615,0.07545843096405269
1264,21:04,21,4,1264,0.05376264927546723,0.232202099292274,4.0,0.02,0.0,0.21850962845299993,0.0,0.0,0.0,4.5244743770207405,0.07540790628367901
1265,21:05,21,5,1265,0.05223542864692439,0.235,4.0,0.02,0.0,0.20130847506877633,0.0,0.0,0.4,4.9085439037157,0.08180906506192834
1266,21:06,21,6,1266,0.05072949016875157,0.2376335575687742,4.0,0.02,0.0,0.21342075596457205,0.0,0.0,0.4,4.921783803702097,0.08202973006170163
1267,21:07,21,7,1267,0.049248961513640985,0.2400739181907657,4.0,0.02,0.0,0.2070920947403764,0.0,0.0,0.4,4.916414974444783,0.08194024957407972
1268,21:08,21,8,1268,0.04779790070772601,0.24229434476432182,4.0,0.02,0.0,0.21590278538778823,0.0,0.0,0.0,4.525995030859836,0.07543325051433059
1269,21:09,21,9,1269,0.04638028500781361,0.24427050983124843,4.0,0.02,0.0,0.2366023513488164,0.0,0.0,0.0,4.547253146187878,0.07578755243646464
1270,21:10,21,10,1270,0.045,0.2459807621135332,4.0,0.02,0.0,0.20281515737048292,0.0,0.0,0.4,4.913795919484016,0.08189659865806694
1271,21:11,21,11,1271,0.043660828949549195,0.24740636372927804,4.0,0.02,0.0,0.22592776511678675,0.0,0.0,0.4,4.936994957795614,0.08228324929659356
1272,21:12,21,12,1272,0.04236644243122581,0.24853169548885462,4.0,0.02,0.0,0.23731613116935063,0.0,0.0,0.4,4.948214269089431,0.08247023781815718
1273,21:13,21,13,1273,0.041120388268504886,0.24934442802201418,4.0,0.02,0.0,0.2232279916249418,0.0,0.0,0.0,4.53369280791546,0.075561546798591
1274,21:14,21,14,1274,0.03992608180923425,0.2498356568610482,4.0,0.02,0.0,0.21335992906896376,0.0,0.0,0.0,4.523121667739246,0.07538536112898743
1275,21:15,21,15,1275,0.03878679656440357,0.25,4.0,0.02,0.0,0.22077178368237216,0.0,0.0,0.4,4.929558580246776,0.0821593096707796
1276,21:16,21,16,1276,0.037705655235678176,0.2498356568610482,4.0,0.02,0.0,0.2178470873559942,0.0,0.0,0.4,4.9253883994527206,0.08208980665754534
1277,21:17,21,17,1277,0.036685621156290864,0.24934442802201418,4.0,0.02,0.0,0.22825074542844417,0.0,0.0,0.4,4.9342807946067495,0.08223801324344582
1278,21:18,21,18,1278,0.035729490168751585,0.24853169548885462,4.0,0.02,0.0,0.22730323185384138,0.0,0.0,0.0,4.531564417511447,0.07552607362519079
1279,21:19,21,19,1279,0.03483988296163728,0.24740636372927804,4.0,0.02,0.0,0.20637603788734785,0.0,0.0,0.0,4.508622284578263,0.07514370474297105
1280,21:20,21,20,1280,0.034019237886466845,0.2459807621135332,4.0,0.02,0.0,0.23395683938438894,0.0,0.0,0.4,4.933956839384389,0.08223261398973981
1281,21:21,21,21,1281,0.033269804274348974,0.24427050983124843,4.0,0.02,0.0,0.2359082191933179,0.0,0.0,0.4,4.9334485332989155,0.08222414222164859
1282,21:22,21,22,1282,0.032593636270721975,0.24229434476432182,4.0,0.02,0.0,0.21549182609342057,0.0,0.0,0.4,4.910379807128464,0.08183966345214107
1283,21:23,21,23,1283,0.03199258720508395,0.2400739181907657,4.0,0.02,0.0,0.2114275134458113,0.0,0.0,0.0,4.503494018841661,0.07505823364736101
1284,21:24,21,24,1284,0.03146830451114539,0.2376335575687742,4.0,0.02,0.0,0.2156260840502239,0.0,0.0,0.0,4.504727946130143,0.07507879910216905
1285,21:25,21,25,1285,0.03102222521132795,0.235,4.0,0.02,0.0,0.21697545235157498,0.0,0.0,0.4,4.902997677562903,0.08171662795938171
1286,21:26,21,26,1286,0.030655571977985838,0.232202099292274,4.0,0.02,0.0,0.20689693965750425,0.0,0.0,0.4,4.889754610927764,0.0814959101821294
1287,21:27,21,27,1287,0.030369349782145873,0.22927050983124844,4.0,0.02,0.0,0.23525059112978638,0.0,0.0,0.4,4.914890450743181,0.08191484084571969
1288,21:28,21,28,1288,0.0301643431389518,0.2262373507245328,4.0,0.02,0.0,0.2089793564224381,0.0,0.0,0.0,4.485381050285922,0.0747563508380987
1289,21:29,21,29,1289,0.030041113957362784,0.22313585389802962,4.0,0.02,0.0,0.2106541771839948,0.0,0.0,0.0,4.483831145039386,0.07473051908398977
1290,21:30,21,30,1290,0.03,0.22,4.0,0.02,0.0,0.2276136849091496,0.0,0.0,0.4,4.89761368490915,0.08162689474848582
1291,21:31,21,31,1291,0.030041113957362784,0.21686414610197038,0.0,0.02,0.0,0.23488524324219695,0.0,0.0,0.0,0.5017905033015302,0.008363175055025504
1292,21:32,21,32,1292,0.0301643431389518,0.21376264927546726,0.0,0.02,0.0,0.20593975916496457,0.0,0.0,0.0,0.4698667515793836,0.007831112526323061
1293,21:33,21,33,1293,0.03036934978214587,0.2107294901687516,0.0,0.02,0.0,0.21279344054327984,0.0,0.0,0.0,0.4738922804941773,0.007898204674902955
1294,21:34,21,34,1294,0.030655571977985838,0.207797900707726,0.0,0.02,0.0,0.2247137973637285,0.0,0.0,0.0,0.4831672700494404,0.00805278783415734
1295,21:35,21,35,1295,0.031022225211327942,0.205,0.0,0.02,0.0,0.20905044505779677,0.0,0.0,0.0,0.4650726702691247,0.007751211171152078
1296,21:36,21,36,1296,0.03146830451114539,0.2023664424312258,0.0,0.02,0.0,0.2130346238907394,0.0,0.0,0.0,0.46686937083311064,0.007781156180551844
1297,21:37,21,37,1297,0.031992587205083946,0.19992608180923424,0.0,0.02,0.0,0.20092998915043492,0.0,0.0,0.0,0.4528486581647531,0.007547477636079218
1298,21:38,21,38,1298,0.03259363627072197,0.1977056552356782,0.0,0.02,0.0,0.2074924761155353,0.0,0.0,0.0,0.4577917676219355,0.0076298627936989254
1299,21:39,21,39,1299,0.03326980427434895,0.1957294901687516,0.0,0.02,0.0,0.2047390822211177,0.0,0.0,0.0,0.45373837666421823,0.00756230627773697
1300,21:40,21,40,1300,0.03401923788646684,0.19401923788646683,0.0,0.02,0.0,0.2395836892149577,0.0,0.0,0.0,0.48762216498789135,0.008127036083131523
1301,21:41,21,41,1301,0.03483988296163727,0.19259363627072199,0.0,0.02,0.0,0.2151688909183252,0.0,0.0,0.0,0.4626024101506845,0.007710040169178075
1302,21:42,21,42,1302,0.03572949016875158,0.19146830451114538,0.0,0.02,0.0,0.2250076554729111,0.0,0.0,0.0,0.472205450152808,0.007870090835880134
1303,21:43,21,43,1303,0.036685621156290864,0.19065557197798583,0.0,0.02,0.0,0.21715094349267464,0.0,0.0,0.0,0.4644921366269513,0.0077415356104491885
1304,21:44,21,44,1304,0.037705655235678176,0.1901643431389518,0.0,0.02,0.0,0.2223966742190672,0.0,0.0,0.0,0.47026667259369714,0.007837777876561619
1305,21:45,21,45,1305,0.03878679656440357,0.19,0.0,0.02,0.0,0.20371724731729277,0.0,0.0,0.0,0.4525040438816963,0.007541734064694938
1306,21:46,21,46,1306,0.03992608180923423,0.1901643431389518,0.0,0.02,0.0,0.20046216944500628,0.0,0.0,0.0,0.45055259439319234,0.007509209906553206
1307,21:47,21,47,1307,0.041120388268504886,0.19065557197798583,0.0,0.02,0.0,0.2020688642582262,0.0,0.0,0.0,0.45384482450471697,0.007564080408411949
1308,21:48,21,48,1308,0.0423664424312258,0.19146830451114538,0.0,0.02,0.0,0.20948219307663024,0.0,0.0,0.0,0.4633169400190014,0.00772194900031669
1309,21:49,21,49,1309,0.043660828949549195,0.19259363627072199,0.0,0.02,0.0,0.2230682165501808,0.0,0.0,0.0,0.479322681770452,0.007988711362840867
1310,21:50,21,50,1310,0.04499999999999999,0.19401923788646683,0.0,0.02,0.0,0.21908560377770808,0.0,0.0,0.0,0.4781048416641749,0.007968414027736247
1311,21:51,21,51,1311,0.04638028500781359,0.1957294901687516,0.0,0.02,0.0,0.2113652816473736,0.0,0.0,0.0,0.47347505682393876,0.007891250947065645
1312,21:52,21,52,1312,0.047797900707726,0.1977056552356782,0.0,0.02,0.0,0.22296436462640826,0.0,0.0,0.0,0.4884679205698125,0.008141132009496874
1313,21:53,21,53,1313,0.04924896151364098,0.19992608180923424,0.0,0.02,0.0,0.21082146814427813,0.0,0.0,0.0,0.4799965114671534,0.00799994185778589
1314,21:54,21,54,1314,0.05072949016875157,0.2023664424312258,0.0,0.02,0.0,0.22013014638196907,0.0,0.0,0.0,0.4932260789819465,0.008220434649699107
1315,21:55,21,55,1315,0.052235428646924376,0.205,0.0,0.02,0.0,0.2363336391585984,0.0,0.0,0.0,0.5135690678055228,0.00855948446342538
1316,21:56,21,56,1316,0.0537626492754672,0.207797900707726,0.0,0.02,0.0,0.2048530385659664,0.0,0.0,0.0,0.4864135885491596,0.008106893142485994
1317,21:57,21,57,1317,0.055306966048793066,0.2107294901687516,0.0,0.02,0.0,0.20637203059268008,0.0,0.0,0.0,0.49240848681022475,0.008206808113503746
1318,21:58,21,58,1318,0.05686414610197037,0.2137626492754672,0.0,0.02,0.0,0.22438785453444896,0.0,0.0,0.0,0.5150146499118865,0.008583577498531442
1319,21:59,21,59,1319,0.0584299213127117,0.21686414610197038,0.0,0.02,0.0,0.21013397737406692,0.0,0.0,0.0,0.505428044788749,0.00842380074647915
1320,22:00,22,0,1320,0.06,0.22,0.0,0.02,0.0,0.22980681287714097,0.0,1.85,0.0,2.379806812877141,0.03966344688128568
1321,22:01,22,1,1321,0.061570078687288324,0.22313585389802962,0.0,0.02,0.0,0.2319133764717959,0.0,0.37,0.0,0.9066193090571139,0.015110321817618564
1322,22:02,22,2,1322,0.0631358538980296,0.2262373507245328,0.0,0.02,0.0,0.2398149473756524,0.0,0.37,0.0,0.9191881519982148,0.01531980253330358
1323,22:03,22,3,1323,0.06469303395120693,0.22927050983124844,0.0,0.02,0.0,0.20086235396476937,0.0,0.37,0.0,0.8848258977472248,0.014747098295787079
1324,22:04,22,4,1324,0.06623735072453277,0.232202099292274,0.0,0.02,0.0,0.23661717500685622,0.0,0.37,0.0,0.925056625023663,0.01541761041706105
1325,22:05,22,5,1325,0.06776457135307562,0.235,0.0,0.02,0.0,0.21220082333655008,0.0,0.37,0.0,0.9049653946896257,0.015082756578160427
1326,22:06,22,6,1326,0.06927050983124841,0.2376335575687742,0.0,0.02,0.0,0.2308607969240653,0.0,0.37,0.0,0.927764864324088,0.0154627477387348
1327,22:07,22,7,1327,0.07075103848635901,0.2400739181907657,0.0,0.02,0.0,0.23031975135993285,0.0,0.37,0.0,0.9311447080370576,0.015519078467284293
1328,22:08,22,8,1328,0.072202099292274,0.24229434476432182,0.0,0.02,0.0,0.223735203210302,0.0,0.37,0.0,0.9282316472668978,0.015470527454448296
1329,22:09,22,9,1329,0.0736197149921864,0.24427050983124843,0.0,0.02,0.0,0.23311072082285694,0.0,0.37,0.0,0.9410009456462918,0.015683349094104862
1330,22:10,22,10,1330,0.075,0.2459807621135332,0.0,0.02,0.0,0.2003443293793891,0.0,0.37,0.0,0.9113250914929223,0.015188751524882037
1331,22:11,22,11,1331,0.07633917105045081,0.24740636372927804,0.0,0.02,0.0,0.22159820068559424,0.0,0.37,0.0,0.9353437354653231,0.015589062257755385
1332,22:12,22,12,1332,0.0776335575687742,0.24853169548885462,0.0,0.02,0.0,0.20825532404633196,0.0,0.37,0.0,0.9244205771039607,0.015407009618399345
1333,22:13,22,13,1333,0.07887961173149512,0.24934442802201418,0.0,0.02,0.0,0.22915971147299088,0.0,0.37,0.0,0.9473837512265002,0.015789729187108338
1334,22:14,22,14,1334,0.08007391819076574,0.2498356568610482,0.0,0.02,0.0,0.2335978611114202,0.0,0.37,0.0,0.9535074361632342,0.01589179060272057
1335,22:15,22,15,1335,0.08121320343559643,0.25,0.0,0.02,0.0,0.21717431803077525,0.0,0.37,0.0,0.9383875214663717,0.01563979202443953
1336,22:16,22,16,1336,0.08229434476432182,0.2498356568610482,0.0,0.02,0.0,0.2085314800302462,0.0,0.37,0.0,0.9306614816556162,0.01551102469426027
1337,22:17,22,17,1337,0.08331437884370912,0.24934442802201418,0.0,0.02,0.0,0.2267162461800132,0.0,0.37,0.0,0.9493750530457365,0.015822917550762275
1338,22:18,22,18,1338,0.08427050983124844,0.24853169548885462,0.0,0.02,0.0,0.20548993119928888,0.0,0.37,0.0,0.928292136519392,0.015471535608656533
1339,22:19,22,19,1339,0.08516011703836271,0.24740636372927804,0.0,0.02,0.0,0.22463535544144728,0.0,0.37,0.0,0.947201836209088,0.015786697270151466
1340,22:20,22,20,1340,0.08598076211353316,0.2459807621135332,0.0,0.02,0.0,0.21906386119498358,0.0,0.37,0.0,0.9410253854220499,0.01568375642370083
1341,22:21,22,21,1341,0.08673019572565104,0.24427050983124843,0.0,0.02,0.0,0.21879550718954743,0.0,0.37,0.0,0.9397962127464469,0.01566327021244078
1342,22:22,22,22,1342,0.08740636372927803,0.24229434476432182,0.0,0.02,0.0,0.20108308033281588,0.0,0.37,0.0,0.9207837888264158,0.015346396480440262
1343,22:23,22,23,1343,0.08800741279491606,0.2400739181907657,0.0,0.02,0.0,0.23361972898670108,0.0,0.37,0.0,0.9517010599723829,0.015861684332873046
1344,22:24,22,24,1344,0.0885316954888546,0.2376335575687742,0.0,0.02,0.0,0.22264819176392817,0.0,0.37,0.0,0.9388134448215569,0.015646890747025948
1345,22:25,22,25,1345,0.08897777478867205,0.235,0.0,0.02,0.0,0.2012836487945556,0.0,0.37,0.0,0.9152614235832277,0.01525435705972046
1346,22:26,22,26,1346,0.08934442802201417,0.232202099292274,0.0,0.02,0.0,0.22786847613858016,0.0,0.37,0.0,0.9394150034528683,0.015656916724214473
1347,22:27,22,27,1347,0.08963065021785414,0.22927050983124844,0.0,0.02,0.0,0.23371563466331874,0.0,0.37,0.0,0.9426167947124213,0.01571027991187369
1348,22:28,22,28,1348,0.08983565686104819,0.2262373507245328,0.0,0.02,0.0,0.20607793136218258,0.0,0.37,0.0,0.9121509389477636,0.015202515649129392
1349,22:29,22,29,1349,0.08995888604263721,0.22313585389802962,0.0,0.02,0.0,0.2105800249735063,0.0,0.37,0.0,0.9136747649141731,0.015227912748569552
1350,22:30,22,30,1350,0.09,0.22,0.0,0.02,0.0,0.21996848600816346,0.0,0.0,0.0,0.5499684860081635,0.009166141433469392
1351,22:31,22,31,1351,0.08995888604263721,0.21686414610197038,0.0,0.02,0.0,0.2378192191222869,0.0,0.0,0.0,0.5646422512668945,0.009410704187781574
1352,22:32,22,32,1352,0.0898356568610482,0.21376264927546726,0.0,0.02,0.0,0.22159090046922159,0.0,0.0,0.0,0.5451892066057371,0.009086486776762284
1353,22:33,22,33,1353,0.08963065021785413,0.2107294901687516,0.0,0.02,0.0,0.22697397348148882,0.0,0.0,0.0,0.5473341138680946,0.00912223523113491
1354,22:34,22,34,1354,0.08934442802201417,0.207797900707726,0.0,0.02,0.0,0.2332348240153114,0.0,0.0,0.0,0.5503771527450516,0.00917295254575086
1355,22:35,22,35,1355,0.08897777478867205,0.205,0.0,0.02,0.0,0.2281041316383208,0.0,0.0,0.0,0.5420819064269928,0.00903469844044988
1356,22:36,22,36,1356,0.0885316954888546,0.2023664424312258,0.0,0.02,0.0,0.2250590895253558,0.0,0.0,0.0,0.5359572274454363,0.008932620457423938
1357,22:37,22,37,1357,0.08800741279491606,0.19992608180923424,0.0,0.02,0.0,0.222629875927251,0.0,0.0,0.0,0.5305633705314013,0.008842722842190022
1358,22:38,22,38,1358,0.08740636372927803,0.1977056552356782,0.0,0.02,0.0,0.22939210883252076,0.0,0.0,0.0,0.534504127797477,0.00890840212995795
1359,22:39,22,39,1359,0.08673019572565105,0.1957294901687516,0.0,0.02,0.0,0.22217351878610564,0.0,0.0,0.0,0.5246332046805082,0.008743886744675137
1360,22:40,22,40,1360,0.08598076211353316,0.19401923788646683,0.0,0.02,0.0,0.2186561613856979,0.0,0.0,0.0,0.5186561613856979,0.008644269356428298
1361,22:41,22,41,1361,0.08516011703836271,0.19259363627072199,0.0,0.02,0.0,0.2307068354738974,0.0,0.0,0.0,0.5284605887829821,0.008807676479716368
1362,22:42,22,42,1362,0.08427050983124844,0.19146830451114538,0.0,0.02,0.0,0.21011715706703982,0.0,0.0,0.0,0.5058559714094337,0.008430932856823895
1363,22:43,22,43,1363,0.08331437884370914,0.19065557197798583,0.0,0.02,0.0,0.22468847576002068,0.0,0.0,0.0,0.5186584265817157,0.008644307109695262
1364,22:44,22,44,1364,0.08229434476432183,0.1901643431389518,0.0,0.02,0.0,0.2333999765494545,0.0,0.0,0.0,0.5258586644527281,0.008764311074212135
1365,22:45,22,45,1365,0.08121320343559643,0.19,0.0,0.02,0.0,0.20505498513039633,0.0,0.0,0.0,0.49626818856599275,0.008271136476099878
1366,22:46,22,46,1366,0.08007391819076574,0.1901643431389518,0.0,0.02,0.0,0.23948125932682865,0.0,0.0,0.0,0.5297195206565463,0.008828658677609104
1367,22:47,22,47,1367,0.07887961173149512,0.19065557197798583,0.0,0.02,0.0,0.23487290958466045,0.0,0.0,0.0,0.5244080932941414,0.00874013488823569
1368,22:48,22,48,1368,0.0776335575687742,0.19146830451114538,0.0,0.02,0.0,0.2203848155212992,0.0,0.0,0.0,0.5094866776012188,0.008491444626686979
1369,22:49,22,49,1369,0.07633917105045082,0.19259363627072199,0.0,0.02,0.0,0.20830427770623727,0.0,0.0,0.0,0.4972370850274101,0.008287284750456834
1370,22:50,22,50,1370,0.075,0.19401923788646683,0.0,0.02,0.0,0.2386159552378209,0.0,0.0,0.0,0.5276351931242877,0.008793919885404795
1371,22:51,22,51,1371,0.0736197149921864,0.1957294901687516,0.0,0.02,0.0,0.21526689515140476,0.0,0.0,0.0,0.5046161003123428,0.008410268338539048
1372,22:52,22,52,1372,0.072202099292274,0.1977056552356782,0.0,0.02,0.0,0.23383593415274034,0.0,0.0,0.0,0.5237436886806925,0.008729061478011542
1373,22:53,22,53,1373,0.07075103848635902,0.19992608180923424,0.0,0.02,0.0,0.20191301013611146,0.0,0.0,0.0,0.49259013043170474,0.00820983550719508
1374,22:54,22,54,1374,0.06927050983124844,0.2023664424312258,0.0,0.02,0.0,0.2288758737169726,0.0,0.0,0.0,0.5205128259794469,0.008675213766324115
1375,22:55,22,55,1375,0.06776457135307562,0.205,0.0,0.02,0.0,0.22896529532256124,0.0,0.0,0.0,0.5217298666756369,0.008695497777927282
1376,22:56,22,56,1376,0.06623735072453277,0.207797900707726,0.0,0.02,0.0,0.2262724184626406,0.0,0.0,0.0,0.5203076698948994,0.008671794498248323
1377,22:57,22,57,1377,0.06469303395120693,0.2107294901687516,0.0,0.02,0.0,0.20288334150838885,0.0,0.0,0.0,0.49830586562834733,0.008305097760472455
1378,22:58,22,58,1378,0.06313585389802961,0.2137626492754672,0.0,0.02,0.0,0.2226105552717441,0.0,0.0,0.0,0.519509058445241,0.008658484307420684
1379,22:59,22,59,1379,0.06157007868728833,0.21686414610197038,0.0,0.02,0.0,0.20397499657041937,0.0,0.0,0.0,0.5024092213596781,0.008373487022661302
1380,23:00,23,0,1380,0.060000000000000005,0.22,0.0,0.02,0.0,0.04867008464991149,0.0,0.0,0.0,0.34867008464991156,0.005811168077498526
1381,23:01,23,1,1381,0.05842992131271169,0.22313585389802962,0.0,0.02,0.0,0.0451264186525609,0.0,0.0,0.0,0.34669219386330224,0.005778203231055037
1382,23:02,23,2,1382,0.056864146101970395,0.2262373507245328,0.0,0.02,0.0,0.047596924189291345,0.0,0.0,0.0,0.35069842101579457,0.005844973683596576
1383,23:03,23,3,1383,0.05530696604879308,0.22927050983124844,0.0,0.02,0.0,0.04568204264220732,0.0,0.0,0.0,0.35025951852224885,0.00583765864203748
1384,23:04,23,4,1384,0.05376264927546723,0.232202099292274,0.0,0.02,0.0,0.04984600011059116,0.0,0.0,0.0,0.3558107486783324,0.005930179144638874
1385,23:05,23,5,1385,0.05223542864692439,0.235,0.0,0.02,0.0,0.040311974438015624,0.0,0.0,0.0,0.34754740308494003,0.005792456718082334
1386,23:06,23,6,1386,0.05072949016875157,0.2376335575687742,0.0,0.02,0.0,0.04470844990309846,0.0,0.0,0.0,0.35307149764062423,0.00588452496067707
1387,23:07,23,7,1387,0.049248961513640985,0.2400739181907657,0.0,0.02,0.0,0.04101973810888932,0.0,0.0,0.0,0.350342617813296,0.0058390436302216
1388,23:08,23,8,1388,0.04779790070772601,0.24229434476432182,0.0,0.02,0.0,0.047760903273578986,0.0,0.0,0.0,0.3578531487456268,0.005964219145760447
1389,23:09,23,9,1389,0.04638028500781361,0.24427050983124843,0.0,0.02,0.0,0.047392101297174694,0.0,0.0,0.0,0.35804289613623674,0.005967381602270613
1390,23:10,23,10,1390,0.045,0.2459807621135332,0.0,0.02,0.0,0.04479395561884759,0.0,0.0,0.0,0.3557747177323808,0.005929578628873013
1391,23:11,23,11,1391,0.043660828949549195,0.24740636372927804,0.0,0.02,0.0,0.0492705304440951,0.0,0.0,0.0,0.36033772312292234,0.006005628718715373
1392,23:12,23,12,1392,0.04236644243122581,0.24853169548885462,0.0,0.02,0.0,0.041878652394405566,0.0,0.0,0.0,0.35277679031448606,0.005879613171908101
1393,23:13,23,13,1393,0.041120388268504886,0.24934442802201418,0.0,0.02,0.0,0.045754707007787186,0.0,0.0,0.0,0.35621952329830625,0.0059369920549717705
1394,23:14,23,14,1394,0.03992608180923425,0.2498356568610482,0.0,0.02,0.0,0.04661025108846168,0.0,0.0,0.0,0.3563719897587441,0.005939533162645736
1395,23:15,23,15,1395,0.03878679656440357,0.25,0.0,0.02,0.0,0.04725826746724431,0.0,0.0,0.0,0.35604506403164793,0.005934084400527465
1396,23:16,23,16,1396,0.037705655235678176,0.2498356568610482,0.0,0.02,0.0,0.04543039495471354,0.0,0.0,0.0,0.35297170705144,0.005882861784190666
1397,23:17,23,17,1397,0.036685621156290864,0.24934442802201418,0.0,0.02,0.0,0.0412812964677072,0.0,0.0,0.0,0.3473113456460123,0.005788522427433538
1398,23:18,23,18,1398,0.035729490168751585,0.24853169548885462,0.0,0.02,0.0,0.041513135785922264,0.0,0.0,0.0,0.3457743214435285,0.0057629053573921415
1399,23:19,23,19,1399,0.03483988296163728,0.24740636372927804,0.0,0.02,0.0,0.046604568449834016,0.0,0.0,0.0,0.34885081514074934,0.005814180252345823
1400,23:20,23,20,1400,0.034019237886466845,0.2459807621135332,0.0,0.02,0.0,0.04514463488021383,0.0,0.0,0.0,0.34514463488021385,0.005752410581336897
1401,23:21,23,21,1401,0.033269804274348974,0.24427050983124843,0.0,0.02,0.0,0.046211630107223546,0.0,0.0,0.0,0.343751944212821,0.005729199070213684
1402,23:22,23,22,1402,0.032593636270721975,0.24229434476432182,0.0,0.02,0.0,0.045390328923766175,0.0,0.0,0.0,0.34027830995881,0.005671305165980166
1403,23:23,23,23,1403,0.03199258720508395,0.2400739181907657,0.0,0.02,0.0,0.041055239704839014,0.0,0.0,0.0,0.3331217451006887,0.005552029085011479
1404,23:24,23,24,1404,0.03146830451114539,0.2376335575687742,0.0,0.02,0.0,0.04621373358491651,0.0,0.0,0.0,0.33531559566483615,0.005588593261080603
1405,23:25,23,25,1405,0.03102222521132795,0.235,0.0,0.02,0.0,0.04967131401300069,0.0,0.0,0.0,0.33569353922432865,0.005594892320405477
1406,23:26,23,26,1406,0.030655571977985838,0.232202099292274,0.0,0.02,0.0,0.04482260461060222,0.0,0.0,0.0,0.32768027588086207,0.005461337931347701
1407,23:27,23,27,1407,0.030369349782145873,0.22927050983124844,0.0,0.02,0.0,0.04430060344628327,0.0,0.0,0.0,0.3239404630596776,0.005399007717661293
1408,23:28,23,28,1408,0.0301643431389518,0.2262373507245328,0.0,0.02,0.0,0.044197698017717495,0.0,0.0,0.0,0.3205993918812021,0.005343323198020035
1409,23:29,23,29,1409,0.030041113957362784,0.22313585389802962,0.0,0.02,0.0,0.04330672422660089,0.0,0.0,0.0,0.3164836920819933,0.005274728201366555
1410,23:30,23,30,1410,0.03,0.22,0.0,0.02,0.0,0.04561876885196017,0.0,0.0,0.0,0.31561876885196016,0.005260312814199336
1411,23:31,23,31,1411,0.030041113957362784,0.21686414610197038,0.0,0.02,0.0,0.04091158184094561,0.0,0.0,0.0,0.3078168419002788,0.00513028069833798
1412,23:32,23,32,1412,0.0301643431389518,0.21376264927546726,0.0,0.02,0.0,0.04709222416601994,0.0,0.0,0.0,0.311019216580439,0.005183653609673984
1413,23:33,23,33,1413,0.03036934978214587,0.2107294901687516,0.0,0.02,0.0,0.045154958442939264,0.0,0.0,0.0,0.3062537983938367,0.005104229973230612
1414,23:34,23,34,1414,0.030655571977985838,0.207797900707726,0.0,0.02,0.0,0.04930584307327974,0.0,0.0,0.0,0.30775931575899157,0.005129321929316526
1415,23:35,23,35,1415,0.031022225211327942,0.205,0.0,0.02,0.0,0.047809042766648165,0.0,0.0,0.0,0.3038312679779761,0.005063854466299602
1416,23:36,23,36,1416,0.03146830451114539,0.2023664424312258,0.0,0.02,0.0,0.04711125495419202,0.0,0.0,0.0,0.3009460018965633,0.005015766698276055
1417,23:37,23,37,1417,0.031992587205083946,0.19992608180923424,0.0,0.02,0.0,0.04825173277495167,0.0,0.0,0.0,0.30017040178926985,0.005002840029821164
1418,23:38,23,38,1418,0.03259363627072197,0.1977056552356782,0.0,0.02,0.0,0.04136859795901498,0.0,0.0,0.0,0.29166788946541516,0.004861131491090253
1419,23:39,23,39,1419,0.03326980427434895,0.1957294901687516,0.0,0.02,0.0,0.04481490711862748,0.0,0.0,0.0,0.293814201561728,0.004896903359362133
1420,23:40,23,40,1420,0.03401923788646684,0.19401923788646683,0.0,0.02,0.0,0.04296243416756816,0.0,0.0,0.0,0.2910009099405018,0.00485001516567503
1421,23:41,23,41,1421,0.03483988296163727,0.19259363627072199,0.0,0.02,0.0,0.045928858137619974,0.0,0.0,0.0,0.2933623773699792,0.00488937295616632
1422,23:42,23,42,1422,0.03572949016875158,0.19146830451114538,0.0,0.02,0.0,0.040590895818601556,0.0,0.0,0.0,0.2877886904984985,0.0047964781749749745
1423,23:43,23,43,1423,0.036685621156290864,0.19065557197798583,0.0,0.02,0.0,0.047431304368061256,0.0,0.0,0.0,0.2947724975023379,0.004912874958372298
1424,23:44,23,44,1424,0.037705655235678176,0.1901643431389518,0.0,0.02,0.0,0.047133207829076734,0.0,0.0,0.0,0.2950032062037067,0.004916720103395111
1425,23:45,23,45,1425,0.03878679656440357,0.19,0.0,0.02,0.0,0.049721764571966164,0.0,0.0,0.0,0.2985085611363697,0.004975142685606161
1426,23:46,23,46,1426,0.03992608180923423,0.1901643431389518,0.0,0.02,0.0,0.04338145366422538,0.0,0.0,0.0,0.2934718786124114,0.004891197976873524
1427,23:47,23,47,1427,0.041120388268504886,0.19065557197798583,0.0,0.02,0.0,0.04990255535267443,0.0,0.0,0.0,0.30167851559916514,0.005027975259986085
1428,23:48,23,48,1428,0.0423664424312258,0.19146830451114538,0.0,0.02,0.0,0.04128150157940468,0.0,0.0,0.0,0.29511624852177587,0.004918604142029598
1429,23:49,23,49,1429,0.043660828949549195,0.19259363627072199,0.0,0.02,0.0,0.04517530537654676,0.0,0.0,0.0,0.3014297705968179,0.005023829509946965
1430,23:50,23,50,1430,0.04499999999999999,0.19401923788646683,0.0,0.02,0.0,0.04548898898009026,0.0,0.0,0.0,0.30450822686655704,0.005075137114442617
1431,23:51,23,51,1431,0.04638028500781359,0.1957294901687516,0.0,0.02,0.0,0.04375454631038985,0.0,0.0,0.0,0.305864321486955,0.00509773869144925
1432,23:52,23,52,1432,0.047797900707726,0.1977056552356782,0.0,0.02,0.0,0.04508681812526293,0.0,0.0,0.0,0.31059037406866713,0.005176506234477785
1433,23:53,23,53,1433,0.04924896151364098,0.19992608180923424,0.0,0.02,0.0,0.04818507961653953,0.0,0.0,0.0,0.31736012293941473,0.005289335382323579
1434,23:54,23,54,1434,0.05072949016875157,0.2023664424312258,0.0,0.02,0.0,0.04113420764539348,0.0,0.0,0.0,0.3142301402453709,0.005237169004089515
1435,23:55,23,55,1435,0.052235428646924376,0.205,0.0,0.02,0.0,0.047682316337339076,0.0,0.0,0.0,0.3249177449842635,0.0054152957497377256
1436,23:56,23,56,1436,0.0537626492754672,0.207797900707726,0.0,0.02,0.0,0.04826542993437802,0.0,0.0,0.0,0.32982597991757123,0.005497099665292854
1437,23:57,23,57,1437,0.055306966048793066,0.2107294901687516,0.0,0.02,0.0,0.048923754756035956,0.0,0.0,0.0,0.33496021097358064,0.00558267018289301
1438,23:58,23,58,1438,0.05686414610197037,0.2137626492754672,0.0,0.02,0.0,0.04193854180121147,0.0,0.0,0.0,0.33256533717864906,0.005542755619644151
1439,23:59,23,59,1439,0.0584299213127117,0.21686414610197038,0.0,0.02,0.0,0.04739889902838606,0.0,0.0,0.0,0.3426929664430682,0.005711549440717803
