step,Time,Hour,Minute,minute_of_day,ep_fridge_an_kw,ep_washer_an_kw,ep_dryer_bn_kw,boosterpump_abn_kw,ep_pump_kw,l2_bathroom1_an_kw,l3_socket1_an_kw,l1_airc_abn_kw,l2_airc1_abn_kw,l2_airc2_abn_kw,l3_airc_abn_kw,ep_1f_lighting1_an_kw,ep_1f_lighting2_bn_kw,ep_2f_lighting1_an_kw,ep_2f_lighting2_bn_kw,ep_3f_lighting1_an_kw,ep_3f_lighting2_bn_kw,l1_lighting1_an_kw,l1_lighting2_bn_kw,l2_lighting1_an_kw,l2_lighting2_bn_kw,l3_lighting1_an_kw,l3_lighting2_bn_kw,ep_1f_wifi_an_kw,ep_1f_socket_bn_kw,ep_kitchen_bn_kw,ep_2f_socket1_an_kw,ep_2f_socket2_bn_kw,l1_socket1_an_kw,l1_socket2_bn_kw,l1_socket3_an_kw,l1_socket4_bn_kw,l1_socket5_an_kw,l1_socket6_bn_kw,l1_kitchen_abn_kw,l2_socket1_an_kw,l2_socket2_bn_kw,l2_socket3_an_kw,l2_socket4_bn_kw,l2_socket5_an_kw,l2_socket6_bn_kw,l2_socket7_an_kw,l2_socket8_bn_kw,l2_bathroom2_bn_kw,l3_socket2_bn_kw,l3_socket3_an_kw,l3_socket4_bn_kw,l3_socket5_an_kw,l3_socket6_bn_kw,l3_socket7_an_kw,l3_socket8_bn_kw,total_power_kw,energy_kwh
0,00:00,0,0,0,0.1,0.1,0.1,0.1,0.1,0.3,0.4,0.2,0.3,0.3,0.4,0.1,0.1,0.1,0.1,0.1,0.1,0.2,0.2,0.3,0.3,0.3,0.4,0.1,0.1,0.1,0.1,0.1,0.2,0.2,0.2,0.2,0.2,0.2,0.2,0.3,0.3,0.3,0.3,0.3,0.3,0.3,0.3,0.3,0.4,0.4,0.4,0.4,0.4,0.4,0.4,12.100000000000005,0.20166666666666674
1,00:01,0,1,1,0.1,0.1,0.1,0.1,0.1,0.3,0.4,0.2,0.3,0.3,0.4,0.1,0.1,0.1,0.1,0.1,0.1,0.2,0.2,0.3,0.3,0.3,0.4,0.1,0.1,0.1,0.1,0.1,0.2,0.2,0.2,0.2,0.2,0.2,0.2,0.3,0.3,0.3,0.3,0.3,0.3,0.3,0.3,0.3,0.4,0.4,0.4,0.4,0.4,0.4,0.4,12.100000000000005,0.20166666666666674
2,00:02,0,2,2,0.1,0.1,0.1,0.1,0.1,0.3,0.4,0.2,0.3,0.3,0.4,0.1,0.1,0.1,0.1,0.1,0.1,0.2,0.2,0.3,0.3,0.3,0.4,0.1,0.1,0.1,0.1,0.1,0.2,0.2,0.2,0.2,0.2,0.2,0.2,0.3,0.3,0.3,0.3,0.3,0.3,0.3,0.3,0.3,0.4,0.4,0.4,0.4,0.4,0.4,0.4,12.100000000000005,0.20166666666666674
3,00:03,0,3,3,0.1,0.1,0.1,0.1,0.1,0.3,0.4,0.2,0.3,0.3,0.4,0.1,0.1,0.1,0.1,0.1,0.1,0.2,0.2,0.3,0.3,0.3,0.4,0.1,0.1,0.1,0.1,0.1,0.2,0.2,0.2,0.2,0.2,0.2,0.2,0.3,0.3,0.3,0.3,0.3,0.3,0.3,0.3,0.3,0.4,0.4,0.4,0.4,0.4,0.4,0.4,12.100000000000005,0.20166666666666674
4,00:04,0,4,4,0.1,0.1,0.1,0.1,0.1,0.3,0.4,0.2,0.3,0.3,0.4,0.1,0.1,0.1,0.1,0.1,0.1,0.2,0.2,0.3,0.3,0.3,0.4,0.1,0.1,0.1,0.1,0.1,0.2,0.2,0.2,0.2,0.2,0.2,0.2,0.3,0.3,0.3,0.3,0.3,0.3,0.3,0.3,0.3,0.4,0.4,0.4,0.4,0.4,0.4,0.4,12.100000000000005,0.20166666666666674
5,00:05,0,5,5,0.1,0.1,0.1,0.1,0.1,0.3,0.4,0.2,0.3,0.3,0.4,0.1,0.1,0.1,0.1,0.1,0.1,0.2,0.2,0.3,0.3,0.3,0.4,0.1,0.1,0.1,0.1,0.1,0.2,0.2,0.2,0.2,0.2,0.2,0.2,0.3,0.3,0.3,0.3,0.3,0.3,0.3,0.3,0.3,0.4,0.4,0.4,0.4,0.4,0.4,0.4,12.100000000000005,0.20166666666666674
6,00:06,0,6,6,0.1,0.1,0.1,0.1,0.1,0.3,0.4,0.2,0.3,0.3,0.4,0.1,0.1,0.1,0.1,0.1,0.1,0.2,0.2,0.3,0.3,0.3,0.4,0.1,0.1,0.1,0.1,0.1,0.2,0.2,0.2,0.2,0.2,0.2,0.2,0.3,0.3,0.3,0.3,0.3,0.3,0.3,0.3,0.3,0.4,0.4,0.4,0.4,0.4,0.4,0.4,12.100000000000005,0.20166666666666674
7,00:07,0,7,7,0.1,0.1,0.1,0.1,0.1,0.3,0.4,0.2,0.3,0.3,0.4,0.1,0.1,0.1,0.1,0.1,0.1,0.2,0.2,0.3,0.3,0.3,0.4,0.1,0.1,0.1,0.1,0.1,0.2,0.2,0.2,0.2,0.2,0.2,0.2,0.3,0.3,0.3,0.3,0.3,0.3,0.3,0.3,0.3,0.4,0.4,0.4,0.4,0.4,0.4,0.4,12.100000000000005,0.20166666666666674
8,00:08,0,8,8,0.1,0.1,0.1,0.1,0.1,0.3,0.4,0.2,0.3,0.3,0.4,0.1,0.1,0.1,0.1,0.1,0.1,0.2,0.2,0.3,0.3,0.3,0.4,0.1,0.1,0.1,0.1,0.1,0.2,0.2,0.2,0.2,0.2,0.2,0.2,0.3,0.3,0.3,0.3,0.3,0.3,0.3,0.3,0.3,0.4,0.4,0.4,0.4,0.4,0.4,0.4,12.100000000000005,0.20166666666666674
9,00:09,0,9,9,0.1,0.1,0.1,0.1,0.1,0.3,0.4,0.2,0.3,0.3,0.4,0.1,0.1,0.1,0.1,0.1,0.1,0.2,0.2,0.3,0.3,0.3,0.4,0.1,0.1,0.1,0.1,0.1,0.2,0.2,0.2,0.2,0.2,0.2,0.2,0.3,0.3,0.3,0.3,0.3,0.3,0.3,0.3,0.3,0.4,0.4,0.4,0.4,0.4,0.4,0.4,12.100000000000005,0.20166666666666674
10,00:10,0,10,10,0.1,0.1,0.1,0.1,0.1,0.3,0.4,0.2,0.3,0.3,0.4,0.1,0.1,0.1,0.1,0.1,0.1,0.2,0.2,0.3,0.3,0.3,0.4,0.1,0.1,0.1,0.1,0.1,0.2,0.2,0.2,0.2,0.2,0.2,0.2,0.3,0.3,0.3,0.3,0.3,0.3,0.3,0.3,0.3,0.4,0.4,0.4,0.4,0.4,0.4,0.4,12.100000000000005,0.20166666666666674
11,00:11,0,11,11,0.1,0.1,0.1,0.1,0.1,0.3,0.4,0.2,0.3,0.3,0.4,0.1,0.1,0.1,0.1,0.1,0.1,0.2,0.2,0.3,0.3,0.3,0.4,0.1,0.1,0.1,0.1,0.1,0.2,0.2,0.2,0.2,0.2,0.2,0.2,0.3,0.3,0.3,0.3,0.3,0.3,0.3,0.3,0.3,0.4,0.4,0.4,0.4,0.4,0.4,0.4,12.100000000000005,0.20166666666666674
12,00:12,0,12,12,0.1,0.1,0.1,0.1,0.1,0.3,0.4,0.2,0.3,0.3,0.4,0.1,0.1,0.1,0.1,0.1,0.1,0.2,0.2,0.3,0.3,0.3,0.4,0.1,0.1,0.1,0.1,0.1,0.2,0.2,0.2,0.2,0.2,0.2,0.2,0.3,0.3,0.3,0.3,0.3,0.3,0.3,0.3,0.3,0.4,0.4,0.4,0.4,0.4,0.4,0.4,12.100000000000005,0.20166666666666674
13,00:13,0,13,13,0.1,0.1,0.1,0.1,0.1,0.3,0.4,0.2,0.3,0.3,0.4,0.1,0.1,0.1,0.1,0.1,0.1,0.2,0.2,0.3,0.3,0.3,0.4,0.1,0.1,0.1,0.1,0.1,0.2,0.2,0.2,0.2,0.2,0.2,0.2,0.3,0.3,0.3,0.3,0.3,0.3,0.3,0.3,0.3,0.4,0.4,0.4,0.4,0.4,0.4,0.4,12.100000000000005,0.20166666666666674
14,00:14,0,14,14,0.1,0.1,0.1,0.1,0.1,0.3,0.4,0.2,0.3,0.3,0.4,0.1,0.1,0.1,0.1,0.1,0.1,0.2,0.2,0.3,0.3,0.3,0.4,0.1,0.1,0.1,0.1,0.1,0.2,0.2,0.2,0.2,0.2,0.2,0.2,0.3,0.3,0.3,0.3,0.3,0.3,0.3,0.3,0.3,0.4,0.4,0.4,0.4,0.4,0.4,0.4,12.100000000000005,0.20166666666666674
15,00:15,0,15,15,0.1,0.1,0.1,0.1,0.1,0.3,0.4,0.2,0.3,0.3,0.4,0.1,0.1,0.1,0.1,0.1,0.1,0.2,0.2,0.3,0.3,0.3,0.4,0.1,0.1,0.1,0.1,0.1,0.2,0.2,0.2,0.2,0.2,0.2,0.2,0.3,0.3,0.3,0.3,0.3,0.3,0.3,0.3,0.3,0.4,0.4,0.4,0.4,0.4,0.4,0.4,12.100000000000005,0.20166666666666674
16,00:16,0,16,16,0.1,0.1,0.1,0.1,0.1,0.3,0.4,0.2,0.3,0.3,0.4,0.1,0.1,0.1,0.1,0.1,0.1,0.2,0.2,0.3,0.3,0.3,0.4,0.1,0.1,0.1,0.1,0.1,0.2,0.2,0.2,0.2,0.2,0.2,0.2,0.3,0.3,0.3,0.3,0.3,0.3,0.3,0.3,0.3,0.4,0.4,0.4,0.4,0.4,0.4,0.4,12.100000000000005,0.20166666666666674
17,00:17,0,17,17,0.1,0.1,0.1,0.1,0.1,0.3,0.4,0.2,0.3,0.3,0.4,0.1,0.1,0.1,0.1,0.1,0.1,0.2,0.2,0.3,0.3,0.3,0.4,0.1,0.1,0.1,0.1,0.1,0.2,0.2,0.2,0.2,0.2,0.2,0.2,0.3,0.3,0.3,0.3,0.3,0.3,0.3,0.3,0.3,0.4,0.4,0.4,0.4,0.4,0.4,0.4,12.100000000000005,0.20166666666666674
18,00:18,0,18,18,0.1,0.1,0.1,0.1,0.1,0.3,0.4,0.2,0.3,0.3,0.4,0.1,0.1,0.1,0.1,0.1,0.1,0.2,0.2,0.3,0.3,0.3,0.4,0.1,0.1,0.1,0.1,0.1,0.2,0.2,0.2,0.2,0.2,0.2,0.2,0.3,0.3,0.3,0.3,0.3,0.3,0.3,0.3,0.3,0.4,0.4,0.4,0.4,0.4,0.4,0.4,12.100000000000005,0.20166666666666674
19,00:19,0,19,19,0.1,0.1,0.1,0.1,0.1,0.3,0.4,0.2,0.3,0.3,0.4,0.1,0.1,0.1,0.1,0.1,0.1,0.2,0.2,0.3,0.3,0.3,0.4,0.1,0.1,0.1,0.1,0.1,0.2,0.2,0.2,0.2,0.2,0.2,0.2,0.3,0.3,0.3,0.3,0.3,0.3,0.3,0.3,0.3,0.4,0.4,0.4,0.4,0.4,0.4,0.4,12.100000000000005,0.20166666666666674
20,00:20,0,20,20,0.1,0.1,0.1,0.1,0.1,0.3,0.4,0.2,0.3,0.3,0.4,0.1,0.1,0.1,0.1,0.1,0.1,0.2,0.2,0.3,0.3,0.3,0.4,0.1,0.1,0.1,0.1,0.1,0.2,0.2,0.2,0.2,0.2,0.2,0.2,0.3,0.3,0.3,0.3,0.3,0.3,0.3,0.3,0.3,0.4,0.4,0.4,0.4,0.4,0.4,0.4,12.100000000000005,0.20166666666666674
21,00:21,0,21,21,0.1,0.1,0.1,0.1,0.1,0.3,0.4,0.2,0.3,0.3,0.4,0.1,0.1,0.1,0.1,0.1,0.1,0.2,0.2,0.3,0.3,0.3,0.4,0.1,0.1,0.1,0.1,0.1,0.2,0.2,0.2,0.2,0.2,0.2,0.2,0.3,0.3,0.3,0.3,0.3,0.3,0.3,0.3,0.3,0.4,0.4,0.4,0.4,0.4,0.4,0.4,12.100000000000005,0.20166666666666674
22,00:22,0,22,22,0.1,0.1,0.1,0.1,0.1,0.3,0.4,0.2,0.3,0.3,0.4,0.1,0.1,0.1,0.1,0.1,0.1,0.2,0.2,0.3,0.3,0.3,0.4,0.1,0.1,0.1,0.1,0.1,0.2,0.2,0.2,0.2,0.2,0.2,0.2,0.3,0.3,0.3,0.3,0.3,0.3,0.3,0.3,0.3,0.4,0.4,0.4,0.4,0.4,0.4,0.4,12.100000000000005,0.20166666666666674
23,00:23,0,23,23,0.1,0.1,0.1,0.1,0.1,0.3,0.4,0.2,0.3,0.3,0.4,0.1,0.1,0.1,0.1,0.1,0.1,0.2,0.2,0.3,0.3,0.3,0.4,0.1,0.1,0.1,0.1,0.1,0.2,0.2,0.2,0.2,0.2,0.2,0.2,0.3,0.3,0.3,0.3,0.3,0.3,0.3,0.3,0.3,0.4,0.4,0.4,0.4,0.4,0.4,0.4,12.100000000000005,0.20166666666666674
24,00:24,0,24,24,0.1,0.1,0.1,0.1,0.1,0.3,0.4,0.2,0.3,0.3,0.4,0.1,0.1,0.1,0.1,0.1,0.1,0.2,0.2,0.3,0.3,0.3,0.4,0.1,0.1,0.1,0.1,0.1,0.2,0.2,0.2,0.2,0.2,0.2,0.2,0.3,0.3,0.3,0.3,0.3,0.3,0.3,0.3,0.3,0.4,0.4,0.4,0.4,0.4,0.4,0.4,12.100000000000005,0.20166666666666674
25,00:25,0,25,25,0.1,0.1,0.1,0.1,0.1,0.3,0.4,0.2,0.3,0.3,0.4,0.1,0.1,0.1,0.1,0.1,0.1,0.2,0.2,0.3,0.3,0.3,0.4,0.1,0.1,0.1,0.1,0.1,0.2,0.2,0.2,0.2,0.2,0.2,0.2,0.3,0.3,0.3,0.3,0.3,0.3,0.3,0.3,0.3,0.4,0.4,0.4,0.4,0.4,0.4,0.4,12.100000000000005,0.20166666666666674
26,00:26,0,26,26,0.1,0.1,0.1,0.1,0.1,0.3,0.4,0.2,0.3,0.3,0.4,0.1,0.1,0.1,0.1,0.1,0.1,0.2,0.2,0.3,0.3,0.3,0.4,0.1,0.1,0.1,0.1,0.1,0.2,0.2,0.2,0.2,0.2,0.2,0.2,0.3,0.3,0.3,0.3,0.3,0.3,0.3,0.3,0.3,0.4,0.4,0.4,0.4,0.4,0.4,0.4,12.100000000000005,0.20166666666666674
27,00:27,0,27,27,0.1,0.1,0.1,0.1,0.1,0.3,0.4,0.2,0.3,0.3,0.4,0.1,0.1,0.1,0.1,0.1,0.1,0.2,0.2,0.3,0.3,0.3,0.4,0.1,0.1,0.1,0.1,0.1,0.2,0.2,0.2,0.2,0.2,0.2,0.2,0.3,0.3,0.3,0.3,0.3,0.3,0.3,0.3,0.3,0.4,0.4,0.4,0.4,0.4,0.4,0.4,12.100000000000005,0.20166666666666674
28,00:28,0,28,28,0.1,0.1,0.1,0.1,0.1,0.3,0.4,0.2,0.3,0.3,0.4,0.1,0.1,0.1,0.1,0.1,0.1,0.2,0.2,0.3,0.3,0.3,0.4,0.1,0.1,0.1,0.1,0.1,0.2,0.2,0.2,0.2,0.2,0.2,0.2,0.3,0.3,0.3,0.3,0.3,0.3,0.3,0.3,0.3,0.4,0.4,0.4,0.4,0.4,0.4,0.4,12.100000000000005,0.20166666666666674
29,00:29,0,29,29,0.1,0.1,0.1,0.1,0.1,0.3,0.4,0.2,0.3,0.3,0.4,0.1,0.1,0.1,0.1,0.1,0.1,0.2,0.2,0.3,0.3,0.3,0.4,0.1,0.1,0.1,0.1,0.1,0.2,0.2,0.2,0.2,0.2,0.2,0.2,0.3,0.3,0.3,0.3,0.3,0.3,0.3,0.3,0.3,0.4,0.4,0.4,0.4,0.4,0.4,0.4,12.100000000000005,0.20166666666666674
30,00:30,0,30,30,0.1,0.1,0.1,0.1,0.1,0.3,0.4,0.2,0.3,0.3,0.4,0.1,0.1,0.1,0.1,0.1,0.1,0.2,0.2,0.3,0.3,0.3,0.4,0.1,0.1,0.1,0.1,0.1,0.2,0.2,0.2,0.2,0.2,0.2,0.2,0.3,0.3,0.3,0.3,0.3,0.3,0.3,0.3,0.3,0.4,0.4,0.4,0.4,0.4,0.4,0.4,12.100000000000005,0.20166666666666674
31,00:31,0,31,31,0.1,0.1,0.1,0.1,0.1,0.3,0.4,0.2,0.3,0.3,0.4,0.1,0.1,0.1,0.1,0.1,0.1,0.2,0.2,0.3,0.3,0.3,0.4,0.1,0.1,0.1,0.1,0.1,0.2,0.2,0.2,0.2,0.2,0.2,0.2,0.3,0.3,0.3,0.3,0.3,0.3,0.3,0.3,0.3,0.4,0.4,0.4,0.4,0.4,0.4,0.4,12.100000000000005,0.20166666666666674
32,00:32,0,32,32,0.1,0.1,0.1,0.1,0.1,0.3,0.4,0.2,0.3,0.3,0.4,0.1,0.1,0.1,0.1,0.1,0.1,0.2,0.2,0.3,0.3,0.3,0.4,0.1,0.1,0.1,0.1,0.1,0.2,0.2,0.2,0.2,0.2,0.2,0.2,0.3,0.3,0.3,0.3,0.3,0.3,0.3,0.3,0.3,0.4,0.4,0.4,0.4,0.4,0.4,0.4,12.100000000000005,0.20166666666666674
33,00:33,0,33,33,0.1,0.1,0.1,0.1,0.1,0.3,0.4,0.2,0.3,0.3,0.4,0.1,0.1,0.1,0.1,0.1,0.1,0.2,0.2,0.3,0.3,0.3,0.4,0.1,0.1,0.1,0.1,0.1,0.2,0.2,0.2,0.2,0.2,0.2,0.2,0.3,0.3,0.3,0.3,0.3,0.3,0.3,0.3,0.3,0.4,0.4,0.4,0.4,0.4,0.4,0.4,12.100000000000005,0.20166666666666674
34,00:34,0,34,34,0.1,0.1,0.1,0.1,0.1,0.3,0.4,0.2,0.3,0.3,0.4,0.1,0.1,0.1,0.1,0.1,0.1,0.2,0.2,0.3,0.3,0.3,0.4,0.1,0.1,0.1,0.1,0.1,0.2,0.2,0.2,0.2,0.2,0.2,0.2,0.3,0.3,0.3,0.3,0.3,0.3,0.3,0.3,0.3,0.4,0.4,0.4,0.4,0.4,0.4,0.4,12.100000000000005,0.20166666666666674
35,00:35,0,35,35,0.1,0.1,0.1,0.1,0.1,0.3,0.4,0.2,0.3,0.3,0.4,0.1,0.1,0.1,0.1,0.1,0.1,0.2,0.2,0.3,0.3,0.3,0.4,0.1,0.1,0.1,0.1,0.1,0.2,0.2,0.2,0.2,0.2,0.2,0.2,0.3,0.3,0.3,0.3,0.3,0.3,0.3,0.3,0.3,0.4,0.4,0.4,0.4,0.4,0.4,0.4,12.100000000000005,0.20166666666666674
36,00:36,0,36,36,0.1,0.1,0.1,0.1,0.1,0.3,0.4,0.2,0.3,0.3,0.4,0.1,0.1,0.1,0.1,0.1,0.1,0.2,0.2,0.3,0.3,0.3,0.4,0.1,0.1,0.1,0.1,0.1,0.2,0.2,0.2,0.2,0.2,0.2,0.2,0.3,0.3,0.3,0.3,0.3,0.3,0.3,0.3,0.3,0.4,0.4,0.4,0.4,0.4,0.4,0.4,12.100000000000005,0.20166666666666674
37,00:37,0,37,37,0.1,0.1,0.1,0.1,0.1,0.3,0.4,0.2,0.3,0.3,0.4,0.1,0.1,0.1,0.1,0.1,0.1,0.2,0.2,0.3,0.3,0.3,0.4,0.1,0.1,0.1,0.1,0.1,0.2,0.2,0.2,0.2,0.2,0.2,0.2,0.3,0.3,0.3,0.3,0.3,0.3,0.3,0.3,0.3,0.4,0.4,0.4,0.4,0.4,0.4,0.4,12.100000000000005,0.20166666666666674
38,00:38,0,38,38,0.1,0.1,0.1,0.1,0.1,0.3,0.4,0.2,0.3,0.3,0.4,0.1,0.1,0.1,0.1,0.1,0.1,0.2,0.2,0.3,0.3,0.3,0.4,0.1,0.1,0.1,0.1,0.1,0.2,0.2,0.2,0.2,0.2,0.2,0.2,0.3,0.3,0.3,0.3,0.3,0.3,0.3,0.3,0.3,0.4,0.4,0.4,0.4,0.4,0.4,0.4,12.100000000000005,0.20166666666666674
39,00:39,0,39,39,0.1,0.1,0.1,0.1,0.1,0.3,0.4,0.2,0.3,0.3,0.4,0.1,0.1,0.1,0.1,0.1,0.1,0.2,0.2,0.3,0.3,0.3,0.4,0.1,0.1,0.1,0.1,0.1,0.2,0.2,0.2,0.2,0.2,0.2,0.2,0.3,0.3,0.3,0.3,0.3,0.3,0.3,0.3,0.3,0.4,0.4,0.4,0.4,0.4,0.4,0.4,12.100000000000005,0.20166666666666674
40,00:40,0,40,40,0.1,0.1,0.1,0.1,0.1,0.3,0.4,0.2,0.3,0.3,0.4,0.1,0.1,0.1,0.1,0.1,0.1,0.2,0.2,0.3,0.3,0.3,0.4,0.1,0.1,0.1,0.1,0.1,0.2,0.2,0.2,0.2,0.2,0.2,0.2,0.3,0.3,0.3,0.3,0.3,0.3,0.3,0.3,0.3,0.4,0.4,0.4,0.4,0.4,0.4,0.4,12.100000000000005,0.20166666666666674
41,00:41,0,41,41,0.1,0.1,0.1,0.1,0.1,0.3,0.4,0.2,0.3,0.3,0.4,0.1,0.1,0.1,0.1,0.1,0.1,0.2,0.2,0.3,0.3,0.3,0.4,0.1,0.1,0.1,0.1,0.1,0.2,0.2,0.2,0.2,0.2,0.2,0.2,0.3,0.3,0.3,0.3,0.3,0.3,0.3,0.3,0.3,0.4,0.4,0.4,0.4,0.4,0.4,0.4,12.100000000000005,0.20166666666666674
42,00:42,0,42,42,0.1,0.1,0.1,0.1,0.1,0.3,0.4,0.2,0.3,0.3,0.4,0.1,0.1,0.1,0.1,0.1,0.1,0.2,0.2,0.3,0.3,0.3,0.4,0.1,0.1,0.1,0.1,0.1,0.2,0.2,0.2,0.2,0.2,0.2,0.2,0.3,0.3,0.3,0.3,0.3,0.3,0.3,0.3,0.3,0.4,0.4,0.4,0.4,0.4,0.4,0.4,12.100000000000005,0.20166666666666674
43,00:43,0,43,43,0.1,0.1,0.1,0.1,0.1,0.3,0.4,0.2,0.3,0.3,0.4,0.1,0.1,0.1,0.1,0.1,0.1,0.2,0.2,0.3,0.3,0.3,0.4,0.1,0.1,0.1,0.1,0.1,0.2,0.2,0.2,0.2,0.2,0.2,0.2,0.3,0.3,0.3,0.3,0.3,0.3,0.3,0.3,0.3,0.4,0.4,0.4,0.4,0.4,0.4,0.4,12.100000000000005,0.20166666666666674
44,00:44,0,44,44,0.1,0.1,0.1,0.1,0.1,0.3,0.4,0.2,0.3,0.3,0.4,0.1,0.1,0.1,0.1,0.1,0.1,0.2,0.2,0.3,0.3,0.3,0.4,0.1,0.1,0.1,0.1,0.1,0.2,0.2,0.2,0.2,0.2,0.2,0.2,0.3,0.3,0.3,0.3,0.3,0.3,0.3,0.3,0.3,0.4,0.4,0.4,0.4,0.4,0.4,0.4,12.100000000000005,0.20166666666666674
45,00:45,0,45,45,0.1,0.1,0.1,0.1,0.1,0.3,0.4,0.2,0.3,0.3,0.4,0.1,0.1,0.1,0.1,0.1,0.1,0.2,0.2,0.3,0.3,0.3,0.4,0.1,0.1,0.1,0.1,0.1,0.2,0.2,0.2,0.2,0.2,0.2,0.2,0.3,0.3,0.3,0.3,0.3,0.3,0.3,0.3,0.3,0.4,0.4,0.4,0.4,0.4,0.4,0.4,12.100000000000005,0.20166666666666674
46,00:46,0,46,46,0.1,0.1,0.1,0.1,0.1,0.3,0.4,0.2,0.3,0.3,0.4,0.1,0.1,0.1,0.1,0.1,0.1,0.2,0.2,0.3,0.3,0.3,0.4,0.1,0.1,0.1,0.1,0.1,0.2,0.2,0.2,0.2,0.2,0.2,0.2,0.3,0.3,0.3,0.3,0.3,0.3,0.3,0.3,0.3,0.4,0.4,0.4,0.4,0.4,0.4,0.4,12.100000000000005,0.20166666666666674
47,00:47,0,47,47,0.1,0.1,0.1,0.1,0.1,0.3,0.4,0.2,0.3,0.3,0.4,0.1,0.1,0.1,0.1,0.1,0.1,0.2,0.2,0.3,0.3,0.3,0.4,0.1,0.1,0.1,0.1,0.1,0.2,0.2,0.2,0.2,0.2,0.2,0.2,0.3,0.3,0.3,0.3,0.3,0.3,0.3,0.3,0.3,0.4,0.4,0.4,0.4,0.4,0.4,0.4,12.100000000000005,0.20166666666666674
48,00:48,0,48,48,0.1,0.1,0.1,0.1,0.1,0.3,0.4,0.2,0.3,0.3,0.4,0.1,0.1,0.1,0.1,0.1,0.1,0.2,0.2,0.3,0.3,0.3,0.4,0.1,0.1,0.1,0.1,0.1,0.2,0.2,0.2,0.2,0.2,0.2,0.2,0.3,0.3,0.3,0.3,0.3,0.3,0.3,0.3,0.3,0.4,0.4,0.4,0.4,0.4,0.4,0.4,12.100000000000005,0.20166666666666674
49,00:49,0,49,49,0.1,0.1,0.1,0.1,0.1,0.3,0.4,0.2,0.3,0.3,0.4,0.1,0.1,0.1,0.1,0.1,0.1,0.2,0.2,0.3,0.3,0.3,0.4,0.1,0.1,0.1,0.1,0.1,0.2,0.2,0.2,0.2,0.2,0.2,0.2,0.3,0.3,0.3,0.3,0.3,0.3,0.3,0.3,0.3,0.4,0.4,0.4,0.4,0.4,0.4,0.4,12.100000000000005,0.20166666666666674
50,00:50,0,50,50,0.1,0.1,0.1,0.1,0.1,0.3,0.4,0.2,0.3,0.3,0.4,0.1,0.1,0.1,0.1,0.1,0.1,0.2,0.2,0.3,0.3,0.3,0.4,0.1,0.1,0.1,0.1,0.1,0.2,0.2,0.2,0.2,0.2,0.2,0.2,0.3,0.3,0.3,0.3,0.3,0.3,0.3,0.3,0.3,0.4,0.4,0.4,0.4,0.4,0.4,0.4,12.100000000000005,0.20166666666666674
51,00:51,0,51,51,0.1,0.1,0.1,0.1,0.1,0.3,0.4,0.2,0.3,0.3,0.4,0.1,0.1,0.1,0.1,0.1,0.1,0.2,0.2,0.3,0.3,0.3,0.4,0.1,0.1,0.1,0.1,0.1,0.2,0.2,0.2,0.2,0.2,0.2,0.2,0.3,0.3,0.3,0.3,0.3,0.3,0.3,0.3,0.3,0.4,0.4,0.4,0.4,0.4,0.4,0.4,12.100000000000005,0.20166666666666674
52,00:52,0,52,52,0.1,0.1,0.1,0.1,0.1,0.3,0.4,0.2,0.3,0.3,0.4,0.1,0.1,0.1,0.1,0.1,0.1,0.2,0.2,0.3,0.3,0.3,0.4,0.1,0.1,0.1,0.1,0.1,0.2,0.2,0.2,0.2,0.2,0.2,0.2,0.3,0.3,0.3,0.3,0.3,0.3,0.3,0.3,0.3,0.4,0.4,0.4,0.4,0.4,0.4,0.4,12.100000000000005,0.20166666666666674
53,00:53,0,53,53,0.1,0.1,0.1,0.1,0.1,0.3,0.4,0.2,0.3,0.3,0.4,0.1,0.1,0.1,0.1,0.1,0.1,0.2,0.2,0.3,0.3,0.3,0.4,0.1,0.1,0.1,0.1,0.1,0.2,0.2,0.2,0.2,0.2,0.2,0.2,0.3,0.3,0.3,0.3,0.3,0.3,0.3,0.3,0.3,0.4,0.4,0.4,0.4,0.4,0.4,0.4,12.100000000000005,0.20166666666666674
54,00:54,0,54,54,0.1,0.1,0.1,0.1,0.1,0.3,0.4,0.2,0.3,0.3,0.4,0.1,0.1,0.1,0.1,0.1,0.1,0.2,0.2,0.3,0.3,0.3,0.4,0.1,0.1,0.1,0.1,0.1,0.2,0.2,0.2,0.2,0.2,0.2,0.2,0.3,0.3,0.3,0.3,0.3,0.3,0.3,0.3,0.3,0.4,0.4,0.4,0.4,0.4,0.4,0.4,12.100000000000005,0.20166666666666674
55,00:55,0,55,55,0.1,0.1,0.1,0.1,0.1,0.3,0.4,0.2,0.3,0.3,0.4,0.1,0.1,0.1,0.1,0.1,0.1,0.2,0.2,0.3,0.3,0.3,0.4,0.1,0.1,0.1,0.1,0.1,0.2,0.2,0.2,0.2,0.2,0.2,0.2,0.3,0.3,0.3,0.3,0.3,0.3,0.3,0.3,0.3,0.4,0.4,0.4,0.4,0.4,0.4,0.4,12.100000000000005,0.20166666666666674
56,00:56,0,56,56,0.1,0.1,0.1,0.1,0.1,0.3,0.4,0.2,0.3,0.3,0.4,0.1,0.1,0.1,0.1,0.1,0.1,0.2,0.2,0.3,0.3,0.3,0.4,0.1,0.1,0.1,0.1,0.1,0.2,0.2,0.2,0.2,0.2,0.2,0.2,0.3,0.3,0.3,0.3,0.3,0.3,0.3,0.3,0.3,0.4,0.4,0.4,0.4,0.4,0.4,0.4,12.100000000000005,0.20166666666666674
57,00:57,0,57,57,0.1,0.1,0.1,0.1,0.1,0.3,0.4,0.2,0.3,0.3,0.4,0.1,0.1,0.1,0.1,0.1,0.1,0.2,0.2,0.3,0.3,0.3,0.4,0.1,0.1,0.1,0.1,0.1,0.2,0.2,0.2,0.2,0.2,0.2,0.2,0.3,0.3,0.3,0.3,0.3,0.3,0.3,0.3,0.3,0.4,0.4,0.4,0.4,0.4,0.4,0.4,12.100000000000005,0.20166666666666674
58,00:58,0,58,58,0.1,0.1,0.1,0.1,0.1,0.3,0.4,0.2,0.3,0.3,0.4,0.1,0.1,0.1,0.1,0.1,0.1,0.2,0.2,0.3,0.3,0.3,0.4,0.1,0.1,0.1,0.1,0.1,0.2,0.2,0.2,0.2,0.2,0.2,0.2,0.3,0.3,0.3,0.3,0.3,0.3,0.3,0.3,0.3,0.4,0.4,0.4,0.4,0.4,0.4,0.4,12.100000000000005,0.20166666666666674
59,00:59,0,59,59,0.1,0.1,0.1,0.1,0.1,0.3,0.4,0.2,0.3,0.3,0.4,0.1,0.1,0.1,0.1,0.1,0.1,0.2,0.2,0.3,0.3,0.3,0.4,0.1,0.1,0.1,0.1,0.1,0.2,0.2,0.2,0.2,0.2,0.2,0.2,0.3,0.3,0.3,0.3,0.3,0.3,0.3,0.3,0.3,0.4,0.4,0.4,0.4,0.4,0.4,0.4,12.100000000000005,0.20166666666666674
60,01:00,1,0,60,0.1,0.1,0.1,0.1,0.1,0.3,0.4,0.2,0.3,0.3,0.4,0.1,0.1,0.1,0.1,0.1,0.1,0.2,0.2,0.3,0.3,0.3,0.4,0.1,0.1,0.1,0.1,0.1,0.2,0.2,0.2,0.2,0.2,0.2,0.2,0.3,0.3,0.3,0.3,0.3,0.3,0.3,0.3,0.3,0.4,0.4,0.4,0.4,0.4,0.4,0.4,12.100000000000005,0.20166666666666674
61,01:01,1,1,61,0.1,0.1,0.1,0.1,0.1,0.3,0.4,0.2,0.3,0.3,0.4,0.1,0.1,0.1,0.1,0.1,0.1,0.2,0.2,0.3,0.3,0.3,0.4,0.1,0.1,0.1,0.1,0.1,0.2,0.2,0.2,0.2,0.2,0.2,0.2,0.3,0.3,0.3,0.3,0.3,0.3,0.3,0.3,0.3,0.4,0.4,0.4,0.4,0.4,0.4,0.4,12.100000000000005,0.20166666666666674
62,01:02,1,2,62,0.1,0.1,0.1,0.1,0.1,0.3,0.4,0.2,0.3,0.3,0.4,0.1,0.1,0.1,0.1,0.1,0.1,0.2,0.2,0.3,0.3,0.3,0.4,0.1,0.1,0.1,0.1,0.1,0.2,0.2,0.2,0.2,0.2,0.2,0.2,0.3,0.3,0.3,0.3,0.3,0.3,0.3,0.3,0.3,0.4,0.4,0.4,0.4,0.4,0.4,0.4,12.100000000000005,0.20166666666666674
63,01:03,1,3,63,0.1,0.1,0.1,0.1,0.1,0.3,0.4,0.2,0.3,0.3,0.4,0.1,0.1,0.1,0.1,0.1,0.1,0.2,0.2,0.3,0.3,0.3,0.4,0.1,0.1,0.1,0.1,0.1,0.2,0.2,0.2,0.2,0.2,0.2,0.2,0.3,0.3,0.3,0.3,0.3,0.3,0.3,0.3,0.3,0.4,0.4,0.4,0.4,0.4,0.4,0.4,12.100000000000005,0.20166666666666674
64,01:04,1,4,64,0.1,0.1,0.1,0.1,0.1,0.3,0.4,0.2,0.3,0.3,0.4,0.1,0.1,0.1,0.1,0.1,0.1,0.2,0.2,0.3,0.3,0.3,0.4,0.1,0.1,0.1,0.1,0.1,0.2,0.2,0.2,0.2,0.2,0.2,0.2,0.3,0.3,0.3,0.3,0.3,0.3,0.3,0.3,0.3,0.4,0.4,0.4,0.4,0.4,0.4,0.4,12.100000000000005,0.20166666666666674
65,01:05,1,5,65,0.1,0.1,0.1,0.1,0.1,0.3,0.4,0.2,0.3,0.3,0.4,0.1,0.1,0.1,0.1,0.1,0.1,0.2,0.2,0.3,0.3,0.3,0.4,0.1,0.1,0.1,0.1,0.1,0.2,0.2,0.2,0.2,0.2,0.2,0.2,0.3,0.3,0.3,0.3,0.3,0.3,0.3,0.3,0.3,0.4,0.4,0.4,0.4,0.4,0.4,0.4,12.100000000000005,0.20166666666666674
66,01:06,1,6,66,0.1,0.1,0.1,0.1,0.1,0.3,0.4,0.2,0.3,0.3,0.4,0.1,0.1,0.1,0.1,0.1,0.1,0.2,0.2,0.3,0.3,0.3,0.4,0.1,0.1,0.1,0.1,0.1,0.2,0.2,0.2,0.2,0.2,0.2,0.2,0.3,0.3,0.3,0.3,0.3,0.3,0.3,0.3,0.3,0.4,0.4,0.4,0.4,0.4,0.4,0.4,12.100000000000005,0.20166666666666674
67,01:07,1,7,67,0.1,0.1,0.1,0.1,0.1,0.3,0.4,0.2,0.3,0.3,0.4,0.1,0.1,0.1,0.1,0.1,0.1,0.2,0.2,0.3,0.3,0.3,0.4,0.1,0.1,0.1,0.1,0.1,0.2,0.2,0.2,0.2,0.2,0.2,0.2,0.3,0.3,0.3,0.3,0.3,0.3,0.3,0.3,0.3,0.4,0.4,0.4,0.4,0.4,0.4,0.4,12.100000000000005,0.20166666666666674
68,01:08,1,8,68,0.1,0.1,0.1,0.1,0.1,0.3,0.4,0.2,0.3,0.3,0.4,0.1,0.1,0.1,0.1,0.1,0.1,0.2,0.2,0.3,0.3,0.3,0.4,0.1,0.1,0.1,0.1,0.1,0.2,0.2,0.2,0.2,0.2,0.2,0.2,0.3,0.3,0.3,0.3,0.3,0.3,0.3,0.3,0.3,0.4,0.4,0.4,0.4,0.4,0.4,0.4,12.100000000000005,0.20166666666666674
69,01:09,1,9,69,0.1,0.1,0.1,0.1,0.1,0.3,0.4,0.2,0.3,0.3,0.4,0.1,0.1,0.1,0.1,0.1,0.1,0.2,0.2,0.3,0.3,0.3,0.4,0.1,0.1,0.1,0.1,0.1,0.2,0.2,0.2,0.2,0.2,0.2,0.2,0.3,0.3,0.3,0.3,0.3,0.3,0.3,0.3,0.3,0.4,0.4,0.4,0.4,0.4,0.4,0.4,12.100000000000005,0.20166666666666674
70,01:10,1,10,70,0.1,0.1,0.1,0.1,0.1,0.3,0.4,0.2,0.3,0.3,0.4,0.1,0.1,0.1,0.1,0.1,0.1,0.2,0.2,0.3,0.3,0.3,0.4,0.1,0.1,0.1,0.1,0.1,0.2,0.2,0.2,0.2,0.2,0.2,0.2,0.3,0.3,0.3,0.3,0.3,0.3,0.3,0.3,0.3,0.4,0.4,0.4,0.4,0.4,0.4,0.4,12.100000000000005,0.20166666666666674
71,01:11,1,11,71,0.1,0.1,0.1,0.1,0.1,0.3,0.4,0.2,0.3,0.3,0.4,0.1,0.1,0.1,0.1,0.1,0.1,0.2,0.2,0.3,0.3,0.3,0.4,0.1,0.1,0.1,0.1,0.1,0.2,0.2,0.2,0.2,0.2,0.2,0.2,0.3,0.3,0.3,0.3,0.3,0.3,0.3,0.3,0.3,0.4,0.4,0.4,0.4,0.4,0.4,0.4,12.100000000000005,0.20166666666666674
72,01:12,1,12,72,0.1,0.1,0.1,0.1,0.1,0.3,0.4,0.2,0.3,0.3,0.4,0.1,0.1,0.1,0.1,0.1,0.1,0.2,0.2,0.3,0.3,0.3,0.4,0.1,0.1,0.1,0.1,0.1,0.2,0.2,0.2,0.2,0.2,0.2,0.2,0.3,0.3,0.3,0.3,0.3,0.3,0.3,0.3,0.3,0.4,0.4,0.4,0.4,0.4,0.4,0.4,12.100000000000005,0.20166666666666674
73,01:13,1,13,73,0.1,0.1,0.1,0.1,0.1,0.3,0.4,0.2,0.3,0.3,0.4,0.1,0.1,0.1,0.1,0.1,0.1,0.2,0.2,0.3,0.3,0.3,0.4,0.1,0.1,0.1,0.1,0.1,0.2,0.2,0.2,0.2,0.2,0.2,0.2,0.3,0.3,0.3,0.3,0.3,0.3,0.3,0.3,0.3,0.4,0.4,0.4,0.4,0.4,0.4,0.4,12.100000000000005,0.20166666666666674
74,01:14,1,14,74,0.1,0.1,0.1,0.1,0.1,0.3,0.4,0.2,0.3,0.3,0.4,0.1,0.1,0.1,0.1,0.1,0.1,0.2,0.2,0.3,0.3,0.3,0.4,0.1,0.1,0.1,0.1,0.1,0.2,0.2,0.2,0.2,0.2,0.2,0.2,0.3,0.3,0.3,0.3,0.3,0.3,0.3,0.3,0.3,0.4,0.4,0.4,0.4,0.4,0.4,0.4,12.100000000000005,0.20166666666666674
75,01:15,1,15,75,0.1,0.1,0.1,0.1,0.1,0.3,0.4,0.2,0.3,0.3,0.4,0.1,0.1,0.1,0.1,0.1,0.1,0.2,0.2,0.3,0.3,0.3,0.4,0.1,0.1,0.1,0.1,0.1,0.2,0.2,0.2,0.2,0.2,0.2,0.2,0.3,0.3,0.3,0.3,0.3,0.3,0.3,0.3,0.3,0.4,0.4,0.4,0.4,0.4,0.4,0.4,12.100000000000005,0.20166666666666674
76,01:16,1,16,76,0.1,0.1,0.1,0.1,0.1,0.3,0.4,0.2,0.3,0.3,0.4,0.1,0.1,0.1,0.1,0.1,0.1,0.2,0.2,0.3,0.3,0.3,0.4,0.1,0.1,0.1,0.1,0.1,0.2,0.2,0.2,0.2,0.2,0.2,0.2,0.3,0.3,0.3,0.3,0.3,0.3,0.3,0.3,0.3,0.4,0.4,0.4,0.4,0.4,0.4,0.4,12.100000000000005,0.20166666666666674
77,01:17,1,17,77,0.1,0.1,0.1,0.1,0.1,0.3,0.4,0.2,0.3,0.3,0.4,0.1,0.1,0.1,0.1,0.1,0.1,0.2,0.2,0.3,0.3,0.3,0.4,0.1,0.1,0.1,0.1,0.1,0.2,0.2,0.2,0.2,0.2,0.2,0.2,0.3,0.3,0.3,0.3,0.3,0.3,0.3,0.3,0.3,0.4,0.4,0.4,0.4,0.4,0.4,0.4,12.100000000000005,0.20166666666666674
78,01:18,1,18,78,0.1,0.1,0.1,0.1,0.1,0.3,0.4,0.2,0.3,0.3,0.4,0.1,0.1,0.1,0.1,0.1,0.1,0.2,0.2,0.3,0.3,0.3,0.4,0.1,0.1,0.1,0.1,0.1,0.2,0.2,0.2,0.2,0.2,0.2,0.2,0.3,0.3,0.3,0.3,0.3,0.3,0.3,0.3,0.3,0.4,0.4,0.4,0.4,0.4,0.4,0.4,12.100000000000005,0.20166666666666674
79,01:19,1,19,79,0.1,0.1,0.1,0.1,0.1,0.3,0.4,0.2,0.3,0.3,0.4,0.1,0.1,0.1,0.1,0.1,0.1,0.2,0.2,0.3,0.3,0.3,0.4,0.1,0.1,0.1,0.1,0.1,0.2,0.2,0.2,0.2,0.2,0.2,0.2,0.3,0.3,0.3,0.3,0.3,0.3,0.3,0.3,0.3,0.4,0.4,0.4,0.4,0.4,0.4,0.4,12.100000000000005,0.20166666666666674
80,01:20,1,20,80,0.1,0.1,0.1,0.1,0.1,0.3,0.4,0.2,0.3,0.3,0.4,0.1,0.1,0.1,0.1,0.1,0.1,0.2,0.2,0.3,0.3,0.3,0.4,0.1,0.1,0.1,0.1,0.1,0.2,0.2,0.2,0.2,0.2,0.2,0.2,0.3,0.3,0.3,0.3,0.3,0.3,0.3,0.3,0.3,0.4,0.4,0.4,0.4,0.4,0.4,0.4,12.100000000000005,0.20166666666666674
81,01:21,1,21,81,0.1,0.1,0.1,0.1,0.1,0.3,0.4,0.2,0.3,0.3,0.4,0.1,0.1,0.1,0.1,0.1,0.1,0.2,0.2,0.3,0.3,0.3,0.4,0.1,0.1,0.1,0.1,0.1,0.2,0.2,0.2,0.2,0.2,0.2,0.2,0.3,0.3,0.3,0.3,0.3,0.3,0.3,0.3,0.3,0.4,0.4,0.4,0.4,0.4,0.4,0.4,12.100000000000005,0.20166666666666674
82,01:22,1,22,82,0.1,0.1,0.1,0.1,0.1,0.3,0.4,0.2,0.3,0.3,0.4,0.1,0.1,0.1,0.1,0.1,0.1,0.2,0.2,0.3,0.3,0.3,0.4,0.1,0.1,0.1,0.1,0.1,0.2,0.2,0.2,0.2,0.2,0.2,0.2,0.3,0.3,0.3,0.3,0.3,0.3,0.3,0.3,0.3,0.4,0.4,0.4,0.4,0.4,0.4,0.4,12.100000000000005,0.20166666666666674
83,01:23,1,23,83,0.1,0.1,0.1,0.1,0.1,0.3,0.4,0.2,0.3,0.3,0.4,0.1,0.1,0.1,0.1,0.1,0.1,0.2,0.2,0.3,0.3,0.3,0.4,0.1,0.1,0.1,0.1,0.1,0.2,0.2,0.2,0.2,0.2,0.2,0.2,0.3,0.3,0.3,0.3,0.3,0.3,0.3,0.3,0.3,0.4,0.4,0.4,0.4,0.4,0.4,0.4,12.100000000000005,0.20166666666666674
84,01:24,1,24,84,0.1,0.1,0.1,0.1,0.1,0.3,0.4,0.2,0.3,0.3,0.4,0.1,0.1,0.1,0.1,0.1,0.1,0.2,0.2,0.3,0.3,0.3,0.4,0.1,0.1,0.1,0.1,0.1,0.2,0.2,0.2,0.2,0.2,0.2,0.2,0.3,0.3,0.3,0.3,0.3,0.3,0.3,0.3,0.3,0.4,0.4,0.4,0.4,0.4,0.4,0.4,12.100000000000005,0.20166666666666674
85,01:25,1,25,85,0.1,0.1,0.1,0.1,0.1,0.3,0.4,0.2,0.3,0.3,0.4,0.1,0.1,0.1,0.1,0.1,0.1,0.2,0.2,0.3,0.3,0.3,0.4,0.1,0.1,0.1,0.1,0.1,0.2,0.2,0.2,0.2,0.2,0.2,0.2,0.3,0.3,0.3,0.3,0.3,0.3,0.3,0.3,0.3,0.4,0.4,0.4,0.4,0.4,0.4,0.4,12.100000000000005,0.20166666666666674
86,01:26,1,26,86,0.1,0.1,0.1,0.1,0.1,0.3,0.4,0.2,0.3,0.3,0.4,0.1,0.1,0.1,0.1,0.1,0.1,0.2,0.2,0.3,0.3,0.3,0.4,0.1,0.1,0.1,0.1,0.1,0.2,0.2,0.2,0.2,0.2,0.2,0.2,0.3,0.3,0.3,0.3,0.3,0.3,0.3,0.3,0.3,0.4,0.4,0.4,0.4,0.4,0.4,0.4,12.100000000000005,0.20166666666666674
87,01:27,1,27,87,0.1,0.1,0.1,0.1,0.1,0.3,0.4,0.2,0.3,0.3,0.4,0.1,0.1,0.1,0.1,0.1,0.1,0.2,0.2,0.3,0.3,0.3,0.4,0.1,0.1,0.1,0.1,0.1,0.2,0.2,0.2,0.2,0.2,0.2,0.2,0.3,0.3,0.3,0.3,0.3,0.3,0.3,0.3,0.3,0.4,0.4,0.4,0.4,0.4,0.4,0.4,12.100000000000005,0.20166666666666674
88,01:28,1,28,88,0.1,0.1,0.1,0.1,0.1,0.3,0.4,0.2,0.3,0.3,0.4,0.1,0.1,0.1,0.1,0.1,0.1,0.2,0.2,0.3,0.3,0.3,0.4,0.1,0.1,0.1,0.1,0.1,0.2,0.2,0.2,0.2,0.2,0.2,0.2,0.3,0.3,0.3,0.3,0.3,0.3,0.3,0.3,0.3,0.4,0.4,0.4,0.4,0.4,0.4,0.4,12.100000000000005,0.20166666666666674
89,01:29,1,29,89,0.1,0.1,0.1,0.1,0.1,0.3,0.4,0.2,0.3,0.3,0.4,0.1,0.1,0.1,0.1,0.1,0.1,0.2,0.2,0.3,0.3,0.3,0.4,0.1,0.1,0.1,0.1,0.1,0.2,0.2,0.2,0.2,0.2,0.2,0.2,0.3,0.3,0.3,0.3,0.3,0.3,0.3,0.3,0.3,0.4,0.4,0.4,0.4,0.4,0.4,0.4,12.100000000000005,0.20166666666666674
90,01:30,1,30,90,0.1,0.1,0.1,0.1,0.1,0.3,0.4,0.2,0.3,0.3,0.4,0.1,0.1,0.1,0.1,0.1,0.1,0.2,0.2,0.3,0.3,0.3,0.4,0.1,0.1,0.1,0.1,0.1,0.2,0.2,0.2,0.2,0.2,0.2,0.2,0.3,0.3,0.3,0.3,0.3,0.3,0.3,0.3,0.3,0.4,0.4,0.4,0.4,0.4,0.4,0.4,12.100000000000005,0.20166666666666674
91,01:31,1,31,91,0.1,0.1,0.1,0.1,0.1,0.3,0.4,0.2,0.3,0.3,0.4,0.1,0.1,0.1,0.1,0.1,0.1,0.2,0.2,0.3,0.3,0.3,0.4,0.1,0.1,0.1,0.1,0.1,0.2,0.2,0.2,0.2,0.2,0.2,0.2,0.3,0.3,0.3,0.3,0.3,0.3,0.3,0.3,0.3,0.4,0.4,0.4,0.4,0.4,0.4,0.4,12.100000000000005,0.20166666666666674
92,01:32,1,32,92,0.1,0.1,0.1,0.1,0.1,0.3,0.4,0.2,0.3,0.3,0.4,0.1,0.1,0.1,0.1,0.1,0.1,0.2,0.2,0.3,0.3,0.3,0.4,0.1,0.1,0.1,0.1,0.1,0.2,0.2,0.2,0.2,0.2,0.2,0.2,0.3,0.3,0.3,0.3,0.3,0.3,0.3,0.3,0.3,0.4,0.4,0.4,0.4,0.4,0.4,0.4,12.100000000000005,0.20166666666666674
93,01:33,1,33,93,0.1,0.1,0.1,0.1,0.1,0.3,0.4,0.2,0.3,0.3,0.4,0.1,0.1,0.1,0.1,0.1,0.1,0.2,0.2,0.3,0.3,0.3,0.4,0.1,0.1,0.1,0.1,0.1,0.2,0.2,0.2,0.2,0.2,0.2,0.2,0.3,0.3,0.3,0.3,0.3,0.3,0.3,0.3,0.3,0.4,0.4,0.4,0.4,0.4,0.4,0.4,12.100000000000005,0.20166666666666674
94,01:34,1,34,94,0.1,0.1,0.1,0.1,0.1,0.3,0.4,0.2,0.3,0.3,0.4,0.1,0.1,0.1,0.1,0.1,0.1,0.2,0.2,0.3,0.3,0.3,0.4,0.1,0.1,0.1,0.1,0.1,0.2,0.2,0.2,0.2,0.2,0.2,0.2,0.3,0.3,0.3,0.3,0.3,0.3,0.3,0.3,0.3,0.4,0.4,0.4,0.4,0.4,0.4,0.4,12.100000000000005,0.20166666666666674
95,01:35,1,35,95,0.1,0.1,0.1,0.1,0.1,0.3,0.4,0.2,0.3,0.3,0.4,0.1,0.1,0.1,0.1,0.1,0.1,0.2,0.2,0.3,0.3,0.3,0.4,0.1,0.1,0.1,0.1,0.1,0.2,0.2,0.2,0.2,0.2,0.2,0.2,0.3,0.3,0.3,0.3,0.3,0.3,0.3,0.3,0.3,0.4,0.4,0.4,0.4,0.4,0.4,0.4,12.100000000000005,0.20166666666666674
96,01:36,1,36,96,0.1,0.1,0.1,0.1,0.1,0.3,0.4,0.2,0.3,0.3,0.4,0.1,0.1,0.1,0.1,0.1,0.1,0.2,0.2,0.3,0.3,0.3,0.4,0.1,0.1,0.1,0.1,0.1,0.2,0.2,0.2,0.2,0.2,0.2,0.2,0.3,0.3,0.3,0.3,0.3,0.3,0.3,0.3,0.3,0.4,0.4,0.4,0.4,0.4,0.4,0.4,12.100000000000005,0.20166666666666674
97,01:37,1,37,97,0.1,0.1,0.1,0.1,0.1,0.3,0.4,0.2,0.3,0.3,0.4,0.1,0.1,0.1,0.1,0.1,0.1,0.2,0.2,0.3,0.3,0.3,0.4,0.1,0.1,0.1,0.1,0.1,0.2,0.2,0.2,0.2,0.2,0.2,0.2,0.3,0.3,0.3,0.3,0.3,0.3,0.3,0.3,0.3,0.4,0.4,0.4,0.4,0.4,0.4,0.4,12.100000000000005,0.20166666666666674
98,01:38,1,38,98,0.1,0.1,0.1,0.1,0.1,0.3,0.4,0.2,0.3,0.3,0.4,0.1,0.1,0.1,0.1,0.1,0.1,0.2,0.2,0.3,0.3,0.3,0.4,0.1,0.1,0.1,0.1,0.1,0.2,0.2,0.2,0.2,0.2,0.2,0.2,0.3,0.3,0.3,0.3,0.3,0.3,0.3,0.3,0.3,0.4,0.4,0.4,0.4,0.4,0.4,0.4,12.100000000000005,0.20166666666666674
99,01:39,1,39,99,0.1,0.1,0.1,0.1,0.1,0.3,0.4,0.2,0.3,0.3,0.4,0.1,0.1,0.1,0.1,0.1,0.1,0.2,0.2,0.3,0.3,0.3,0.4,0.1,0.1,0.1,0.1,0.1,0.2,0.2,0.2,0.2,0.2,0.2,0.2,0.3,0.3,0.3,0.3,0.3,0.3,0.3,0.3,0.3,0.4,0.4,0.4,0.4,0.4,0.4,0.4,12.100000000000005,0.20166666666666674
100,01:40,1,40,100,0.1,0.1,0.1,0.1,0.1,0.3,0.4,0.2,0.3,0.3,0.4,0.1,0.1,0.1,0.1,0.1,0.1,0.2,0.2,0.3,0.3,0.3,0.4,0.1,0.1,0.1,0.1,0.1,0.2,0.2,0.2,0.2,0.2,0.2,0.2,0.3,0.3,0.3,0.3,0.3,0.3,0.3,0.3,0.3,0.4,0.4,0.4,0.4,0.4,0.4,0.4,12.100000000000005,0.20166666666666674
101,01:41,1,41,101,0.1,0.1,0.1,0.1,0.1,0.3,0.4,0.2,0.3,0.3,0.4,0.1,0.1,0.1,0.1,0.1,0.1,0.2,0.2,0.3,0.3,0.3,0.4,0.1,0.1,0.1,0.1,0.1,0.2,0.2,0.2,0.2,0.2,0.2,0.2,0.3,0.3,0.3,0.3,0.3,0.3,0.3,0.3,0.3,0.4,0.4,0.4,0.4,0.4,0.4,0.4,12.100000000000005,0.20166666666666674
102,01:42,1,42,102,0.1,0.1,0.1,0.1,0.1,0.3,0.4,0.2,0.3,0.3,0.4,0.1,0.1,0.1,0.1,0.1,0.1,0.2,0.2,0.3,0.3,0.3,0.4,0.1,0.1,0.1,0.1,0.1,0.2,0.2,0.2,0.2,0.2,0.2,0.2,0.3,0.3,0.3,0.3,0.3,0.3,0.3,0.3,0.3,0.4,0.4,0.4,0.4,0.4,0.4,0.4,12.100000000000005,0.20166666666666674
103,01:43,1,43,103,0.1,0.1,0.1,0.1,0.1,0.3,0.4,0.2,0.3,0.3,0.4,0.1,0.1,0.1,0.1,0.1,0.1,0.2,0.2,0.3,0.3,0.3,0.4,0.1,0.1,0.1,0.1,0.1,0.2,0.2,0.2,0.2,0.2,0.2,0.2,0.3,0.3,0.3,0.3,0.3,0.3,0.3,0.3,0.3,0.4,0.4,0.4,0.4,0.4,0.4,0.4,12.100000000000005,0.20166666666666674
104,01:44,1,44,104,0.1,0.1,0.1,0.1,0.1,0.3,0.4,0.2,0.3,0.3,0.4,0.1,0.1,0.1,0.1,0.1,0.1,0.2,0.2,0.3,0.3,0.3,0.4,0.1,0.1,0.1,0.1,0.1,0.2,0.2,0.2,0.2,0.2,0.2,0.2,0.3,0.3,0.3,0.3,0.3,0.3,0.3,0.3,0.3,0.4,0.4,0.4,0.4,0.4,0.4,0.4,12.100000000000005,0.20166666666666674
105,01:45,1,45,105,0.1,0.1,0.1,0.1,0.1,0.3,0.4,0.2,0.3,0.3,0.4,0.1,0.1,0.1,0.1,0.1,0.1,0.2,0.2,0.3,0.3,0.3,0.4,0.1,0.1,0.1,0.1,0.1,0.2,0.2,0.2,0.2,0.2,0.2,0.2,0.3,0.3,0.3,0.3,0.3,0.3,0.3,0.3,0.3,0.4,0.4,0.4,0.4,0.4,0.4,0.4,12.100000000000005,0.20166666666666674
106,01:46,1,46,106,0.1,0.1,0.1,0.1,0.1,0.3,0.4,0.2,0.3,0.3,0.4,0.1,0.1,0.1,0.1,0.1,0.1,0.2,0.2,0.3,0.3,0.3,0.4,0.1,0.1,0.1,0.1,0.1,0.2,0.2,0.2,0.2,0.2,0.2,0.2,0.3,0.3,0.3,0.3,0.3,0.3,0.3,0.3,0.3,0.4,0.4,0.4,0.4,0.4,0.4,0.4,12.100000000000005,0.20166666666666674
107,01:47,1,47,107,0.1,0.1,0.1,0.1,0.1,0.3,0.4,0.2,0.3,0.3,0.4,0.1,0.1,0.1,0.1,0.1,0.1,0.2,0.2,0.3,0.3,0.3,0.4,0.1,0.1,0.1,0.1,0.1,0.2,0.2,0.2,0.2,0.2,0.2,0.2,0.3,0.3,0.3,0.3,0.3,0.3,0.3,0.3,0.3,0.4,0.4,0.4,0.4,0.4,0.4,0.4,12.100000000000005,0.20166666666666674
108,01:48,1,48,108,0.1,0.1,0.1,0.1,0.1,0.3,0.4,0.2,0.3,0.3,0.4,0.1,0.1,0.1,0.1,0.1,0.1,0.2,0.2,0.3,0.3,0.3,0.4,0.1,0.1,0.1,0.1,0.1,0.2,0.2,0.2,0.2,0.2,0.2,0.2,0.3,0.3,0.3,0.3,0.3,0.3,0.3,0.3,0.3,0.4,0.4,0.4,0.4,0.4,0.4,0.4,12.100000000000005,0.20166666666666674
109,01:49,1,49,109,0.1,0.1,0.1,0.1,0.1,0.3,0.4,0.2,0.3,0.3,0.4,0.1,0.1,0.1,0.1,0.1,0.1,0.2,0.2,0.3,0.3,0.3,0.4,0.1,0.1,0.1,0.1,0.1,0.2,0.2,0.2,0.2,0.2,0.2,0.2,0.3,0.3,0.3,0.3,0.3,0.3,0.3,0.3,0.3,0.4,0.4,0.4,0.4,0.4,0.4,0.4,12.100000000000005,0.20166666666666674
110,01:50,1,50,110,0.1,0.1,0.1,0.1,0.1,0.3,0.4,0.2,0.3,0.3,0.4,0.1,0.1,0.1,0.1,0.1,0.1,0.2,0.2,0.3,0.3,0.3,0.4,0.1,0.1,0.1,0.1,0.1,0.2,0.2,0.2,0.2,0.2,0.2,0.2,0.3,0.3,0.3,0.3,0.3,0.3,0.3,0.3,0.3,0.4,0.4,0.4,0.4,0.4,0.4,0.4,12.100000000000005,0.20166666666666674
111,01:51,1,51,111,0.1,0.1,0.1,0.1,0.1,0.3,0.4,0.2,0.3,0.3,0.4,0.1,0.1,0.1,0.1,0.1,0.1,0.2,0.2,0.3,0.3,0.3,0.4,0.1,0.1,0.1,0.1,0.1,0.2,0.2,0.2,0.2,0.2,0.2,0.2,0.3,0.3,0.3,0.3,0.3,0.3,0.3,0.3,0.3,0.4,0.4,0.4,0.4,0.4,0.4,0.4,12.100000000000005,0.20166666666666674
112,01:52,1,52,112,0.1,0.1,0.1,0.1,0.1,0.3,0.4,0.2,0.3,0.3,0.4,0.1,0.1,0.1,0.1,0.1,0.1,0.2,0.2,0.3,0.3,0.3,0.4,0.1,0.1,0.1,0.1,0.1,0.2,0.2,0.2,0.2,0.2,0.2,0.2,0.3,0.3,0.3,0.3,0.3,0.3,0.3,0.3,0.3,0.4,0.4,0.4,0.4,0.4,0.4,0.4,12.100000000000005,0.20166666666666674
113,01:53,1,53,113,0.1,0.1,0.1,0.1,0.1,0.3,0.4,0.2,0.3,0.3,0.4,0.1,0.1,0.1,0.1,0.1,0.1,0.2,0.2,0.3,0.3,0.3,0.4,0.1,0.1,0.1,0.1,0.1,0.2,0.2,0.2,0.2,0.2,0.2,0.2,0.3,0.3,0.3,0.3,0.3,0.3,0.3,0.3,0.3,0.4,0.4,0.4,0.4,0.4,0.4,0.4,12.100000000000005,0.20166666666666674
114,01:54,1,54,114,0.1,0.1,0.1,0.1,0.1,0.3,0.4,0.2,0.3,0.3,0.4,0.1,0.1,0.1,0.1,0.1,0.1,0.2,0.2,0.3,0.3,0.3,0.4,0.1,0.1,0.1,0.1,0.1,0.2,0.2,0.2,0.2,0.2,0.2,0.2,0.3,0.3,0.3,0.3,0.3,0.3,0.3,0.3,0.3,0.4,0.4,0.4,0.4,0.4,0.4,0.4,12.100000000000005,0.20166666666666674
115,01:55,1,55,115,0.1,0.1,0.1,0.1,0.1,0.3,0.4,0.2,0.3,0.3,0.4,0.1,0.1,0.1,0.1,0.1,0.1,0.2,0.2,0.3,0.3,0.3,0.4,0.1,0.1,0.1,0.1,0.1,0.2,0.2,0.2,0.2,0.2,0.2,0.2,0.3,0.3,0.3,0.3,0.3,0.3,0.3,0.3,0.3,0.4,0.4,0.4,0.4,0.4,0.4,0.4,12.100000000000005,0.20166666666666674
116,01:56,1,56,116,0.1,0.1,0.1,0.1,0.1,0.3,0.4,0.2,0.3,0.3,0.4,0.1,0.1,0.1,0.1,0.1,0.1,0.2,0.2,0.3,0.3,0.3,0.4,0.1,0.1,0.1,0.1,0.1,0.2,0.2,0.2,0.2,0.2,0.2,0.2,0.3,0.3,0.3,0.3,0.3,0.3,0.3,0.3,0.3,0.4,0.4,0.4,0.4,0.4,0.4,0.4,12.100000000000005,0.20166666666666674
117,01:57,1,57,117,0.1,0.1,0.1,0.1,0.1,0.3,0.4,0.2,0.3,0.3,0.4,0.1,0.1,0.1,0.1,0.1,0.1,0.2,0.2,0.3,0.3,0.3,0.4,0.1,0.1,0.1,0.1,0.1,0.2,0.2,0.2,0.2,0.2,0.2,0.2,0.3,0.3,0.3,0.3,0.3,0.3,0.3,0.3,0.3,0.4,0.4,0.4,0.4,0.4,0.4,0.4,12.100000000000005,0.20166666666666674
118,01:58,1,58,118,0.1,0.1,0.1,0.1,0.1,0.3,0.4,0.2,0.3,0.3,0.4,0.1,0.1,0.1,0.1,0.1,0.1,0.2,0.2,0.3,0.3,0.3,0.4,0.1,0.1,0.1,0.1,0.1,0.2,0.2,0.2,0.2,0.2,0.2,0.2,0.3,0.3,0.3,0.3,0.3,0.3,0.3,0.3,0.3,0.4,0.4,0.4,0.4,0.4,0.4,0.4,12.100000000000005,0.20166666666666674
119,01:59,1,59,119,0.1,0.1,0.1,0.1,0.1,0.3,0.4,0.2,0.3,0.3,0.4,0.1,0.1,0.1,0.1,0.1,0.1,0.2,0.2,0.3,0.3,0.3,0.4,0.1,0.1,0.1,0.1,0.1,0.2,0.2,0.2,0.2,0.2,0.2,0.2,0.3,0.3,0.3,0.3,0.3,0.3,0.3,0.3,0.3,0.4,0.4,0.4,0.4,0.4,0.4,0.4,12.100000000000005,0.20166666666666674
120,02:00,2,0,120,0.1,0.1,0.1,0.1,0.1,0.3,0.4,0.2,0.3,0.3,0.4,0.1,0.1,0.1,0.1,0.1,0.1,0.2,0.2,0.3,0.3,0.3,0.4,0.1,0.1,0.1,0.1,0.1,0.2,0.2,0.2,0.2,0.2,0.2,0.2,0.3,0.3,0.3,0.3,0.3,0.3,0.3,0.3,0.3,0.4,0.4,0.4,0.4,0.4,0.4,0.4,12.100000000000005,0.20166666666666674
121,02:01,2,1,121,0.1,0.1,0.1,0.1,0.1,0.3,0.4,0.2,0.3,0.3,0.4,0.1,0.1,0.1,0.1,0.1,0.1,0.2,0.2,0.3,0.3,0.3,0.4,0.1,0.1,0.1,0.1,0.1,0.2,0.2,0.2,0.2,0.2,0.2,0.2,0.3,0.3,0.3,0.3,0.3,0.3,0.3,0.3,0.3,0.4,0.4,0.4,0.4,0.4,0.4,0.4,12.100000000000005,0.20166666666666674
122,02:02,2,2,122,0.1,0.1,0.1,0.1,0.1,0.3,0.4,0.2,0.3,0.3,0.4,0.1,0.1,0.1,0.1,0.1,0.1,0.2,0.2,0.3,0.3,0.3,0.4,0.1,0.1,0.1,0.1,0.1,0.2,0.2,0.2,0.2,0.2,0.2,0.2,0.3,0.3,0.3,0.3,0.3,0.3,0.3,0.3,0.3,0.4,0.4,0.4,0.4,0.4,0.4,0.4,12.100000000000005,0.20166666666666674
123,02:03,2,3,123,0.1,0.1,0.1,0.1,0.1,0.3,0.4,0.2,0.3,0.3,0.4,0.1,0.1,0.1,0.1,0.1,0.1,0.2,0.2,0.3,0.3,0.3,0.4,0.1,0.1,0.1,0.1,0.1,0.2,0.2,0.2,0.2,0.2,0.2,0.2,0.3,0.3,0.3,0.3,0.3,0.3,0.3,0.3,0.3,0.4,0.4,0.4,0.4,0.4,0.4,0.4,12.100000000000005,0.20166666666666674
124,02:04,2,4,124,0.1,0.1,0.1,0.1,0.1,0.3,0.4,0.2,0.3,0.3,0.4,0.1,0.1,0.1,0.1,0.1,0.1,0.2,0.2,0.3,0.3,0.3,0.4,0.1,0.1,0.1,0.1,0.1,0.2,0.2,0.2,0.2,0.2,0.2,0.2,0.3,0.3,0.3,0.3,0.3,0.3,0.3,0.3,0.3,0.4,0.4,0.4,0.4,0.4,0.4,0.4,12.100000000000005,0.20166666666666674
125,02:05,2,5,125,0.1,0.1,0.1,0.1,0.1,0.3,0.4,0.2,0.3,0.3,0.4,0.1,0.1,0.1,0.1,0.1,0.1,0.2,0.2,0.3,0.3,0.3,0.4,0.1,0.1,0.1,0.1,0.1,0.2,0.2,0.2,0.2,0.2,0.2,0.2,0.3,0.3,0.3,0.3,0.3,0.3,0.3,0.3,0.3,0.4,0.4,0.4,0.4,0.4,0.4,0.4,12.100000000000005,0.20166666666666674
126,02:06,2,6,126,0.1,0.1,0.1,0.1,0.1,0.3,0.4,0.2,0.3,0.3,0.4,0.1,0.1,0.1,0.1,0.1,0.1,0.2,0.2,0.3,0.3,0.3,0.4,0.1,0.1,0.1,0.1,0.1,0.2,0.2,0.2,0.2,0.2,0.2,0.2,0.3,0.3,0.3,0.3,0.3,0.3,0.3,0.3,0.3,0.4,0.4,0.4,0.4,0.4,0.4,0.4,12.100000000000005,0.20166666666666674
127,02:07,2,7,127,0.1,0.1,0.1,0.1,0.1,0.3,0.4,0.2,0.3,0.3,0.4,0.1,0.1,0.1,0.1,0.1,0.1,0.2,0.2,0.3,0.3,0.3,0.4,0.1,0.1,0.1,0.1,0.1,0.2,0.2,0.2,0.2,0.2,0.2,0.2,0.3,0.3,0.3,0.3,0.3,0.3,0.3,0.3,0.3,0.4,0.4,0.4,0.4,0.4,0.4,0.4,12.100000000000005,0.20166666666666674
128,02:08,2,8,128,0.1,0.1,0.1,0.1,0.1,0.3,0.4,0.2,0.3,0.3,0.4,0.1,0.1,0.1,0.1,0.1,0.1,0.2,0.2,0.3,0.3,0.3,0.4,0.1,0.1,0.1,0.1,0.1,0.2,0.2,0.2,0.2,0.2,0.2,0.2,0.3,0.3,0.3,0.3,0.3,0.3,0.3,0.3,0.3,0.4,0.4,0.4,0.4,0.4,0.4,0.4,12.100000000000005,0.20166666666666674
129,02:09,2,9,129,0.1,0.1,0.1,0.1,0.1,0.3,0.4,0.2,0.3,0.3,0.4,0.1,0.1,0.1,0.1,0.1,0.1,0.2,0.2,0.3,0.3,0.3,0.4,0.1,0.1,0.1,0.1,0.1,0.2,0.2,0.2,0.2,0.2,0.2,0.2,0.3,0.3,0.3,0.3,0.3,0.3,0.3,0.3,0.3,0.4,0.4,0.4,0.4,0.4,0.4,0.4,12.100000000000005,0.20166666666666674
130,02:10,2,10,130,0.1,0.1,0.1,0.1,0.1,0.3,0.4,0.2,0.3,0.3,0.4,0.1,0.1,0.1,0.1,0.1,0.1,0.2,0.2,0.3,0.3,0.3,0.4,0.1,0.1,0.1,0.1,0.1,0.2,0.2,0.2,0.2,0.2,0.2,0.2,0.3,0.3,0.3,0.3,0.3,0.3,0.3,0.3,0.3,0.4,0.4,0.4,0.4,0.4,0.4,0.4,12.100000000000005,0.20166666666666674
131,02:11,2,11,131,0.1,0.1,0.1,0.1,0.1,0.3,0.4,0.2,0.3,0.3,0.4,0.1,0.1,0.1,0.1,0.1,0.1,0.2,0.2,0.3,0.3,0.3,0.4,0.1,0.1,0.1,0.1,0.1,0.2,0.2,0.2,0.2,0.2,0.2,0.2,0.3,0.3,0.3,0.3,0.3,0.3,0.3,0.3,0.3,0.4,0.4,0.4,0.4,0.4,0.4,0.4,12.100000000000005,0.20166666666666674
132,02:12,2,12,132,0.1,0.1,0.1,0.1,0.1,0.3,0.4,0.2,0.3,0.3,0.4,0.1,0.1,0.1,0.1,0.1,0.1,0.2,0.2,0.3,0.3,0.3,0.4,0.1,0.1,0.1,0.1,0.1,0.2,0.2,0.2,0.2,0.2,0.2,0.2,0.3,0.3,0.3,0.3,0.3,0.3,0.3,0.3,0.3,0.4,0.4,0.4,0.4,0.4,0.4,0.4,12.100000000000005,0.20166666666666674
133,02:13,2,13,133,0.1,0.1,0.1,0.1,0.1,0.3,0.4,0.2,0.3,0.3,0.4,0.1,0.1,0.1,0.1,0.1,0.1,0.2,0.2,0.3,0.3,0.3,0.4,0.1,0.1,0.1,0.1,0.1,0.2,0.2,0.2,0.2,0.2,0.2,0.2,0.3,0.3,0.3,0.3,0.3,0.3,0.3,0.3,0.3,0.4,0.4,0.4,0.4,0.4,0.4,0.4,12.100000000000005,0.20166666666666674
134,02:14,2,14,134,0.1,0.1,0.1,0.1,0.1,0.3,0.4,0.2,0.3,0.3,0.4,0.1,0.1,0.1,0.1,0.1,0.1,0.2,0.2,0.3,0.3,0.3,0.4,0.1,0.1,0.1,0.1,0.1,0.2,0.2,0.2,0.2,0.2,0.2,0.2,0.3,0.3,0.3,0.3,0.3,0.3,0.3,0.3,0.3,0.4,0.4,0.4,0.4,0.4,0.4,0.4,12.100000000000005,0.20166666666666674
135,02:15,2,15,135,0.1,0.1,0.1,0.1,0.1,0.3,0.4,0.2,0.3,0.3,0.4,0.1,0.1,0.1,0.1,0.1,0.1,0.2,0.2,0.3,0.3,0.3,0.4,0.1,0.1,0.1,0.1,0.1,0.2,0.2,0.2,0.2,0.2,0.2,0.2,0.3,0.3,0.3,0.3,0.3,0.3,0.3,0.3,0.3,0.4,0.4,0.4,0.4,0.4,0.4,0.4,12.100000000000005,0.20166666666666674
136,02:16,2,16,136,0.1,0.1,0.1,0.1,0.1,0.3,0.4,0.2,0.3,0.3,0.4,0.1,0.1,0.1,0.1,0.1,0.1,0.2,0.2,0.3,0.3,0.3,0.4,0.1,0.1,0.1,0.1,0.1,0.2,0.2,0.2,0.2,0.2,0.2,0.2,0.3,0.3,0.3,0.3,0.3,0.3,0.3,0.3,0.3,0.4,0.4,0.4,0.4,0.4,0.4,0.4,12.100000000000005,0.20166666666666674
137,02:17,2,17,137,0.1,0.1,0.1,0.1,0.1,0.3,0.4,0.2,0.3,0.3,0.4,0.1,0.1,0.1,0.1,0.1,0.1,0.2,0.2,0.3,0.3,0.3,0.4,0.1,0.1,0.1,0.1,0.1,0.2,0.2,0.2,0.2,0.2,0.2,0.2,0.3,0.3,0.3,0.3,0.3,0.3,0.3,0.3,0.3,0.4,0.4,0.4,0.4,0.4,0.4,0.4,12.100000000000005,0.20166666666666674
138,02:18,2,18,138,0.1,0.1,0.1,0.1,0.1,0.3,0.4,0.2,0.3,0.3,0.4,0.1,0.1,0.1,0.1,0.1,0.1,0.2,0.2,0.3,0.3,0.3,0.4,0.1,0.1,0.1,0.1,0.1,0.2,0.2,0.2,0.2,0.2,0.2,0.2,0.3,0.3,0.3,0.3,0.3,0.3,0.3,0.3,0.3,0.4,0.4,0.4,0.4,0.4,0.4,0.4,12.100000000000005,0.20166666666666674
139,02:19,2,19,139,0.1,0.1,0.1,0.1,0.1,0.3,0.4,0.2,0.3,0.3,0.4,0.1,0.1,0.1,0.1,0.1,0.1,0.2,0.2,0.3,0.3,0.3,0.4,0.1,0.1,0.1,0.1,0.1,0.2,0.2,0.2,0.2,0.2,0.2,0.2,0.3,0.3,0.3,0.3,0.3,0.3,0.3,0.3,0.3,0.4,0.4,0.4,0.4,0.4,0.4,0.4,12.100000000000005,0.20166666666666674
140,02:20,2,20,140,0.1,0.1,0.1,0.1,0.1,0.3,0.4,0.2,0.3,0.3,0.4,0.1,0.1,0.1,0.1,0.1,0.1,0.2,0.2,0.3,0.3,0.3,0.4,0.1,0.1,0.1,0.1,0.1,0.2,0.2,0.2,0.2,0.2,0.2,0.2,0.3,0.3,0.3,0.3,0.3,0.3,0.3,0.3,0.3,0.4,0.4,0.4,0.4,0.4,0.4,0.4,12.100000000000005,0.20166666666666674
141,02:21,2,21,141,0.1,0.1,0.1,0.1,0.1,0.3,0.4,0.2,0.3,0.3,0.4,0.1,0.1,0.1,0.1,0.1,0.1,0.2,0.2,0.3,0.3,0.3,0.4,0.1,0.1,0.1,0.1,0.1,0.2,0.2,0.2,0.2,0.2,0.2,0.2,0.3,0.3,0.3,0.3,0.3,0.3,0.3,0.3,0.3,0.4,0.4,0.4,0.4,0.4,0.4,0.4,12.100000000000005,0.20166666666666674
142,02:22,2,22,142,0.1,0.1,0.1,0.1,0.1,0.3,0.4,0.2,0.3,0.3,0.4,0.1,0.1,0.1,0.1,0.1,0.1,0.2,0.2,0.3,0.3,0.3,0.4,0.1,0.1,0.1,0.1,0.1,0.2,0.2,0.2,0.2,0.2,0.2,0.2,0.3,0.3,0.3,0.3,0.3,0.3,0.3,0.3,0.3,0.4,0.4,0.4,0.4,0.4,0.4,0.4,12.100000000000005,0.20166666666666674
143,02:23,2,23,143,0.1,0.1,0.1,0.1,0.1,0.3,0.4,0.2,0.3,0.3,0.4,0.1,0.1,0.1,0.1,0.1,0.1,0.2,0.2,0.3,0.3,0.3,0.4,0.1,0.1,0.1,0.1,0.1,0.2,0.2,0.2,0.2,0.2,0.2,0.2,0.3,0.3,0.3,0.3,0.3,0.3,0.3,0.3,0.3,0.4,0.4,0.4,0.4,0.4,0.4,0.4,12.100000000000005,0.20166666666666674
144,02:24,2,24,144,0.1,0.1,0.1,0.1,0.1,0.3,0.4,0.2,0.3,0.3,0.4,0.1,0.1,0.1,0.1,0.1,0.1,0.2,0.2,0.3,0.3,0.3,0.4,0.1,0.1,0.1,0.1,0.1,0.2,0.2,0.2,0.2,0.2,0.2,0.2,0.3,0.3,0.3,0.3,0.3,0.3,0.3,0.3,0.3,0.4,0.4,0.4,0.4,0.4,0.4,0.4,12.100000000000005,0.20166666666666674
145,02:25,2,25,145,0.1,0.1,0.1,0.1,0.1,0.3,0.4,0.2,0.3,0.3,0.4,0.1,0.1,0.1,0.1,0.1,0.1,0.2,0.2,0.3,0.3,0.3,0.4,0.1,0.1,0.1,0.1,0.1,0.2,0.2,0.2,0.2,0.2,0.2,0.2,0.3,0.3,0.3,0.3,0.3,0.3,0.3,0.3,0.3,0.4,0.4,0.4,0.4,0.4,0.4,0.4,12.100000000000005,0.20166666666666674
146,02:26,2,26,146,0.1,0.1,0.1,0.1,0.1,0.3,0.4,0.2,0.3,0.3,0.4,0.1,0.1,0.1,0.1,0.1,0.1,0.2,0.2,0.3,0.3,0.3,0.4,0.1,0.1,0.1,0.1,0.1,0.2,0.2,0.2,0.2,0.2,0.2,0.2,0.3,0.3,0.3,0.3,0.3,0.3,0.3,0.3,0.3,0.4,0.4,0.4,0.4,0.4,0.4,0.4,12.100000000000005,0.20166666666666674
147,02:27,2,27,147,0.1,0.1,0.1,0.1,0.1,0.3,0.4,0.2,0.3,0.3,0.4,0.1,0.1,0.1,0.1,0.1,0.1,0.2,0.2,0.3,0.3,0.3,0.4,0.1,0.1,0.1,0.1,0.1,0.2,0.2,0.2,0.2,0.2,0.2,0.2,0.3,0.3,0.3,0.3,0.3,0.3,0.3,0.3,0.3,0.4,0.4,0.4,0.4,0.4,0.4,0.4,12.100000000000005,0.20166666666666674
148,02:28,2,28,148,0.1,0.1,0.1,0.1,0.1,0.3,0.4,0.2,0.3,0.3,0.4,0.1,0.1,0.1,0.1,0.1,0.1,0.2,0.2,0.3,0.3,0.3,0.4,0.1,0.1,0.1,0.1,0.1,0.2,0.2,0.2,0.2,0.2,0.2,0.2,0.3,0.3,0.3,0.3,0.3,0.3,0.3,0.3,0.3,0.4,0.4,0.4,0.4,0.4,0.4,0.4,12.100000000000005,0.20166666666666674
149,02:29,2,29,149,0.1,0.1,0.1,0.1,0.1,0.3,0.4,0.2,0.3,0.3,0.4,0.1,0.1,0.1,0.1,0.1,0.1,0.2,0.2,0.3,0.3,0.3,0.4,0.1,0.1,0.1,0.1,0.1,0.2,0.2,0.2,0.2,0.2,0.2,0.2,0.3,0.3,0.3,0.3,0.3,0.3,0.3,0.3,0.3,0.4,0.4,0.4,0.4,0.4,0.4,0.4,12.100000000000005,0.20166666666666674
150,02:30,2,30,150,0.1,0.1,0.1,0.1,0.1,0.3,0.4,0.2,0.3,0.3,0.4,0.1,0.1,0.1,0.1,0.1,0.1,0.2,0.2,0.3,0.3,0.3,0.4,0.1,0.1,0.1,0.1,0.1,0.2,0.2,0.2,0.2,0.2,0.2,0.2,0.3,0.3,0.3,0.3,0.3,0.3,0.3,0.3,0.3,0.4,0.4,0.4,0.4,0.4,0.4,0.4,12.100000000000005,0.20166666666666674
151,02:31,2,31,151,0.1,0.1,0.1,0.1,0.1,0.3,0.4,0.2,0.3,0.3,0.4,0.1,0.1,0.1,0.1,0.1,0.1,0.2,0.2,0.3,0.3,0.3,0.4,0.1,0.1,0.1,0.1,0.1,0.2,0.2,0.2,0.2,0.2,0.2,0.2,0.3,0.3,0.3,0.3,0.3,0.3,0.3,0.3,0.3,0.4,0.4,0.4,0.4,0.4,0.4,0.4,12.100000000000005,0.20166666666666674
152,02:32,2,32,152,0.1,0.1,0.1,0.1,0.1,0.3,0.4,0.2,0.3,0.3,0.4,0.1,0.1,0.1,0.1,0.1,0.1,0.2,0.2,0.3,0.3,0.3,0.4,0.1,0.1,0.1,0.1,0.1,0.2,0.2,0.2,0.2,0.2,0.2,0.2,0.3,0.3,0.3,0.3,0.3,0.3,0.3,0.3,0.3,0.4,0.4,0.4,0.4,0.4,0.4,0.4,12.100000000000005,0.20166666666666674
153,02:33,2,33,153,0.1,0.1,0.1,0.1,0.1,0.3,0.4,0.2,0.3,0.3,0.4,0.1,0.1,0.1,0.1,0.1,0.1,0.2,0.2,0.3,0.3,0.3,0.4,0.1,0.1,0.1,0.1,0.1,0.2,0.2,0.2,0.2,0.2,0.2,0.2,0.3,0.3,0.3,0.3,0.3,0.3,0.3,0.3,0.3,0.4,0.4,0.4,0.4,0.4,0.4,0.4,12.100000000000005,0.20166666666666674
154,02:34,2,34,154,0.1,0.1,0.1,0.1,0.1,0.3,0.4,0.2,0.3,0.3,0.4,0.1,0.1,0.1,0.1,0.1,0.1,0.2,0.2,0.3,0.3,0.3,0.4,0.1,0.1,0.1,0.1,0.1,0.2,0.2,0.2,0.2,0.2,0.2,0.2,0.3,0.3,0.3,0.3,0.3,0.3,0.3,0.3,0.3,0.4,0.4,0.4,0.4,0.4,0.4,0.4,12.100000000000005,0.20166666666666674
155,02:35,2,35,155,0.1,0.1,0.1,0.1,0.1,0.3,0.4,0.2,0.3,0.3,0.4,0.1,0.1,0.1,0.1,0.1,0.1,0.2,0.2,0.3,0.3,0.3,0.4,0.1,0.1,0.1,0.1,0.1,0.2,0.2,0.2,0.2,0.2,0.2,0.2,0.3,0.3,0.3,0.3,0.3,0.3,0.3,0.3,0.3,0.4,0.4,0.4,0.4,0.4,0.4,0.4,12.100000000000005,0.20166666666666674
156,02:36,2,36,156,0.1,0.1,0.1,0.1,0.1,0.3,0.4,0.2,0.3,0.3,0.4,0.1,0.1,0.1,0.1,0.1,0.1,0.2,0.2,0.3,0.3,0.3,0.4,0.1,0.1,0.1,0.1,0.1,0.2,0.2,0.2,0.2,0.2,0.2,0.2,0.3,0.3,0.3,0.3,0.3,0.3,0.3,0.3,0.3,0.4,0.4,0.4,0.4,0.4,0.4,0.4,12.100000000000005,0.20166666666666674
157,02:37,2,37,157,0.1,0.1,0.1,0.1,0.1,0.3,0.4,0.2,0.3,0.3,0.4,0.1,0.1,0.1,0.1,0.1,0.1,0.2,0.2,0.3,0.3,0.3,0.4,0.1,0.1,0.1,0.1,0.1,0.2,0.2,0.2,0.2,0.2,0.2,0.2,0.3,0.3,0.3,0.3,0.3,0.3,0.3,0.3,0.3,0.4,0.4,0.4,0.4,0.4,0.4,0.4,12.100000000000005,0.20166666666666674
158,02:38,2,38,158,0.1,0.1,0.1,0.1,0.1,0.3,0.4,0.2,0.3,0.3,0.4,0.1,0.1,0.1,0.1,0.1,0.1,0.2,0.2,0.3,0.3,0.3,0.4,0.1,0.1,0.1,0.1,0.1,0.2,0.2,0.2,0.2,0.2,0.2,0.2,0.3,0.3,0.3,0.3,0.3,0.3,0.3,0.3,0.3,0.4,0.4,0.4,0.4,0.4,0.4,0.4,12.100000000000005,0.20166666666666674
159,02:39,2,39,159,0.1,0.1,0.1,0.1,0.1,0.3,0.4,0.2,0.3,0.3,0.4,0.1,0.1,0.1,0.1,0.1,0.1,0.2,0.2,0.3,0.3,0.3,0.4,0.1,0.1,0.1,0.1,0.1,0.2,0.2,0.2,0.2,0.2,0.2,0.2,0.3,0.3,0.3,0.3,0.3,0.3,0.3,0.3,0.3,0.4,0.4,0.4,0.4,0.4,0.4,0.4,12.100000000000005,0.20166666666666674
160,02:40,2,40,160,0.1,0.1,0.1,0.1,0.1,0.3,0.4,0.2,0.3,0.3,0.4,0.1,0.1,0.1,0.1,0.1,0.1,0.2,0.2,0.3,0.3,0.3,0.4,0.1,0.1,0.1,0.1,0.1,0.2,0.2,0.2,0.2,0.2,0.2,0.2,0.3,0.3,0.3,0.3,0.3,0.3,0.3,0.3,0.3,0.4,0.4,0.4,0.4,0.4,0.4,0.4,12.100000000000005,0.20166666666666674
161,02:41,2,41,161,0.1,0.1,0.1,0.1,0.1,0.3,0.4,0.2,0.3,0.3,0.4,0.1,0.1,0.1,0.1,0.1,0.1,0.2,0.2,0.3,0.3,0.3,0.4,0.1,0.1,0.1,0.1,0.1,0.2,0.2,0.2,0.2,0.2,0.2,0.2,0.3,0.3,0.3,0.3,0.3,0.3,0.3,0.3,0.3,0.4,0.4,0.4,0.4,0.4,0.4,0.4,12.100000000000005,0.20166666666666674
162,02:42,2,42,162,0.1,0.1,0.1,0.1,0.1,0.3,0.4,0.2,0.3,0.3,0.4,0.1,0.1,0.1,0.1,0.1,0.1,0.2,0.2,0.3,0.3,0.3,0.4,0.1,0.1,0.1,0.1,0.1,0.2,0.2,0.2,0.2,0.2,0.2,0.2,0.3,0.3,0.3,0.3,0.3,0.3,0.3,0.3,0.3,0.4,0.4,0.4,0.4,0.4,0.4,0.4,12.100000000000005,0.20166666666666674
163,02:43,2,43,163,0.1,0.1,0.1,0.1,0.1,0.3,0.4,0.2,0.3,0.3,0.4,0.1,0.1,0.1,0.1,0.1,0.1,0.2,0.2,0.3,0.3,0.3,0.4,0.1,0.1,0.1,0.1,0.1,0.2,0.2,0.2,0.2,0.2,0.2,0.2,0.3,0.3,0.3,0.3,0.3,0.3,0.3,0.3,0.3,0.4,0.4,0.4,0.4,0.4,0.4,0.4,12.100000000000005,0.20166666666666674
164,02:44,2,44,164,0.1,0.1,0.1,0.1,0.1,0.3,0.4,0.2,0.3,0.3,0.4,0.1,0.1,0.1,0.1,0.1,0.1,0.2,0.2,0.3,0.3,0.3,0.4,0.1,0.1,0.1,0.1,0.1,0.2,0.2,0.2,0.2,0.2,0.2,0.2,0.3,0.3,0.3,0.3,0.3,0.3,0.3,0.3,0.3,0.4,0.4,0.4,0.4,0.4,0.4,0.4,12.100000000000005,0.20166666666666674
165,02:45,2,45,165,0.1,0.1,0.1,0.1,0.1,0.3,0.4,0.2,0.3,0.3,0.4,0.1,0.1,0.1,0.1,0.1,0.1,0.2,0.2,0.3,0.3,0.3,0.4,0.1,0.1,0.1,0.1,0.1,0.2,0.2,0.2,0.2,0.2,0.2,0.2,0.3,0.3,0.3,0.3,0.3,0.3,0.3,0.3,0.3,0.4,0.4,0.4,0.4,0.4,0.4,0.4,12.100000000000005,0.20166666666666674
166,02:46,2,46,166,0.1,0.1,0.1,0.1,0.1,0.3,0.4,0.2,0.3,0.3,0.4,0.1,0.1,0.1,0.1,0.1,0.1,0.2,0.2,0.3,0.3,0.3,0.4,0.1,0.1,0.1,0.1,0.1,0.2,0.2,0.2,0.2,0.2,0.2,0.2,0.3,0.3,0.3,0.3,0.3,0.3,0.3,0.3,0.3,0.4,0.4,0.4,0.4,0.4,0.4,0.4,12.100000000000005,0.20166666666666674
167,02:47,2,47,167,0.1,0.1,0.1,0.1,0.1,0.3,0.4,0.2,0.3,0.3,0.4,0.1,0.1,0.1,0.1,0.1,0.1,0.2,0.2,0.3,0.3,0.3,0.4,0.1,0.1,0.1,0.1,0.1,0.2,0.2,0.2,0.2,0.2,0.2,0.2,0.3,0.3,0.3,0.3,0.3,0.3,0.3,0.3,0.3,0.4,0.4,0.4,0.4,0.4,0.4,0.4,12.100000000000005,0.20166666666666674
168,02:48,2,48,168,0.1,0.1,0.1,0.1,0.1,0.3,0.4,0.2,0.3,0.3,0.4,0.1,0.1,0.1,0.1,0.1,0.1,0.2,0.2,0.3,0.3,0.3,0.4,0.1,0.1,0.1,0.1,0.1,0.2,0.2,0.2,0.2,0.2,0.2,0.2,0.3,0.3,0.3,0.3,0.3,0.3,0.3,0.3,0.3,0.4,0.4,0.4,0.4,0.4,0.4,0.4,12.100000000000005,0.20166666666666674
169,02:49,2,49,169,0.1,0.1,0.1,0.1,0.1,0.3,0.4,0.2,0.3,0.3,0.4,0.1,0.1,0.1,0.1,0.1,0.1,0.2,0.2,0.3,0.3,0.3,0.4,0.1,0.1,0.1,0.1,0.1,0.2,0.2,0.2,0.2,0.2,0.2,0.2,0.3,0.3,0.3,0.3,0.3,0.3,0.3,0.3,0.3,0.4,0.4,0.4,0.4,0.4,0.4,0.4,12.100000000000005,0.20166666666666674
170,02:50,2,50,170,0.1,0.1,0.1,0.1,0.1,0.3,0.4,0.2,0.3,0.3,0.4,0.1,0.1,0.1,0.1,0.1,0.1,0.2,0.2,0.3,0.3,0.3,0.4,0.1,0.1,0.1,0.1,0.1,0.2,0.2,0.2,0.2,0.2,0.2,0.2,0.3,0.3,0.3,0.3,0.3,0.3,0.3,0.3,0.3,0.4,0.4,0.4,0.4,0.4,0.4,0.4,12.100000000000005,0.20166666666666674
171,02:51,2,51,171,0.1,0.1,0.1,0.1,0.1,0.3,0.4,0.2,0.3,0.3,0.4,0.1,0.1,0.1,0.1,0.1,0.1,0.2,0.2,0.3,0.3,0.3,0.4,0.1,0.1,0.1,0.1,0.1,0.2,0.2,0.2,0.2,0.2,0.2,0.2,0.3,0.3,0.3,0.3,0.3,0.3,0.3,0.3,0.3,0.4,0.4,0.4,0.4,0.4,0.4,0.4,12.100000000000005,0.20166666666666674
172,02:52,2,52,172,0.1,0.1,0.1,0.1,0.1,0.3,0.4,0.2,0.3,0.3,0.4,0.1,0.1,0.1,0.1,0.1,0.1,0.2,0.2,0.3,0.3,0.3,0.4,0.1,0.1,0.1,0.1,0.1,0.2,0.2,0.2,0.2,0.2,0.2,0.2,0.3,0.3,0.3,0.3,0.3,0.3,0.3,0.3,0.3,0.4,0.4,0.4,0.4,0.4,0.4,0.4,12.100000000000005,0.20166666666666674
173,02:53,2,53,173,0.1,0.1,0.1,0.1,0.1,0.3,0.4,0.2,0.3,0.3,0.4,0.1,0.1,0.1,0.1,0.1,0.1,0.2,0.2,0.3,0.3,0.3,0.4,0.1,0.1,0.1,0.1,0.1,0.2,0.2,0.2,0.2,0.2,0.2,0.2,0.3,0.3,0.3,0.3,0.3,0.3,0.3,0.3,0.3,0.4,0.4,0.4,0.4,0.4,0.4,0.4,12.100000000000005,0.20166666666666674
174,02:54,2,54,174,0.1,0.1,0.1,0.1,0.1,0.3,0.4,0.2,0.3,0.3,0.4,0.1,0.1,0.1,0.1,0.1,0.1,0.2,0.2,0.3,0.3,0.3,0.4,0.1,0.1,0.1,0.1,0.1,0.2,0.2,0.2,0.2,0.2,0.2,0.2,0.3,0.3,0.3,0.3,0.3,0.3,0.3,0.3,0.3,0.4,0.4,0.4,0.4,0.4,0.4,0.4,12.100000000000005,0.20166666666666674
175,02:55,2,55,175,0.1,0.1,0.1,0.1,0.1,0.3,0.4,0.2,0.3,0.3,0.4,0.1,0.1,0.1,0.1,0.1,0.1,0.2,0.2,0.3,0.3,0.3,0.4,0.1,0.1,0.1,0.1,0.1,0.2,0.2,0.2,0.2,0.2,0.2,0.2,0.3,0.3,0.3,0.3,0.3,0.3,0.3,0.3,0.3,0.4,0.4,0.4,0.4,0.4,0.4,0.4,12.100000000000005,0.20166666666666674
176,02:56,2,56,176,0.1,0.1,0.1,0.1,0.1,0.3,0.4,0.2,0.3,0.3,0.4,0.1,0.1,0.1,0.1,0.1,0.1,0.2,0.2,0.3,0.3,0.3,0.4,0.1,0.1,0.1,0.1,0.1,0.2,0.2,0.2,0.2,0.2,0.2,0.2,0.3,0.3,0.3,0.3,0.3,0.3,0.3,0.3,0.3,0.4,0.4,0.4,0.4,0.4,0.4,0.4,12.100000000000005,0.20166666666666674
177,02:57,2,57,177,0.1,0.1,0.1,0.1,0.1,0.3,0.4,0.2,0.3,0.3,0.4,0.1,0.1,0.1,0.1,0.1,0.1,0.2,0.2,0.3,0.3,0.3,0.4,0.1,0.1,0.1,0.1,0.1,0.2,0.2,0.2,0.2,0.2,0.2,0.2,0.3,0.3,0.3,0.3,0.3,0.3,0.3,0.3,0.3,0.4,0.4,0.4,0.4,0.4,0.4,0.4,12.100000000000005,0.20166666666666674
178,02:58,2,58,178,0.1,0.1,0.1,0.1,0.1,0.3,0.4,0.2,0.3,0.3,0.4,0.1,0.1,0.1,0.1,0.1,0.1,0.2,0.2,0.3,0.3,0.3,0.4,0.1,0.1,0.1,0.1,0.1,0.2,0.2,0.2,0.2,0.2,0.2,0.2,0.3,0.3,0.3,0.3,0.3,0.3,0.3,0.3,0.3,0.4,0.4,0.4,0.4,0.4,0.4,0.4,12.100000000000005,0.20166666666666674
179,02:59,2,59,179,0.1,0.1,0.1,0.1,0.1,0.3,0.4,0.2,0.3,0.3,0.4,0.1,0.1,0.1,0.1,0.1,0.1,0.2,0.2,0.3,0.3,0.3,0.4,0.1,0.1,0.1,0.1,0.1,0.2,0.2,0.2,0.2,0.2,0.2,0.2,0.3,0.3,0.3,0.3,0.3,0.3,0.3,0.3,0.3,0.4,0.4,0.4,0.4,0.4,0.4,0.4,12.100000000000005,0.20166666666666674
180,03:00,3,0,180,0.1,0.1,0.1,0.1,0.1,0.3,0.4,0.2,0.3,0.3,0.4,0.1,0.1,0.1,0.1,0.1,0.1,0.2,0.2,0.3,0.3,0.3,0.4,0.1,0.1,0.1,0.1,0.1,0.2,0.2,0.2,0.2,0.2,0.2,0.2,0.3,0.3,0.3,0.3,0.3,0.3,0.3,0.3,0.3,0.4,0.4,0.4,0.4,0.4,0.4,0.4,12.100000000000005,0.20166666666666674
181,03:01,3,1,181,0.1,0.1,0.1,0.1,0.1,0.3,0.4,0.2,0.3,0.3,0.4,0.1,0.1,0.1,0.1,0.1,0.1,0.2,0.2,0.3,0.3,0.3,0.4,0.1,0.1,0.1,0.1,0.1,0.2,0.2,0.2,0.2,0.2,0.2,0.2,0.3,0.3,0.3,0.3,0.3,0.3,0.3,0.3,0.3,0.4,0.4,0.4,0.4,0.4,0.4,0.4,12.100000000000005,0.20166666666666674
182,03:02,3,2,182,0.1,0.1,0.1,0.1,0.1,0.3,0.4,0.2,0.3,0.3,0.4,0.1,0.1,0.1,0.1,0.1,0.1,0.2,0.2,0.3,0.3,0.3,0.4,0.1,0.1,0.1,0.1,0.1,0.2,0.2,0.2,0.2,0.2,0.2,0.2,0.3,0.3,0.3,0.3,0.3,0.3,0.3,0.3,0.3,0.4,0.4,0.4,0.4,0.4,0.4,0.4,12.100000000000005,0.20166666666666674
183,03:03,3,3,183,0.1,0.1,0.1,0.1,0.1,0.3,0.4,0.2,0.3,0.3,0.4,0.1,0.1,0.1,0.1,0.1,0.1,0.2,0.2,0.3,0.3,0.3,0.4,0.1,0.1,0.1,0.1,0.1,0.2,0.2,0.2,0.2,0.2,0.2,0.2,0.3,0.3,0.3,0.3,0.3,0.3,0.3,0.3,0.3,0.4,0.4,0.4,0.4,0.4,0.4,0.4,12.100000000000005,0.20166666666666674
184,03:04,3,4,184,0.1,0.1,0.1,0.1,0.1,0.3,0.4,0.2,0.3,0.3,0.4,0.1,0.1,0.1,0.1,0.1,0.1,0.2,0.2,0.3,0.3,0.3,0.4,0.1,0.1,0.1,0.1,0.1,0.2,0.2,0.2,0.2,0.2,0.2,0.2,0.3,0.3,0.3,0.3,0.3,0.3,0.3,0.3,0.3,0.4,0.4,0.4,0.4,0.4,0.4,0.4,12.100000000000005,0.20166666666666674
185,03:05,3,5,185,0.1,0.1,0.1,0.1,0.1,0.3,0.4,0.2,0.3,0.3,0.4,0.1,0.1,0.1,0.1,0.1,0.1,0.2,0.2,0.3,0.3,0.3,0.4,0.1,0.1,0.1,0.1,0.1,0.2,0.2,0.2,0.2,0.2,0.2,0.2,0.3,0.3,0.3,0.3,0.3,0.3,0.3,0.3,0.3,0.4,0.4,0.4,0.4,0.4,0.4,0.4,12.100000000000005,0.20166666666666674
186,03:06,3,6,186,0.1,0.1,0.1,0.1,0.1,0.3,0.4,0.2,0.3,0.3,0.4,0.1,0.1,0.1,0.1,0.1,0.1,0.2,0.2,0.3,0.3,0.3,0.4,0.1,0.1,0.1,0.1,0.1,0.2,0.2,0.2,0.2,0.2,0.2,0.2,0.3,0.3,0.3,0.3,0.3,0.3,0.3,0.3,0.3,0.4,0.4,0.4,0.4,0.4,0.4,0.4,12.100000000000005,0.20166666666666674
187,03:07,3,7,187,0.1,0.1,0.1,0.1,0.1,0.3,0.4,0.2,0.3,0.3,0.4,0.1,0.1,0.1,0.1,0.1,0.1,0.2,0.2,0.3,0.3,0.3,0.4,0.1,0.1,0.1,0.1,0.1,0.2,0.2,0.2,0.2,0.2,0.2,0.2,0.3,0.3,0.3,0.3,0.3,0.3,0.3,0.3,0.3,0.4,0.4,0.4,0.4,0.4,0.4,0.4,12.100000000000005,0.20166666666666674
188,03:08,3,8,188,0.1,0.1,0.1,0.1,0.1,0.3,0.4,0.2,0.3,0.3,0.4,0.1,0.1,0.1,0.1,0.1,0.1,0.2,0.2,0.3,0.3,0.3,0.4,0.1,0.1,0.1,0.1,0.1,0.2,0.2,0.2,0.2,0.2,0.2,0.2,0.3,0.3,0.3,0.3,0.3,0.3,0.3,0.3,0.3,0.4,0.4,0.4,0.4,0.4,0.4,0.4,12.100000000000005,0.20166666666666674
189,03:09,3,9,189,0.1,0.1,0.1,0.1,0.1,0.3,0.4,0.2,0.3,0.3,0.4,0.1,0.1,0.1,0.1,0.1,0.1,0.2,0.2,0.3,0.3,0.3,0.4,0.1,0.1,0.1,0.1,0.1,0.2,0.2,0.2,0.2,0.2,0.2,0.2,0.3,0.3,0.3,0.3,0.3,0.3,0.3,0.3,0.3,0.4,0.4,0.4,0.4,0.4,0.4,0.4,12.100000000000005,0.20166666666666674
190,03:10,3,10,190,0.1,0.1,0.1,0.1,0.1,0.3,0.4,0.2,0.3,0.3,0.4,0.1,0.1,0.1,0.1,0.1,0.1,0.2,0.2,0.3,0.3,0.3,0.4,0.1,0.1,0.1,0.1,0.1,0.2,0.2,0.2,0.2,0.2,0.2,0.2,0.3,0.3,0.3,0.3,0.3,0.3,0.3,0.3,0.3,0.4,0.4,0.4,0.4,0.4,0.4,0.4,12.100000000000005,0.20166666666666674
191,03:11,3,11,191,0.1,0.1,0.1,0.1,0.1,0.3,0.4,0.2,0.3,0.3,0.4,0.1,0.1,0.1,0.1,0.1,0.1,0.2,0.2,0.3,0.3,0.3,0.4,0.1,0.1,0.1,0.1,0.1,0.2,0.2,0.2,0.2,0.2,0.2,0.2,0.3,0.3,0.3,0.3,0.3,0.3,0.3,0.3,0.3,0.4,0.4,0.4,0.4,0.4,0.4,0.4,12.100000000000005,0.20166666666666674
192,03:12,3,12,192,0.1,0.1,0.1,0.1,0.1,0.3,0.4,0.2,0.3,0.3,0.4,0.1,0.1,0.1,0.1,0.1,0.1,0.2,0.2,0.3,0.3,0.3,0.4,0.1,0.1,0.1,0.1,0.1,0.2,0.2,0.2,0.2,0.2,0.2,0.2,0.3,0.3,0.3,0.3,0.3,0.3,0.3,0.3,0.3,0.4,0.4,0.4,0.4,0.4,0.4,0.4,12.100000000000005,0.20166666666666674
193,03:13,3,13,193,0.1,0.1,0.1,0.1,0.1,0.3,0.4,0.2,0.3,0.3,0.4,0.1,0.1,0.1,0.1,0.1,0.1,0.2,0.2,0.3,0.3,0.3,0.4,0.1,0.1,0.1,0.1,0.1,0.2,0.2,0.2,0.2,0.2,0.2,0.2,0.3,0.3,0.3,0.3,0.3,0.3,0.3,0.3,0.3,0.4,0.4,0.4,0.4,0.4,0.4,0.4,12.100000000000005,0.20166666666666674
194,03:14,3,14,194,0.1,0.1,0.1,0.1,0.1,0.3,0.4,0.2,0.3,0.3,0.4,0.1,0.1,0.1,0.1,0.1,0.1,0.2,0.2,0.3,0.3,0.3,0.4,0.1,0.1,0.1,0.1,0.1,0.2,0.2,0.2,0.2,0.2,0.2,0.2,0.3,0.3,0.3,0.3,0.3,0.3,0.3,0.3,0.3,0.4,0.4,0.4,0.4,0.4,0.4,0.4,12.100000000000005,0.20166666666666674
195,03:15,3,15,195,0.1,0.1,0.1,0.1,0.1,0.3,0.4,0.2,0.3,0.3,0.4,0.1,0.1,0.1,0.1,0.1,0.1,0.2,0.2,0.3,0.3,0.3,0.4,0.1,0.1,0.1,0.1,0.1,0.2,0.2,0.2,0.2,0.2,0.2,0.2,0.3,0.3,0.3,0.3,0.3,0.3,0.3,0.3,0.3,0.4,0.4,0.4,0.4,0.4,0.4,0.4,12.100000000000005,0.20166666666666674
196,03:16,3,16,196,0.1,0.1,0.1,0.1,0.1,0.3,0.4,0.2,0.3,0.3,0.4,0.1,0.1,0.1,0.1,0.1,0.1,0.2,0.2,0.3,0.3,0.3,0.4,0.1,0.1,0.1,0.1,0.1,0.2,0.2,0.2,0.2,0.2,0.2,0.2,0.3,0.3,0.3,0.3,0.3,0.3,0.3,0.3,0.3,0.4,0.4,0.4,0.4,0.4,0.4,0.4,12.100000000000005,0.20166666666666674
197,03:17,3,17,197,0.1,0.1,0.1,0.1,0.1,0.3,0.4,0.2,0.3,0.3,0.4,0.1,0.1,0.1,0.1,0.1,0.1,0.2,0.2,0.3,0.3,0.3,0.4,0.1,0.1,0.1,0.1,0.1,0.2,0.2,0.2,0.2,0.2,0.2,0.2,0.3,0.3,0.3,0.3,0.3,0.3,0.3,0.3,0.3,0.4,0.4,0.4,0.4,0.4,0.4,0.4,12.100000000000005,0.20166666666666674
198,03:18,3,18,198,0.1,0.1,0.1,0.1,0.1,0.3,0.4,0.2,0.3,0.3,0.4,0.1,0.1,0.1,0.1,0.1,0.1,0.2,0.2,0.3,0.3,0.3,0.4,0.1,0.1,0.1,0.1,0.1,0.2,0.2,0.2,0.2,0.2,0.2,0.2,0.3,0.3,0.3,0.3,0.3,0.3,0.3,0.3,0.3,0.4,0.4,0.4,0.4,0.4,0.4,0.4,12.100000000000005,0.20166666666666674
199,03:19,3,19,199,0.1,0.1,0.1,0.1,0.1,0.3,0.4,0.2,0.3,0.3,0.4,0.1,0.1,0.1,0.1,0.1,0.1,0.2,0.2,0.3,0.3,0.3,0.4,0.1,0.1,0.1,0.1,0.1,0.2,0.2,0.2,0.2,0.2,0.2,0.2,0.3,0.3,0.3,0.3,0.3,0.3,0.3,0.3,0.3,0.4,0.4,0.4,0.4,0.4,0.4,0.4,12.100000000000005,0.20166666666666674
200,03:20,3,20,200,0.1,0.1,0.1,0.1,0.1,0.3,0.4,0.2,0.3,0.3,0.4,0.1,0.1,0.1,0.1,0.1,0.1,0.2,0.2,0.3,0.3,0.3,0.4,0.1,0.1,0.1,0.1,0.1,0.2,0.2,0.2,0.2,0.2,0.2,0.2,0.3,0.3,0.3,0.3,0.3,0.3,0.3,0.3,0.3,0.4,0.4,0.4,0.4,0.4,0.4,0.4,12.100000000000005,0.20166666666666674
201,03:21,3,21,201,0.1,0.1,0.1,0.1,0.1,0.3,0.4,0.2,0.3,0.3,0.4,0.1,0.1,0.1,0.1,0.1,0.1,0.2,0.2,0.3,0.3,0.3,0.4,0.1,0.1,0.1,0.1,0.1,0.2,0.2,0.2,0.2,0.2,0.2,0.2,0.3,0.3,0.3,0.3,0.3,0.3,0.3,0.3,0.3,0.4,0.4,0.4,0.4,0.4,0.4,0.4,12.100000000000005,0.20166666666666674
202,03:22,3,22,202,0.1,0.1,0.1,0.1,0.1,0.3,0.4,0.2,0.3,0.3,0.4,0.1,0.1,0.1,0.1,0.1,0.1,0.2,0.2,0.3,0.3,0.3,0.4,0.1,0.1,0.1,0.1,0.1,0.2,0.2,0.2,0.2,0.2,0.2,0.2,0.3,0.3,0.3,0.3,0.3,0.3,0.3,0.3,0.3,0.4,0.4,0.4,0.4,0.4,0.4,0.4,12.100000000000005,0.20166666666666674
203,03:23,3,23,203,0.1,0.1,0.1,0.1,0.1,0.3,0.4,0.2,0.3,0.3,0.4,0.1,0.1,0.1,0.1,0.1,0.1,0.2,0.2,0.3,0.3,0.3,0.4,0.1,0.1,0.1,0.1,0.1,0.2,0.2,0.2,0.2,0.2,0.2,0.2,0.3,0.3,0.3,0.3,0.3,0.3,0.3,0.3,0.3,0.4,0.4,0.4,0.4,0.4,0.4,0.4,12.100000000000005,0.20166666666666674
204,03:24,3,24,204,0.1,0.1,0.1,0.1,0.1,0.3,0.4,0.2,0.3,0.3,0.4,0.1,0.1,0.1,0.1,0.1,0.1,0.2,0.2,0.3,0.3,0.3,0.4,0.1,0.1,0.1,0.1,0.1,0.2,0.2,0.2,0.2,0.2,0.2,0.2,0.3,0.3,0.3,0.3,0.3,0.3,0.3,0.3,0.3,0.4,0.4,0.4,0.4,0.4,0.4,0.4,12.100000000000005,0.20166666666666674
205,03:25,3,25,205,0.1,0.1,0.1,0.1,0.1,0.3,0.4,0.2,0.3,0.3,0.4,0.1,0.1,0.1,0.1,0.1,0.1,0.2,0.2,0.3,0.3,0.3,0.4,0.1,0.1,0.1,0.1,0.1,0.2,0.2,0.2,0.2,0.2,0.2,0.2,0.3,0.3,0.3,0.3,0.3,0.3,0.3,0.3,0.3,0.4,0.4,0.4,0.4,0.4,0.4,0.4,12.100000000000005,0.20166666666666674
206,03:26,3,26,206,0.1,0.1,0.1,0.1,0.1,0.3,0.4,0.2,0.3,0.3,0.4,0.1,0.1,0.1,0.1,0.1,0.1,0.2,0.2,0.3,0.3,0.3,0.4,0.1,0.1,0.1,0.1,0.1,0.2,0.2,0.2,0.2,0.2,0.2,0.2,0.3,0.3,0.3,0.3,0.3,0.3,0.3,0.3,0.3,0.4,0.4,0.4,0.4,0.4,0.4,0.4,12.100000000000005,0.20166666666666674
207,03:27,3,27,207,0.1,0.1,0.1,0.1,0.1,0.3,0.4,0.2,0.3,0.3,0.4,0.1,0.1,0.1,0.1,0.1,0.1,0.2,0.2,0.3,0.3,0.3,0.4,0.1,0.1,0.1,0.1,0.1,0.2,0.2,0.2,0.2,0.2,0.2,0.2,0.3,0.3,0.3,0.3,0.3,0.3,0.3,0.3,0.3,0.4,0.4,0.4,0.4,0.4,0.4,0.4,12.100000000000005,0.20166666666666674
208,03:28,3,28,208,0.1,0.1,0.1,0.1,0.1,0.3,0.4,0.2,0.3,0.3,0.4,0.1,0.1,0.1,0.1,0.1,0.1,0.2,0.2,0.3,0.3,0.3,0.4,0.1,0.1,0.1,0.1,0.1,0.2,0.2,0.2,0.2,0.2,0.2,0.2,0.3,0.3,0.3,0.3,0.3,0.3,0.3,0.3,0.3,0.4,0.4,0.4,0.4,0.4,0.4,0.4,12.100000000000005,0.20166666666666674
209,03:29,3,29,209,0.1,0.1,0.1,0.1,0.1,0.3,0.4,0.2,0.3,0.3,0.4,0.1,0.1,0.1,0.1,0.1,0.1,0.2,0.2,0.3,0.3,0.3,0.4,0.1,0.1,0.1,0.1,0.1,0.2,0.2,0.2,0.2,0.2,0.2,0.2,0.3,0.3,0.3,0.3,0.3,0.3,0.3,0.3,0.3,0.4,0.4,0.4,0.4,0.4,0.4,0.4,12.100000000000005,0.20166666666666674
210,03:30,3,30,210,0.1,0.1,0.1,0.1,0.1,0.3,0.4,0.2,0.3,0.3,0.4,0.1,0.1,0.1,0.1,0.1,0.1,0.2,0.2,0.3,0.3,0.3,0.4,0.1,0.1,0.1,0.1,0.1,0.2,0.2,0.2,0.2,0.2,0.2,0.2,0.3,0.3,0.3,0.3,0.3,0.3,0.3,0.3,0.3,0.4,0.4,0.4,0.4,0.4,0.4,0.4,12.100000000000005,0.20166666666666674
211,03:31,3,31,211,0.1,0.1,0.1,0.1,0.1,0.3,0.4,0.2,0.3,0.3,0.4,0.1,0.1,0.1,0.1,0.1,0.1,0.2,0.2,0.3,0.3,0.3,0.4,0.1,0.1,0.1,0.1,0.1,0.2,0.2,0.2,0.2,0.2,0.2,0.2,0.3,0.3,0.3,0.3,0.3,0.3,0.3,0.3,0.3,0.4,0.4,0.4,0.4,0.4,0.4,0.4,12.100000000000005,0.20166666666666674
212,03:32,3,32,212,0.1,0.1,0.1,0.1,0.1,0.3,0.4,0.2,0.3,0.3,0.4,0.1,0.1,0.1,0.1,0.1,0.1,0.2,0.2,0.3,0.3,0.3,0.4,0.1,0.1,0.1,0.1,0.1,0.2,0.2,0.2,0.2,0.2,0.2,0.2,0.3,0.3,0.3,0.3,0.3,0.3,0.3,0.3,0.3,0.4,0.4,0.4,0.4,0.4,0.4,0.4,12.100000000000005,0.20166666666666674
213,03:33,3,33,213,0.1,0.1,0.1,0.1,0.1,0.3,0.4,0.2,0.3,0.3,0.4,0.1,0.1,0.1,0.1,0.1,0.1,0.2,0.2,0.3,0.3,0.3,0.4,0.1,0.1,0.1,0.1,0.1,0.2,0.2,0.2,0.2,0.2,0.2,0.2,0.3,0.3,0.3,0.3,0.3,0.3,0.3,0.3,0.3,0.4,0.4,0.4,0.4,0.4,0.4,0.4,12.100000000000005,0.20166666666666674
214,03:34,3,34,214,0.1,0.1,0.1,0.1,0.1,0.3,0.4,0.2,0.3,0.3,0.4,0.1,0.1,0.1,0.1,0.1,0.1,0.2,0.2,0.3,0.3,0.3,0.4,0.1,0.1,0.1,0.1,0.1,0.2,0.2,0.2,0.2,0.2,0.2,0.2,0.3,0.3,0.3,0.3,0.3,0.3,0.3,0.3,0.3,0.4,0.4,0.4,0.4,0.4,0.4,0.4,12.100000000000005,0.20166666666666674
215,03:35,3,35,215,0.1,0.1,0.1,0.1,0.1,0.3,0.4,0.2,0.3,0.3,0.4,0.1,0.1,0.1,0.1,0.1,0.1,0.2,0.2,0.3,0.3,0.3,0.4,0.1,0.1,0.1,0.1,0.1,0.2,0.2,0.2,0.2,0.2,0.2,0.2,0.3,0.3,0.3,0.3,0.3,0.3,0.3,0.3,0.3,0.4,0.4,0.4,0.4,0.4,0.4,0.4,12.100000000000005,0.20166666666666674
216,03:36,3,36,216,0.1,0.1,0.1,0.1,0.1,0.3,0.4,0.2,0.3,0.3,0.4,0.1,0.1,0.1,0.1,0.1,0.1,0.2,0.2,0.3,0.3,0.3,0.4,0.1,0.1,0.1,0.1,0.1,0.2,0.2,0.2,0.2,0.2,0.2,0.2,0.3,0.3,0.3,0.3,0.3,0.3,0.3,0.3,0.3,0.4,0.4,0.4,0.4,0.4,0.4,0.4,12.100000000000005,0.20166666666666674
217,03:37,3,37,217,0.1,0.1,0.1,0.1,0.1,0.3,0.4,0.2,0.3,0.3,0.4,0.1,0.1,0.1,0.1,0.1,0.1,0.2,0.2,0.3,0.3,0.3,0.4,0.1,0.1,0.1,0.1,0.1,0.2,0.2,0.2,0.2,0.2,0.2,0.2,0.3,0.3,0.3,0.3,0.3,0.3,0.3,0.3,0.3,0.4,0.4,0.4,0.4,0.4,0.4,0.4,12.100000000000005,0.20166666666666674
218,03:38,3,38,218,0.1,0.1,0.1,0.1,0.1,0.3,0.4,0.2,0.3,0.3,0.4,0.1,0.1,0.1,0.1,0.1,0.1,0.2,0.2,0.3,0.3,0.3,0.4,0.1,0.1,0.1,0.1,0.1,0.2,0.2,0.2,0.2,0.2,0.2,0.2,0.3,0.3,0.3,0.3,0.3,0.3,0.3,0.3,0.3,0.4,0.4,0.4,0.4,0.4,0.4,0.4,12.100000000000005,0.20166666666666674
219,03:39,3,39,219,0.1,0.1,0.1,0.1,0.1,0.3,0.4,0.2,0.3,0.3,0.4,0.1,0.1,0.1,0.1,0.1,0.1,0.2,0.2,0.3,0.3,0.3,0.4,0.1,0.1,0.1,0.1,0.1,0.2,0.2,0.2,0.2,0.2,0.2,0.2,0.3,0.3,0.3,0.3,0.3,0.3,0.3,0.3,0.3,0.4,0.4,0.4,0.4,0.4,0.4,0.4,12.100000000000005,0.20166666666666674
220,03:40,3,40,220,0.1,0.1,0.1,0.1,0.1,0.3,0.4,0.2,0.3,0.3,0.4,0.1,0.1,0.1,0.1,0.1,0.1,0.2,0.2,0.3,0.3,0.3,0.4,0.1,0.1,0.1,0.1,0.1,0.2,0.2,0.2,0.2,0.2,0.2,0.2,0.3,0.3,0.3,0.3,0.3,0.3,0.3,0.3,0.3,0.4,0.4,0.4,0.4,0.4,0.4,0.4,12.100000000000005,0.20166666666666674
221,03:41,3,41,221,0.1,0.1,0.1,0.1,0.1,0.3,0.4,0.2,0.3,0.3,0.4,0.1,0.1,0.1,0.1,0.1,0.1,0.2,0.2,0.3,0.3,0.3,0.4,0.1,0.1,0.1,0.1,0.1,0.2,0.2,0.2,0.2,0.2,0.2,0.2,0.3,0.3,0.3,0.3,0.3,0.3,0.3,0.3,0.3,0.4,0.4,0.4,0.4,0.4,0.4,0.4,12.100000000000005,0.20166666666666674
222,03:42,3,42,222,0.1,0.1,0.1,0.1,0.1,0.3,0.4,0.2,0.3,0.3,0.4,0.1,0.1,0.1,0.1,0.1,0.1,0.2,0.2,0.3,0.3,0.3,0.4,0.1,0.1,0.1,0.1,0.1,0.2,0.2,0.2,0.2,0.2,0.2,0.2,0.3,0.3,0.3,0.3,0.3,0.3,0.3,0.3,0.3,0.4,0.4,0.4,0.4,0.4,0.4,0.4,12.100000000000005,0.20166666666666674
223,03:43,3,43,223,0.1,0.1,0.1,0.1,0.1,0.3,0.4,0.2,0.3,0.3,0.4,0.1,0.1,0.1,0.1,0.1,0.1,0.2,0.2,0.3,0.3,0.3,0.4,0.1,0.1,0.1,0.1,0.1,0.2,0.2,0.2,0.2,0.2,0.2,0.2,0.3,0.3,0.3,0.3,0.3,0.3,0.3,0.3,0.3,0.4,0.4,0.4,0.4,0.4,0.4,0.4,12.100000000000005,0.20166666666666674
224,03:44,3,44,224,0.1,0.1,0.1,0.1,0.1,0.3,0.4,0.2,0.3,0.3,0.4,0.1,0.1,0.1,0.1,0.1,0.1,0.2,0.2,0.3,0.3,0.3,0.4,0.1,0.1,0.1,0.1,0.1,0.2,0.2,0.2,0.2,0.2,0.2,0.2,0.3,0.3,0.3,0.3,0.3,0.3,0.3,0.3,0.3,0.4,0.4,0.4,0.4,0.4,0.4,0.4,12.100000000000005,0.20166666666666674
225,03:45,3,45,225,0.1,0.1,0.1,0.1,0.1,0.3,0.4,0.2,0.3,0.3,0.4,0.1,0.1,0.1,0.1,0.1,0.1,0.2,0.2,0.3,0.3,0.3,0.4,0.1,0.1,0.1,0.1,0.1,0.2,0.2,0.2,0.2,0.2,0.2,0.2,0.3,0.3,0.3,0.3,0.3,0.3,0.3,0.3,0.3,0.4,0.4,0.4,0.4,0.4,0.4,0.4,12.100000000000005,0.20166666666666674
226,03:46,3,46,226,0.1,0.1,0.1,0.1,0.1,0.3,0.4,0.2,0.3,0.3,0.4,0.1,0.1,0.1,0.1,0.1,0.1,0.2,0.2,0.3,0.3,0.3,0.4,0.1,0.1,0.1,0.1,0.1,0.2,0.2,0.2,0.2,0.2,0.2,0.2,0.3,0.3,0.3,0.3,0.3,0.3,0.3,0.3,0.3,0.4,0.4,0.4,0.4,0.4,0.4,0.4,12.100000000000005,0.20166666666666674
227,03:47,3,47,227,0.1,0.1,0.1,0.1,0.1,0.3,0.4,0.2,0.3,0.3,0.4,0.1,0.1,0.1,0.1,0.1,0.1,0.2,0.2,0.3,0.3,0.3,0.4,0.1,0.1,0.1,0.1,0.1,0.2,0.2,0.2,0.2,0.2,0.2,0.2,0.3,0.3,0.3,0.3,0.3,0.3,0.3,0.3,0.3,0.4,0.4,0.4,0.4,0.4,0.4,0.4,12.100000000000005,0.20166666666666674
228,03:48,3,48,228,0.1,0.1,0.1,0.1,0.1,0.3,0.4,0.2,0.3,0.3,0.4,0.1,0.1,0.1,0.1,0.1,0.1,0.2,0.2,0.3,0.3,0.3,0.4,0.1,0.1,0.1,0.1,0.1,0.2,0.2,0.2,0.2,0.2,0.2,0.2,0.3,0.3,0.3,0.3,0.3,0.3,0.3,0.3,0.3,0.4,0.4,0.4,0.4,0.4,0.4,0.4,12.100000000000005,0.20166666666666674
229,03:49,3,49,229,0.1,0.1,0.1,0.1,0.1,0.3,0.4,0.2,0.3,0.3,0.4,0.1,0.1,0.1,0.1,0.1,0.1,0.2,0.2,0.3,0.3,0.3,0.4,0.1,0.1,0.1,0.1,0.1,0.2,0.2,0.2,0.2,0.2,0.2,0.2,0.3,0.3,0.3,0.3,0.3,0.3,0.3,0.3,0.3,0.4,0.4,0.4,0.4,0.4,0.4,0.4,12.100000000000005,0.20166666666666674
230,03:50,3,50,230,0.1,0.1,0.1,0.1,0.1,0.3,0.4,0.2,0.3,0.3,0.4,0.1,0.1,0.1,0.1,0.1,0.1,0.2,0.2,0.3,0.3,0.3,0.4,0.1,0.1,0.1,0.1,0.1,0.2,0.2,0.2,0.2,0.2,0.2,0.2,0.3,0.3,0.3,0.3,0.3,0.3,0.3,0.3,0.3,0.4,0.4,0.4,0.4,0.4,0.4,0.4,12.100000000000005,0.20166666666666674
231,03:51,3,51,231,0.1,0.1,0.1,0.1,0.1,0.3,0.4,0.2,0.3,0.3,0.4,0.1,0.1,0.1,0.1,0.1,0.1,0.2,0.2,0.3,0.3,0.3,0.4,0.1,0.1,0.1,0.1,0.1,0.2,0.2,0.2,0.2,0.2,0.2,0.2,0.3,0.3,0.3,0.3,0.3,0.3,0.3,0.3,0.3,0.4,0.4,0.4,0.4,0.4,0.4,0.4,12.100000000000005,0.20166666666666674
232,03:52,3,52,232,0.1,0.1,0.1,0.1,0.1,0.3,0.4,0.2,0.3,0.3,0.4,0.1,0.1,0.1,0.1,0.1,0.1,0.2,0.2,0.3,0.3,0.3,0.4,0.1,0.1,0.1,0.1,0.1,0.2,0.2,0.2,0.2,0.2,0.2,0.2,0.3,0.3,0.3,0.3,0.3,0.3,0.3,0.3,0.3,0.4,0.4,0.4,0.4,0.4,0.4,0.4,12.100000000000005,0.20166666666666674
233,03:53,3,53,233,0.1,0.1,0.1,0.1,0.1,0.3,0.4,0.2,0.3,0.3,0.4,0.1,0.1,0.1,0.1,0.1,0.1,0.2,0.2,0.3,0.3,0.3,0.4,0.1,0.1,0.1,0.1,0.1,0.2,0.2,0.2,0.2,0.2,0.2,0.2,0.3,0.3,0.3,0.3,0.3,0.3,0.3,0.3,0.3,0.4,0.4,0.4,0.4,0.4,0.4,0.4,12.100000000000005,0.20166666666666674
234,03:54,3,54,234,0.1,0.1,0.1,0.1,0.1,0.3,0.4,0.2,0.3,0.3,0.4,0.1,0.1,0.1,0.1,0.1,0.1,0.2,0.2,0.3,0.3,0.3,0.4,0.1,0.1,0.1,0.1,0.1,0.2,0.2,0.2,0.2,0.2,0.2,0.2,0.3,0.3,0.3,0.3,0.3,0.3,0.3,0.3,0.3,0.4,0.4,0.4,0.4,0.4,0.4,0.4,12.100000000000005,0.20166666666666674
235,03:55,3,55,235,0.1,0.1,0.1,0.1,0.1,0.3,0.4,0.2,0.3,0.3,0.4,0.1,0.1,0.1,0.1,0.1,0.1,0.2,0.2,0.3,0.3,0.3,0.4,0.1,0.1,0.1,0.1,0.1,0.2,0.2,0.2,0.2,0.2,0.2,0.2,0.3,0.3,0.3,0.3,0.3,0.3,0.3,0.3,0.3,0.4,0.4,0.4,0.4,0.4,0.4,0.4,12.100000000000005,0.20166666666666674
236,03:56,3,56,236,0.1,0.1,0.1,0.1,0.1,0.3,0.4,0.2,0.3,0.3,0.4,0.1,0.1,0.1,0.1,0.1,0.1,0.2,0.2,0.3,0.3,0.3,0.4,0.1,0.1,0.1,0.1,0.1,0.2,0.2,0.2,0.2,0.2,0.2,0.2,0.3,0.3,0.3,0.3,0.3,0.3,0.3,0.3,0.3,0.4,0.4,0.4,0.4,0.4,0.4,0.4,12.100000000000005,0.20166666666666674
237,03:57,3,57,237,0.1,0.1,0.1,0.1,0.1,0.3,0.4,0.2,0.3,0.3,0.4,0.1,0.1,0.1,0.1,0.1,0.1,0.2,0.2,0.3,0.3,0.3,0.4,0.1,0.1,0.1,0.1,0.1,0.2,0.2,0.2,0.2,0.2,0.2,0.2,0.3,0.3,0.3,0.3,0.3,0.3,0.3,0.3,0.3,0.4,0.4,0.4,0.4,0.4,0.4,0.4,12.100000000000005,0.20166666666666674
238,03:58,3,58,238,0.1,0.1,0.1,0.1,0.1,0.3,0.4,0.2,0.3,0.3,0.4,0.1,0.1,0.1,0.1,0.1,0.1,0.2,0.2,0.3,0.3,0.3,0.4,0.1,0.1,0.1,0.1,0.1,0.2,0.2,0.2,0.2,0.2,0.2,0.2,0.3,0.3,0.3,0.3,0.3,0.3,0.3,0.3,0.3,0.4,0.4,0.4,0.4,0.4,0.4,0.4,12.100000000000005,0.20166666666666674
239,03:59,3,59,239,0.1,0.1,0.1,0.1,0.1,0.3,0.4,0.2,0.3,0.3,0.4,0.1,0.1,0.1,0.1,0.1,0.1,0.2,0.2,0.3,0.3,0.3,0.4,0.1,0.1,0.1,0.1,0.1,0.2,0.2,0.2,0.2,0.2,0.2,0.2,0.3,0.3,0.3,0.3,0.3,0.3,0.3,0.3,0.3,0.4,0.4,0.4,0.4,0.4,0.4,0.4,12.100000000000005,0.20166666666666674
240,04:00,4,0,240,0.1,0.1,0.1,0.1,0.1,0.3,0.4,0.2,0.3,0.3,0.4,0.1,0.1,0.1,0.1,0.1,0.1,0.2,0.2,0.3,0.3,0.3,0.4,0.1,0.1,0.1,0.1,0.1,0.2,0.2,0.2,0.2,0.2,0.2,0.2,0.3,0.3,0.3,0.3,0.3,0.3,0.3,0.3,0.3,0.4,0.4,0.4,0.4,0.4,0.4,0.4,12.100000000000005,0.20166666666666674
241,04:01,4,1,241,0.1,0.1,0.1,0.1,0.1,0.3,0.4,0.2,0.3,0.3,0.4,0.1,0.1,0.1,0.1,0.1,0.1,0.2,0.2,0.3,0.3,0.3,0.4,0.1,0.1,0.1,0.1,0.1,0.2,0.2,0.2,0.2,0.2,0.2,0.2,0.3,0.3,0.3,0.3,0.3,0.3,0.3,0.3,0.3,0.4,0.4,0.4,0.4,0.4,0.4,0.4,12.100000000000005,0.20166666666666674
242,04:02,4,2,242,0.1,0.1,0.1,0.1,0.1,0.3,0.4,0.2,0.3,0.3,0.4,0.1,0.1,0.1,0.1,0.1,0.1,0.2,0.2,0.3,0.3,0.3,0.4,0.1,0.1,0.1,0.1,0.1,0.2,0.2,0.2,0.2,0.2,0.2,0.2,0.3,0.3,0.3,0.3,0.3,0.3,0.3,0.3,0.3,0.4,0.4,0.4,0.4,0.4,0.4,0.4,12.100000000000005,0.20166666666666674
243,04:03,4,3,243,0.1,0.1,0.1,0.1,0.1,0.3,0.4,0.2,0.3,0.3,0.4,0.1,0.1,0.1,0.1,0.1,0.1,0.2,0.2,0.3,0.3,0.3,0.4,0.1,0.1,0.1,0.1,0.1,0.2,0.2,0.2,0.2,0.2,0.2,0.2,0.3,0.3,0.3,0.3,0.3,0.3,0.3,0.3,0.3,0.4,0.4,0.4,0.4,0.4,0.4,0.4,12.100000000000005,0.20166666666666674
244,04:04,4,4,244,0.1,0.1,0.1,0.1,0.1,0.3,0.4,0.2,0.3,0.3,0.4,0.1,0.1,0.1,0.1,0.1,0.1,0.2,0.2,0.3,0.3,0.3,0.4,0.1,0.1,0.1,0.1,0.1,0.2,0.2,0.2,0.2,0.2,0.2,0.2,0.3,0.3,0.3,0.3,0.3,0.3,0.3,0.3,0.3,0.4,0.4,0.4,0.4,0.4,0.4,0.4,12.100000000000005,0.20166666666666674
245,04:05,4,5,245,0.1,0.1,0.1,0.1,0.1,0.3,0.4,0.2,0.3,0.3,0.4,0.1,0.1,0.1,0.1,0.1,0.1,0.2,0.2,0.3,0.3,0.3,0.4,0.1,0.1,0.1,0.1,0.1,0.2,0.2,0.2,0.2,0.2,0.2,0.2,0.3,0.3,0.3,0.3,0.3,0.3,0.3,0.3,0.3,0.4,0.4,0.4,0.4,0.4,0.4,0.4,12.100000000000005,0.20166666666666674
246,04:06,4,6,246,0.1,0.1,0.1,0.1,0.1,0.3,0.4,0.2,0.3,0.3,0.4,0.1,0.1,0.1,0.1,0.1,0.1,0.2,0.2,0.3,0.3,0.3,0.4,0.1,0.1,0.1,0.1,0.1,0.2,0.2,0.2,0.2,0.2,0.2,0.2,0.3,0.3,0.3,0.3,0.3,0.3,0.3,0.3,0.3,0.4,0.4,0.4,0.4,0.4,0.4,0.4,12.100000000000005,0.20166666666666674
247,04:07,4,7,247,0.1,0.1,0.1,0.1,0.1,0.3,0.4,0.2,0.3,0.3,0.4,0.1,0.1,0.1,0.1,0.1,0.1,0.2,0.2,0.3,0.3,0.3,0.4,0.1,0.1,0.1,0.1,0.1,0.2,0.2,0.2,0.2,0.2,0.2,0.2,0.3,0.3,0.3,0.3,0.3,0.3,0.3,0.3,0.3,0.4,0.4,0.4,0.4,0.4,0.4,0.4,12.100000000000005,0.20166666666666674
248,04:08,4,8,248,0.1,0.1,0.1,0.1,0.1,0.3,0.4,0.2,0.3,0.3,0.4,0.1,0.1,0.1,0.1,0.1,0.1,0.2,0.2,0.3,0.3,0.3,0.4,0.1,0.1,0.1,0.1,0.1,0.2,0.2,0.2,0.2,0.2,0.2,0.2,0.3,0.3,0.3,0.3,0.3,0.3,0.3,0.3,0.3,0.4,0.4,0.4,0.4,0.4,0.4,0.4,12.100000000000005,0.20166666666666674
249,04:09,4,9,249,0.1,0.1,0.1,0.1,0.1,0.3,0.4,0.2,0.3,0.3,0.4,0.1,0.1,0.1,0.1,0.1,0.1,0.2,0.2,0.3,0.3,0.3,0.4,0.1,0.1,0.1,0.1,0.1,0.2,0.2,0.2,0.2,0.2,0.2,0.2,0.3,0.3,0.3,0.3,0.3,0.3,0.3,0.3,0.3,0.4,0.4,0.4,0.4,0.4,0.4,0.4,12.100000000000005,0.20166666666666674
250,04:10,4,10,250,0.1,0.1,0.1,0.1,0.1,0.3,0.4,0.2,0.3,0.3,0.4,0.1,0.1,0.1,0.1,0.1,0.1,0.2,0.2,0.3,0.3,0.3,0.4,0.1,0.1,0.1,0.1,0.1,0.2,0.2,0.2,0.2,0.2,0.2,0.2,0.3,0.3,0.3,0.3,0.3,0.3,0.3,0.3,0.3,0.4,0.4,0.4,0.4,0.4,0.4,0.4,12.100000000000005,0.20166666666666674
251,04:11,4,11,251,0.1,0.1,0.1,0.1,0.1,0.3,0.4,0.2,0.3,0.3,0.4,0.1,0.1,0.1,0.1,0.1,0.1,0.2,0.2,0.3,0.3,0.3,0.4,0.1,0.1,0.1,0.1,0.1,0.2,0.2,0.2,0.2,0.2,0.2,0.2,0.3,0.3,0.3,0.3,0.3,0.3,0.3,0.3,0.3,0.4,0.4,0.4,0.4,0.4,0.4,0.4,12.100000000000005,0.20166666666666674
252,04:12,4,12,252,0.1,0.1,0.1,0.1,0.1,0.3,0.4,0.2,0.3,0.3,0.4,0.1,0.1,0.1,0.1,0.1,0.1,0.2,0.2,0.3,0.3,0.3,0.4,0.1,0.1,0.1,0.1,0.1,0.2,0.2,0.2,0.2,0.2,0.2,0.2,0.3,0.3,0.3,0.3,0.3,0.3,0.3,0.3,0.3,0.4,0.4,0.4,0.4,0.4,0.4,0.4,12.100000000000005,0.20166666666666674
253,04:13,4,13,253,0.1,0.1,0.1,0.1,0.1,0.3,0.4,0.2,0.3,0.3,0.4,0.1,0.1,0.1,0.1,0.1,0.1,0.2,0.2,0.3,0.3,0.3,0.4,0.1,0.1,0.1,0.1,0.1,0.2,0.2,0.2,0.2,0.2,0.2,0.2,0.3,0.3,0.3,0.3,0.3,0.3,0.3,0.3,0.3,0.4,0.4,0.4,0.4,0.4,0.4,0.4,12.100000000000005,0.20166666666666674
254,04:14,4,14,254,0.1,0.1,0.1,0.1,0.1,0.3,0.4,0.2,0.3,0.3,0.4,0.1,0.1,0.1,0.1,0.1,0.1,0.2,0.2,0.3,0.3,0.3,0.4,0.1,0.1,0.1,0.1,0.1,0.2,0.2,0.2,0.2,0.2,0.2,0.2,0.3,0.3,0.3,0.3,0.3,0.3,0.3,0.3,0.3,0.4,0.4,0.4,0.4,0.4,0.4,0.4,12.100000000000005,0.20166666666666674
255,04:15,4,15,255,0.1,0.1,0.1,0.1,0.1,0.3,0.4,0.2,0.3,0.3,0.4,0.1,0.1,0.1,0.1,0.1,0.1,0.2,0.2,0.3,0.3,0.3,0.4,0.1,0.1,0.1,0.1,0.1,0.2,0.2,0.2,0.2,0.2,0.2,0.2,0.3,0.3,0.3,0.3,0.3,0.3,0.3,0.3,0.3,0.4,0.4,0.4,0.4,0.4,0.4,0.4,12.100000000000005,0.20166666666666674
256,04:16,4,16,256,0.1,0.1,0.1,0.1,0.1,0.3,0.4,0.2,0.3,0.3,0.4,0.1,0.1,0.1,0.1,0.1,0.1,0.2,0.2,0.3,0.3,0.3,0.4,0.1,0.1,0.1,0.1,0.1,0.2,0.2,0.2,0.2,0.2,0.2,0.2,0.3,0.3,0.3,0.3,0.3,0.3,0.3,0.3,0.3,0.4,0.4,0.4,0.4,0.4,0.4,0.4,12.100000000000005,0.20166666666666674
257,04:17,4,17,257,0.1,0.1,0.1,0.1,0.1,0.3,0.4,0.2,0.3,0.3,0.4,0.1,0.1,0.1,0.1,0.1,0.1,0.2,0.2,0.3,0.3,0.3,0.4,0.1,0.1,0.1,0.1,0.1,0.2,0.2,0.2,0.2,0.2,0.2,0.2,0.3,0.3,0.3,0.3,0.3,0.3,0.3,0.3,0.3,0.4,0.4,0.4,0.4,0.4,0.4,0.4,12.100000000000005,0.20166666666666674
258,04:18,4,18,258,0.1,0.1,0.1,0.1,0.1,0.3,0.4,0.2,0.3,0.3,0.4,0.1,0.1,0.1,0.1,0.1,0.1,0.2,0.2,0.3,0.3,0.3,0.4,0.1,0.1,0.1,0.1,0.1,0.2,0.2,0.2,0.2,0.2,0.2,0.2,0.3,0.3,0.3,0.3,0.3,0.3,0.3,0.3,0.3,0.4,0.4,0.4,0.4,0.4,0.4,0.4,12.100000000000005,0.20166666666666674
259,04:19,4,19,259,0.1,0.1,0.1,0.1,0.1,0.3,0.4,0.2,0.3,0.3,0.4,0.1,0.1,0.1,0.1,0.1,0.1,0.2,0.2,0.3,0.3,0.3,0.4,0.1,0.1,0.1,0.1,0.1,0.2,0.2,0.2,0.2,0.2,0.2,0.2,0.3,0.3,0.3,0.3,0.3,0.3,0.3,0.3,0.3,0.4,0.4,0.4,0.4,0.4,0.4,0.4,12.100000000000005,0.20166666666666674
260,04:20,4,20,260,0.1,0.1,0.1,0.1,0.1,0.3,0.4,0.2,0.3,0.3,0.4,0.1,0.1,0.1,0.1,0.1,0.1,0.2,0.2,0.3,0.3,0.3,0.4,0.1,0.1,0.1,0.1,0.1,0.2,0.2,0.2,0.2,0.2,0.2,0.2,0.3,0.3,0.3,0.3,0.3,0.3,0.3,0.3,0.3,0.4,0.4,0.4,0.4,0.4,0.4,0.4,12.100000000000005,0.20166666666666674
261,04:21,4,21,261,0.1,0.1,0.1,0.1,0.1,0.3,0.4,0.2,0.3,0.3,0.4,0.1,0.1,0.1,0.1,0.1,0.1,0.2,0.2,0.3,0.3,0.3,0.4,0.1,0.1,0.1,0.1,0.1,0.2,0.2,0.2,0.2,0.2,0.2,0.2,0.3,0.3,0.3,0.3,0.3,0.3,0.3,0.3,0.3,0.4,0.4,0.4,0.4,0.4,0.4,0.4,12.100000000000005,0.20166666666666674
262,04:22,4,22,262,0.1,0.1,0.1,0.1,0.1,0.3,0.4,0.2,0.3,0.3,0.4,0.1,0.1,0.1,0.1,0.1,0.1,0.2,0.2,0.3,0.3,0.3,0.4,0.1,0.1,0.1,0.1,0.1,0.2,0.2,0.2,0.2,0.2,0.2,0.2,0.3,0.3,0.3,0.3,0.3,0.3,0.3,0.3,0.3,0.4,0.4,0.4,0.4,0.4,0.4,0.4,12.100000000000005,0.20166666666666674
263,04:23,4,23,263,0.1,0.1,0.1,0.1,0.1,0.3,0.4,0.2,0.3,0.3,0.4,0.1,0.1,0.1,0.1,0.1,0.1,0.2,0.2,0.3,0.3,0.3,0.4,0.1,0.1,0.1,0.1,0.1,0.2,0.2,0.2,0.2,0.2,0.2,0.2,0.3,0.3,0.3,0.3,0.3,0.3,0.3,0.3,0.3,0.4,0.4,0.4,0.4,0.4,0.4,0.4,12.100000000000005,0.20166666666666674
264,04:24,4,24,264,0.1,0.1,0.1,0.1,0.1,0.3,0.4,0.2,0.3,0.3,0.4,0.1,0.1,0.1,0.1,0.1,0.1,0.2,0.2,0.3,0.3,0.3,0.4,0.1,0.1,0.1,0.1,0.1,0.2,0.2,0.2,0.2,0.2,0.2,0.2,0.3,0.3,0.3,0.3,0.3,0.3,0.3,0.3,0.3,0.4,0.4,0.4,0.4,0.4,0.4,0.4,12.100000000000005,0.20166666666666674
265,04:25,4,25,265,0.1,0.1,0.1,0.1,0.1,0.3,0.4,0.2,0.3,0.3,0.4,0.1,0.1,0.1,0.1,0.1,0.1,0.2,0.2,0.3,0.3,0.3,0.4,0.1,0.1,0.1,0.1,0.1,0.2,0.2,0.2,0.2,0.2,0.2,0.2,0.3,0.3,0.3,0.3,0.3,0.3,0.3,0.3,0.3,0.4,0.4,0.4,0.4,0.4,0.4,0.4,12.100000000000005,0.20166666666666674
266,04:26,4,26,266,0.1,0.1,0.1,0.1,0.1,0.3,0.4,0.2,0.3,0.3,0.4,0.1,0.1,0.1,0.1,0.1,0.1,0.2,0.2,0.3,0.3,0.3,0.4,0.1,0.1,0.1,0.1,0.1,0.2,0.2,0.2,0.2,0.2,0.2,0.2,0.3,0.3,0.3,0.3,0.3,0.3,0.3,0.3,0.3,0.4,0.4,0.4,0.4,0.4,0.4,0.4,12.100000000000005,0.20166666666666674
267,04:27,4,27,267,0.1,0.1,0.1,0.1,0.1,0.3,0.4,0.2,0.3,0.3,0.4,0.1,0.1,0.1,0.1,0.1,0.1,0.2,0.2,0.3,0.3,0.3,0.4,0.1,0.1,0.1,0.1,0.1,0.2,0.2,0.2,0.2,0.2,0.2,0.2,0.3,0.3,0.3,0.3,0.3,0.3,0.3,0.3,0.3,0.4,0.4,0.4,0.4,0.4,0.4,0.4,12.100000000000005,0.20166666666666674
268,04:28,4,28,268,0.1,0.1,0.1,0.1,0.1,0.3,0.4,0.2,0.3,0.3,0.4,0.1,0.1,0.1,0.1,0.1,0.1,0.2,0.2,0.3,0.3,0.3,0.4,0.1,0.1,0.1,0.1,0.1,0.2,0.2,0.2,0.2,0.2,0.2,0.2,0.3,0.3,0.3,0.3,0.3,0.3,0.3,0.3,0.3,0.4,0.4,0.4,0.4,0.4,0.4,0.4,12.100000000000005,0.20166666666666674
269,04:29,4,29,269,0.1,0.1,0.1,0.1,0.1,0.3,0.4,0.2,0.3,0.3,0.4,0.1,0.1,0.1,0.1,0.1,0.1,0.2,0.2,0.3,0.3,0.3,0.4,0.1,0.1,0.1,0.1,0.1,0.2,0.2,0.2,0.2,0.2,0.2,0.2,0.3,0.3,0.3,0.3,0.3,0.3,0.3,0.3,0.3,0.4,0.4,0.4,0.4,0.4,0.4,0.4,12.100000000000005,0.20166666666666674
270,04:30,4,30,270,0.1,0.1,0.1,0.1,0.1,0.3,0.4,0.2,0.3,0.3,0.4,0.1,0.1,0.1,0.1,0.1,0.1,0.2,0.2,0.3,0.3,0.3,0.4,0.1,0.1,0.1,0.1,0.1,0.2,0.2,0.2,0.2,0.2,0.2,0.2,0.3,0.3,0.3,0.3,0.3,0.3,0.3,0.3,0.3,0.4,0.4,0.4,0.4,0.4,0.4,0.4,12.100000000000005,0.20166666666666674
271,04:31,4,31,271,0.1,0.1,0.1,0.1,0.1,0.3,0.4,0.2,0.3,0.3,0.4,0.1,0.1,0.1,0.1,0.1,0.1,0.2,0.2,0.3,0.3,0.3,0.4,0.1,0.1,0.1,0.1,0.1,0.2,0.2,0.2,0.2,0.2,0.2,0.2,0.3,0.3,0.3,0.3,0.3,0.3,0.3,0.3,0.3,0.4,0.4,0.4,0.4,0.4,0.4,0.4,12.100000000000005,0.20166666666666674
272,04:32,4,32,272,0.1,0.1,0.1,0.1,0.1,0.3,0.4,0.2,0.3,0.3,0.4,0.1,0.1,0.1,0.1,0.1,0.1,0.2,0.2,0.3,0.3,0.3,0.4,0.1,0.1,0.1,0.1,0.1,0.2,0.2,0.2,0.2,0.2,0.2,0.2,0.3,0.3,0.3,0.3,0.3,0.3,0.3,0.3,0.3,0.4,0.4,0.4,0.4,0.4,0.4,0.4,12.100000000000005,0.20166666666666674
273,04:33,4,33,273,0.1,0.1,0.1,0.1,0.1,0.3,0.4,0.2,0.3,0.3,0.4,0.1,0.1,0.1,0.1,0.1,0.1,0.2,0.2,0.3,0.3,0.3,0.4,0.1,0.1,0.1,0.1,0.1,0.2,0.2,0.2,0.2,0.2,0.2,0.2,0.3,0.3,0.3,0.3,0.3,0.3,0.3,0.3,0.3,0.4,0.4,0.4,0.4,0.4,0.4,0.4,12.100000000000005,0.20166666666666674
274,04:34,4,34,274,0.1,0.1,0.1,0.1,0.1,0.3,0.4,0.2,0.3,0.3,0.4,0.1,0.1,0.1,0.1,0.1,0.1,0.2,0.2,0.3,0.3,0.3,0.4,0.1,0.1,0.1,0.1,0.1,0.2,0.2,0.2,0.2,0.2,0.2,0.2,0.3,0.3,0.3,0.3,0.3,0.3,0.3,0.3,0.3,0.4,0.4,0.4,0.4,0.4,0.4,0.4,12.100000000000005,0.20166666666666674
275,04:35,4,35,275,0.1,0.1,0.1,0.1,0.1,0.3,0.4,0.2,0.3,0.3,0.4,0.1,0.1,0.1,0.1,0.1,0.1,0.2,0.2,0.3,0.3,0.3,0.4,0.1,0.1,0.1,0.1,0.1,0.2,0.2,0.2,0.2,0.2,0.2,0.2,0.3,0.3,0.3,0.3,0.3,0.3,0.3,0.3,0.3,0.4,0.4,0.4,0.4,0.4,0.4,0.4,12.100000000000005,0.20166666666666674
276,04:36,4,36,276,0.1,0.1,0.1,0.1,0.1,0.3,0.4,0.2,0.3,0.3,0.4,0.1,0.1,0.1,0.1,0.1,0.1,0.2,0.2,0.3,0.3,0.3,0.4,0.1,0.1,0.1,0.1,0.1,0.2,0.2,0.2,0.2,0.2,0.2,0.2,0.3,0.3,0.3,0.3,0.3,0.3,0.3,0.3,0.3,0.4,0.4,0.4,0.4,0.4,0.4,0.4,12.100000000000005,0.20166666666666674
277,04:37,4,37,277,0.1,0.1,0.1,0.1,0.1,0.3,0.4,0.2,0.3,0.3,0.4,0.1,0.1,0.1,0.1,0.1,0.1,0.2,0.2,0.3,0.3,0.3,0.4,0.1,0.1,0.1,0.1,0.1,0.2,0.2,0.2,0.2,0.2,0.2,0.2,0.3,0.3,0.3,0.3,0.3,0.3,0.3,0.3,0.3,0.4,0.4,0.4,0.4,0.4,0.4,0.4,12.100000000000005,0.20166666666666674
278,04:38,4,38,278,0.1,0.1,0.1,0.1,0.1,0.3,0.4,0.2,0.3,0.3,0.4,0.1,0.1,0.1,0.1,0.1,0.1,0.2,0.2,0.3,0.3,0.3,0.4,0.1,0.1,0.1,0.1,0.1,0.2,0.2,0.2,0.2,0.2,0.2,0.2,0.3,0.3,0.3,0.3,0.3,0.3,0.3,0.3,0.3,0.4,0.4,0.4,0.4,0.4,0.4,0.4,12.100000000000005,0.20166666666666674
279,04:39,4,39,279,0.1,0.1,0.1,0.1,0.1,0.3,0.4,0.2,0.3,0.3,0.4,0.1,0.1,0.1,0.1,0.1,0.1,0.2,0.2,0.3,0.3,0.3,0.4,0.1,0.1,0.1,0.1,0.1,0.2,0.2,0.2,0.2,0.2,0.2,0.2,0.3,0.3,0.3,0.3,0.3,0.3,0.3,0.3,0.3,0.4,0.4,0.4,0.4,0.4,0.4,0.4,12.100000000000005,0.20166666666666674
280,04:40,4,40,280,0.1,0.1,0.1,0.1,0.1,0.3,0.4,0.2,0.3,0.3,0.4,0.1,0.1,0.1,0.1,0.1,0.1,0.2,0.2,0.3,0.3,0.3,0.4,0.1,0.1,0.1,0.1,0.1,0.2,0.2,0.2,0.2,0.2,0.2,0.2,0.3,0.3,0.3,0.3,0.3,0.3,0.3,0.3,0.3,0.4,0.4,0.4,0.4,0.4,0.4,0.4,12.100000000000005,0.20166666666666674
281,04:41,4,41,281,0.1,0.1,0.1,0.1,0.1,0.3,0.4,0.2,0.3,0.3,0.4,0.1,0.1,0.1,0.1,0.1,0.1,0.2,0.2,0.3,0.3,0.3,0.4,0.1,0.1,0.1,0.1,0.1,0.2,0.2,0.2,0.2,0.2,0.2,0.2,0.3,0.3,0.3,0.3,0.3,0.3,0.3,0.3,0.3,0.4,0.4,0.4,0.4,0.4,0.4,0.4,12.100000000000005,0.20166666666666674
282,04:42,4,42,282,0.1,0.1,0.1,0.1,0.1,0.3,0.4,0.2,0.3,0.3,0.4,0.1,0.1,0.1,0.1,0.1,0.1,0.2,0.2,0.3,0.3,0.3,0.4,0.1,0.1,0.1,0.1,0.1,0.2,0.2,0.2,0.2,0.2,0.2,0.2,0.3,0.3,0.3,0.3,0.3,0.3,0.3,0.3,0.3,0.4,0.4,0.4,0.4,0.4,0.4,0.4,12.100000000000005,0.20166666666666674
283,04:43,4,43,283,0.1,0.1,0.1,0.1,0.1,0.3,0.4,0.2,0.3,0.3,0.4,0.1,0.1,0.1,0.1,0.1,0.1,0.2,0.2,0.3,0.3,0.3,0.4,0.1,0.1,0.1,0.1,0.1,0.2,0.2,0.2,0.2,0.2,0.2,0.2,0.3,0.3,0.3,0.3,0.3,0.3,0.3,0.3,0.3,0.4,0.4,0.4,0.4,0.4,0.4,0.4,12.100000000000005,0.20166666666666674
284,04:44,4,44,284,0.1,0.1,0.1,0.1,0.1,0.3,0.4,0.2,0.3,0.3,0.4,0.1,0.1,0.1,0.1,0.1,0.1,0.2,0.2,0.3,0.3,0.3,0.4,0.1,0.1,0.1,0.1,0.1,0.2,0.2,0.2,0.2,0.2,0.2,0.2,0.3,0.3,0.3,0.3,0.3,0.3,0.3,0.3,0.3,0.4,0.4,0.4,0.4,0.4,0.4,0.4,12.100000000000005,0.20166666666666674
285,04:45,4,45,285,0.1,0.1,0.1,0.1,0.1,0.3,0.4,0.2,0.3,0.3,0.4,0.1,0.1,0.1,0.1,0.1,0.1,0.2,0.2,0.3,0.3,0.3,0.4,0.1,0.1,0.1,0.1,0.1,0.2,0.2,0.2,0.2,0.2,0.2,0.2,0.3,0.3,0.3,0.3,0.3,0.3,0.3,0.3,0.3,0.4,0.4,0.4,0.4,0.4,0.4,0.4,12.100000000000005,0.20166666666666674
286,04:46,4,46,286,0.1,0.1,0.1,0.1,0.1,0.3,0.4,0.2,0.3,0.3,0.4,0.1,0.1,0.1,0.1,0.1,0.1,0.2,0.2,0.3,0.3,0.3,0.4,0.1,0.1,0.1,0.1,0.1,0.2,0.2,0.2,0.2,0.2,0.2,0.2,0.3,0.3,0.3,0.3,0.3,0.3,0.3,0.3,0.3,0.4,0.4,0.4,0.4,0.4,0.4,0.4,12.100000000000005,0.20166666666666674
287,04:47,4,47,287,0.1,0.1,0.1,0.1,0.1,0.3,0.4,0.2,0.3,0.3,0.4,0.1,0.1,0.1,0.1,0.1,0.1,0.2,0.2,0.3,0.3,0.3,0.4,0.1,0.1,0.1,0.1,0.1,0.2,0.2,0.2,0.2,0.2,0.2,0.2,0.3,0.3,0.3,0.3,0.3,0.3,0.3,0.3,0.3,0.4,0.4,0.4,0.4,0.4,0.4,0.4,12.100000000000005,0.20166666666666674
288,04:48,4,48,288,0.1,0.1,0.1,0.1,0.1,0.3,0.4,0.2,0.3,0.3,0.4,0.1,0.1,0.1,0.1,0.1,0.1,0.2,0.2,0.3,0.3,0.3,0.4,0.1,0.1,0.1,0.1,0.1,0.2,0.2,0.2,0.2,0.2,0.2,0.2,0.3,0.3,0.3,0.3,0.3,0.3,0.3,0.3,0.3,0.4,0.4,0.4,0.4,0.4,0.4,0.4,12.100000000000005,0.20166666666666674
289,04:49,4,49,289,0.1,0.1,0.1,0.1,0.1,0.3,0.4,0.2,0.3,0.3,0.4,0.1,0.1,0.1,0.1,0.1,0.1,0.2,0.2,0.3,0.3,0.3,0.4,0.1,0.1,0.1,0.1,0.1,0.2,0.2,0.2,0.2,0.2,0.2,0.2,0.3,0.3,0.3,0.3,0.3,0.3,0.3,0.3,0.3,0.4,0.4,0.4,0.4,0.4,0.4,0.4,12.100000000000005,0.20166666666666674
290,04:50,4,50,290,0.1,0.1,0.1,0.1,0.1,0.3,0.4,0.2,0.3,0.3,0.4,0.1,0.1,0.1,0.1,0.1,0.1,0.2,0.2,0.3,0.3,0.3,0.4,0.1,0.1,0.1,0.1,0.1,0.2,0.2,0.2,0.2,0.2,0.2,0.2,0.3,0.3,0.3,0.3,0.3,0.3,0.3,0.3,0.3,0.4,0.4,0.4,0.4,0.4,0.4,0.4,12.100000000000005,0.20166666666666674
291,04:51,4,51,291,0.1,0.1,0.1,0.1,0.1,0.3,0.4,0.2,0.3,0.3,0.4,0.1,0.1,0.1,0.1,0.1,0.1,0.2,0.2,0.3,0.3,0.3,0.4,0.1,0.1,0.1,0.1,0.1,0.2,0.2,0.2,0.2,0.2,0.2,0.2,0.3,0.3,0.3,0.3,0.3,0.3,0.3,0.3,0.3,0.4,0.4,0.4,0.4,0.4,0.4,0.4,12.100000000000005,0.20166666666666674
292,04:52,4,52,292,0.1,0.1,0.1,0.1,0.1,0.3,0.4,0.2,0.3,0.3,0.4,0.1,0.1,0.1,0.1,0.1,0.1,0.2,0.2,0.3,0.3,0.3,0.4,0.1,0.1,0.1,0.1,0.1,0.2,0.2,0.2,0.2,0.2,0.2,0.2,0.3,0.3,0.3,0.3,0.3,0.3,0.3,0.3,0.3,0.4,0.4,0.4,0.4,0.4,0.4,0.4,12.100000000000005,0.20166666666666674
293,04:53,4,53,293,0.1,0.1,0.1,0.1,0.1,0.3,0.4,0.2,0.3,0.3,0.4,0.1,0.1,0.1,0.1,0.1,0.1,0.2,0.2,0.3,0.3,0.3,0.4,0.1,0.1,0.1,0.1,0.1,0.2,0.2,0.2,0.2,0.2,0.2,0.2,0.3,0.3,0.3,0.3,0.3,0.3,0.3,0.3,0.3,0.4,0.4,0.4,0.4,0.4,0.4,0.4,12.100000000000005,0.20166666666666674
294,04:54,4,54,294,0.1,0.1,0.1,0.1,0.1,0.3,0.4,0.2,0.3,0.3,0.4,0.1,0.1,0.1,0.1,0.1,0.1,0.2,0.2,0.3,0.3,0.3,0.4,0.1,0.1,0.1,0.1,0.1,0.2,0.2,0.2,0.2,0.2,0.2,0.2,0.3,0.3,0.3,0.3,0.3,0.3,0.3,0.3,0.3,0.4,0.4,0.4,0.4,0.4,0.4,0.4,12.100000000000005,0.20166666666666674
295,04:55,4,55,295,0.1,0.1,0.1,0.1,0.1,0.3,0.4,0.2,0.3,0.3,0.4,0.1,0.1,0.1,0.1,0.1,0.1,0.2,0.2,0.3,0.3,0.3,0.4,0.1,0.1,0.1,0.1,0.1,0.2,0.2,0.2,0.2,0.2,0.2,0.2,0.3,0.3,0.3,0.3,0.3,0.3,0.3,0.3,0.3,0.4,0.4,0.4,0.4,0.4,0.4,0.4,12.100000000000005,0.20166666666666674
296,04:56,4,56,296,0.1,0.1,0.1,0.1,0.1,0.3,0.4,0.2,0.3,0.3,0.4,0.1,0.1,0.1,0.1,0.1,0.1,0.2,0.2,0.3,0.3,0.3,0.4,0.1,0.1,0.1,0.1,0.1,0.2,0.2,0.2,0.2,0.2,0.2,0.2,0.3,0.3,0.3,0.3,0.3,0.3,0.3,0.3,0.3,0.4,0.4,0.4,0.4,0.4,0.4,0.4,12.100000000000005,0.20166666666666674
297,04:57,4,57,297,0.1,0.1,0.1,0.1,0.1,0.3,0.4,0.2,0.3,0.3,0.4,0.1,0.1,0.1,0.1,0.1,0.1,0.2,0.2,0.3,0.3,0.3,0.4,0.1,0.1,0.1,0.1,0.1,0.2,0.2,0.2,0.2,0.2,0.2,0.2,0.3,0.3,0.3,0.3,0.3,0.3,0.3,0.3,0.3,0.4,0.4,0.4,0.4,0.4,0.4,0.4,12.100000000000005,0.20166666666666674
298,04:58,4,58,298,0.1,0.1,0.1,0.1,0.1,0.3,0.4,0.2,0.3,0.3,0.4,0.1,0.1,0.1,0.1,0.1,0.1,0.2,0.2,0.3,0.3,0.3,0.4,0.1,0.1,0.1,0.1,0.1,0.2,0.2,0.2,0.2,0.2,0.2,0.2,0.3,0.3,0.3,0.3,0.3,0.3,0.3,0.3,0.3,0.4,0.4,0.4,0.4,0.4,0.4,0.4,12.100000000000005,0.20166666666666674
299,04:59,4,59,299,0.1,0.1,0.1,0.1,0.1,0.3,0.4,0.2,0.3,0.3,0.4,0.1,0.1,0.1,0.1,0.1,0.1,0.2,0.2,0.3,0.3,0.3,0.4,0.1,0.1,0.1,0.1,0.1,0.2,0.2,0.2,0.2,0.2,0.2,0.2,0.3,0.3,0.3,0.3,0.3,0.3,0.3,0.3,0.3,0.4,0.4,0.4,0.4,0.4,0.4,0.4,12.100000000000005,0.20166666666666674
300,05:00,5,0,300,0.1,0.1,0.1,0.1,0.1,0.3,0.4,0.2,0.3,0.3,0.4,0.1,0.1,0.1,0.1,0.1,0.1,0.2,0.2,0.3,0.3,0.3,0.4,0.1,0.1,0.1,0.1,0.1,0.2,0.2,0.2,0.2,0.2,0.2,0.2,0.3,0.3,0.3,0.3,0.3,0.3,0.3,0.3,0.3,0.4,0.4,0.4,0.4,0.4,0.4,0.4,12.100000000000005,0.20166666666666674
301,05:01,5,1,301,0.1,0.1,0.1,0.1,0.1,0.3,0.4,0.2,0.3,0.3,0.4,0.1,0.1,0.1,0.1,0.1,0.1,0.2,0.2,0.3,0.3,0.3,0.4,0.1,0.1,0.1,0.1,0.1,0.2,0.2,0.2,0.2,0.2,0.2,0.2,0.3,0.3,0.3,0.3,0.3,0.3,0.3,0.3,0.3,0.4,0.4,0.4,0.4,0.4,0.4,0.4,12.100000000000005,0.20166666666666674
302,05:02,5,2,302,0.1,0.1,0.1,0.1,0.1,0.3,0.4,0.2,0.3,0.3,0.4,0.1,0.1,0.1,0.1,0.1,0.1,0.2,0.2,0.3,0.3,0.3,0.4,0.1,0.1,0.1,0.1,0.1,0.2,0.2,0.2,0.2,0.2,0.2,0.2,0.3,0.3,0.3,0.3,0.3,0.3,0.3,0.3,0.3,0.4,0.4,0.4,0.4,0.4,0.4,0.4,12.100000000000005,0.20166666666666674
303,05:03,5,3,303,0.1,0.1,0.1,0.1,0.1,0.3,0.4,0.2,0.3,0.3,0.4,0.1,0.1,0.1,0.1,0.1,0.1,0.2,0.2,0.3,0.3,0.3,0.4,0.1,0.1,0.1,0.1,0.1,0.2,0.2,0.2,0.2,0.2,0.2,0.2,0.3,0.3,0.3,0.3,0.3,0.3,0.3,0.3,0.3,0.4,0.4,0.4,0.4,0.4,0.4,0.4,12.100000000000005,0.20166666666666674
304,05:04,5,4,304,0.1,0.1,0.1,0.1,0.1,0.3,0.4,0.2,0.3,0.3,0.4,0.1,0.1,0.1,0.1,0.1,0.1,0.2,0.2,0.3,0.3,0.3,0.4,0.1,0.1,0.1,0.1,0.1,0.2,0.2,0.2,0.2,0.2,0.2,0.2,0.3,0.3,0.3,0.3,0.3,0.3,0.3,0.3,0.3,0.4,0.4,0.4,0.4,0.4,0.4,0.4,12.100000000000005,0.20166666666666674
305,05:05,5,5,305,0.1,0.1,0.1,0.1,0.1,0.3,0.4,0.2,0.3,0.3,0.4,0.1,0.1,0.1,0.1,0.1,0.1,0.2,0.2,0.3,0.3,0.3,0.4,0.1,0.1,0.1,0.1,0.1,0.2,0.2,0.2,0.2,0.2,0.2,0.2,0.3,0.3,0.3,0.3,0.3,0.3,0.3,0.3,0.3,0.4,0.4,0.4,0.4,0.4,0.4,0.4,12.100000000000005,0.20166666666666674
306,05:06,5,6,306,0.1,0.1,0.1,0.1,0.1,0.3,0.4,0.2,0.3,0.3,0.4,0.1,0.1,0.1,0.1,0.1,0.1,0.2,0.2,0.3,0.3,0.3,0.4,0.1,0.1,0.1,0.1,0.1,0.2,0.2,0.2,0.2,0.2,0.2,0.2,0.3,0.3,0.3,0.3,0.3,0.3,0.3,0.3,0.3,0.4,0.4,0.4,0.4,0.4,0.4,0.4,12.100000000000005,0.20166666666666674
307,05:07,5,7,307,0.1,0.1,0.1,0.1,0.1,0.3,0.4,0.2,0.3,0.3,0.4,0.1,0.1,0.1,0.1,0.1,0.1,0.2,0.2,0.3,0.3,0.3,0.4,0.1,0.1,0.1,0.1,0.1,0.2,0.2,0.2,0.2,0.2,0.2,0.2,0.3,0.3,0.3,0.3,0.3,0.3,0.3,0.3,0.3,0.4,0.4,0.4,0.4,0.4,0.4,0.4,12.100000000000005,0.20166666666666674
308,05:08,5,8,308,0.1,0.1,0.1,0.1,0.1,0.3,0.4,0.2,0.3,0.3,0.4,0.1,0.1,0.1,0.1,0.1,0.1,0.2,0.2,0.3,0.3,0.3,0.4,0.1,0.1,0.1,0.1,0.1,0.2,0.2,0.2,0.2,0.2,0.2,0.2,0.3,0.3,0.3,0.3,0.3,0.3,0.3,0.3,0.3,0.4,0.4,0.4,0.4,0.4,0.4,0.4,12.100000000000005,0.20166666666666674
309,05:09,5,9,309,0.1,0.1,0.1,0.1,0.1,0.3,0.4,0.2,0.3,0.3,0.4,0.1,0.1,0.1,0.1,0.1,0.1,0.2,0.2,0.3,0.3,0.3,0.4,0.1,0.1,0.1,0.1,0.1,0.2,0.2,0.2,0.2,0.2,0.2,0.2,0.3,0.3,0.3,0.3,0.3,0.3,0.3,0.3,0.3,0.4,0.4,0.4,0.4,0.4,0.4,0.4,12.100000000000005,0.20166666666666674
310,05:10,5,10,310,0.1,0.1,0.1,0.1,0.1,0.3,0.4,0.2,0.3,0.3,0.4,0.1,0.1,0.1,0.1,0.1,0.1,0.2,0.2,0.3,0.3,0.3,0.4,0.1,0.1,0.1,0.1,0.1,0.2,0.2,0.2,0.2,0.2,0.2,0.2,0.3,0.3,0.3,0.3,0.3,0.3,0.3,0.3,0.3,0.4,0.4,0.4,0.4,0.4,0.4,0.4,12.100000000000005,0.20166666666666674
311,05:11,5,11,311,0.1,0.1,0.1,0.1,0.1,0.3,0.4,0.2,0.3,0.3,0.4,0.1,0.1,0.1,0.1,0.1,0.1,0.2,0.2,0.3,0.3,0.3,0.4,0.1,0.1,0.1,0.1,0.1,0.2,0.2,0.2,0.2,0.2,0.2,0.2,0.3,0.3,0.3,0.3,0.3,0.3,0.3,0.3,0.3,0.4,0.4,0.4,0.4,0.4,0.4,0.4,12.100000000000005,0.20166666666666674
312,05:12,5,12,312,0.1,0.1,0.1,0.1,0.1,0.3,0.4,0.2,0.3,0.3,0.4,0.1,0.1,0.1,0.1,0.1,0.1,0.2,0.2,0.3,0.3,0.3,0.4,0.1,0.1,0.1,0.1,0.1,0.2,0.2,0.2,0.2,0.2,0.2,0.2,0.3,0.3,0.3,0.3,0.3,0.3,0.3,0.3,0.3,0.4,0.4,0.4,0.4,0.4,0.4,0.4,12.100000000000005,0.20166666666666674
313,05:13,5,13,313,0.1,0.1,0.1,0.1,0.1,0.3,0.4,0.2,0.3,0.3,0.4,0.1,0.1,0.1,0.1,0.1,0.1,0.2,0.2,0.3,0.3,0.3,0.4,0.1,0.1,0.1,0.1,0.1,0.2,0.2,0.2,0.2,0.2,0.2,0.2,0.3,0.3,0.3,0.3,0.3,0.3,0.3,0.3,0.3,0.4,0.4,0.4,0.4,0.4,0.4,0.4,12.100000000000005,0.20166666666666674
314,05:14,5,14,314,0.1,0.1,0.1,0.1,0.1,0.3,0.4,0.2,0.3,0.3,0.4,0.1,0.1,0.1,0.1,0.1,0.1,0.2,0.2,0.3,0.3,0.3,0.4,0.1,0.1,0.1,0.1,0.1,0.2,0.2,0.2,0.2,0.2,0.2,0.2,0.3,0.3,0.3,0.3,0.3,0.3,0.3,0.3,0.3,0.4,0.4,0.4,0.4,0.4,0.4,0.4,12.100000000000005,0.20166666666666674
315,05:15,5,15,315,0.1,0.1,0.1,0.1,0.1,0.3,0.4,0.2,0.3,0.3,0.4,0.1,0.1,0.1,0.1,0.1,0.1,0.2,0.2,0.3,0.3,0.3,0.4,0.1,0.1,0.1,0.1,0.1,0.2,0.2,0.2,0.2,0.2,0.2,0.2,0.3,0.3,0.3,0.3,0.3,0.3,0.3,0.3,0.3,0.4,0.4,0.4,0.4,0.4,0.4,0.4,12.100000000000005,0.20166666666666674
316,05:16,5,16,316,0.1,0.1,0.1,0.1,0.1,0.3,0.4,0.2,0.3,0.3,0.4,0.1,0.1,0.1,0.1,0.1,0.1,0.2,0.2,0.3,0.3,0.3,0.4,0.1,0.1,0.1,0.1,0.1,0.2,0.2,0.2,0.2,0.2,0.2,0.2,0.3,0.3,0.3,0.3,0.3,0.3,0.3,0.3,0.3,0.4,0.4,0.4,0.4,0.4,0.4,0.4,12.100000000000005,0.20166666666666674
317,05:17,5,17,317,0.1,0.1,0.1,0.1,0.1,0.3,0.4,0.2,0.3,0.3,0.4,0.1,0.1,0.1,0.1,0.1,0.1,0.2,0.2,0.3,0.3,0.3,0.4,0.1,0.1,0.1,0.1,0.1,0.2,0.2,0.2,0.2,0.2,0.2,0.2,0.3,0.3,0.3,0.3,0.3,0.3,0.3,0.3,0.3,0.4,0.4,0.4,0.4,0.4,0.4,0.4,12.100000000000005,0.20166666666666674
318,05:18,5,18,318,0.1,0.1,0.1,0.1,0.1,0.3,0.4,0.2,0.3,0.3,0.4,0.1,0.1,0.1,0.1,0.1,0.1,0.2,0.2,0.3,0.3,0.3,0.4,0.1,0.1,0.1,0.1,0.1,0.2,0.2,0.2,0.2,0.2,0.2,0.2,0.3,0.3,0.3,0.3,0.3,0.3,0.3,0.3,0.3,0.4,0.4,0.4,0.4,0.4,0.4,0.4,12.100000000000005,0.20166666666666674
319,05:19,5,19,319,0.1,0.1,0.1,0.1,0.1,0.3,0.4,0.2,0.3,0.3,0.4,0.1,0.1,0.1,0.1,0.1,0.1,0.2,0.2,0.3,0.3,0.3,0.4,0.1,0.1,0.1,0.1,0.1,0.2,0.2,0.2,0.2,0.2,0.2,0.2,0.3,0.3,0.3,0.3,0.3,0.3,0.3,0.3,0.3,0.4,0.4,0.4,0.4,0.4,0.4,0.4,12.100000000000005,0.20166666666666674
320,05:20,5,20,320,0.1,0.1,0.1,0.1,0.1,0.3,0.4,0.2,0.3,0.3,0.4,0.1,0.1,0.1,0.1,0.1,0.1,0.2,0.2,0.3,0.3,0.3,0.4,0.1,0.1,0.1,0.1,0.1,0.2,0.2,0.2,0.2,0.2,0.2,0.2,0.3,0.3,0.3,0.3,0.3,0.3,0.3,0.3,0.3,0.4,0.4,0.4,0.4,0.4,0.4,0.4,12.100000000000005,0.20166666666666674
321,05:21,5,21,321,0.1,0.1,0.1,0.1,0.1,0.3,0.4,0.2,0.3,0.3,0.4,0.1,0.1,0.1,0.1,0.1,0.1,0.2,0.2,0.3,0.3,0.3,0.4,0.1,0.1,0.1,0.1,0.1,0.2,0.2,0.2,0.2,0.2,0.2,0.2,0.3,0.3,0.3,0.3,0.3,0.3,0.3,0.3,0.3,0.4,0.4,0.4,0.4,0.4,0.4,0.4,12.100000000000005,0.20166666666666674
322,05:22,5,22,322,0.1,0.1,0.1,0.1,0.1,0.3,0.4,0.2,0.3,0.3,0.4,0.1,0.1,0.1,0.1,0.1,0.1,0.2,0.2,0.3,0.3,0.3,0.4,0.1,0.1,0.1,0.1,0.1,0.2,0.2,0.2,0.2,0.2,0.2,0.2,0.3,0.3,0.3,0.3,0.3,0.3,0.3,0.3,0.3,0.4,0.4,0.4,0.4,0.4,0.4,0.4,12.100000000000005,0.20166666666666674
323,05:23,5,23,323,0.1,0.1,0.1,0.1,0.1,0.3,0.4,0.2,0.3,0.3,0.4,0.1,0.1,0.1,0.1,0.1,0.1,0.2,0.2,0.3,0.3,0.3,0.4,0.1,0.1,0.1,0.1,0.1,0.2,0.2,0.2,0.2,0.2,0.2,0.2,0.3,0.3,0.3,0.3,0.3,0.3,0.3,0.3,0.3,0.4,0.4,0.4,0.4,0.4,0.4,0.4,12.100000000000005,0.20166666666666674
324,05:24,5,24,324,0.1,0.1,0.1,0.1,0.1,0.3,0.4,0.2,0.3,0.3,0.4,0.1,0.1,0.1,0.1,0.1,0.1,0.2,0.2,0.3,0.3,0.3,0.4,0.1,0.1,0.1,0.1,0.1,0.2,0.2,0.2,0.2,0.2,0.2,0.2,0.3,0.3,0.3,0.3,0.3,0.3,0.3,0.3,0.3,0.4,0.4,0.4,0.4,0.4,0.4,0.4,12.100000000000005,0.20166666666666674
325,05:25,5,25,325,0.1,0.1,0.1,0.1,0.1,0.3,0.4,0.2,0.3,0.3,0.4,0.1,0.1,0.1,0.1,0.1,0.1,0.2,0.2,0.3,0.3,0.3,0.4,0.1,0.1,0.1,0.1,0.1,0.2,0.2,0.2,0.2,0.2,0.2,0.2,0.3,0.3,0.3,0.3,0.3,0.3,0.3,0.3,0.3,0.4,0.4,0.4,0.4,0.4,0.4,0.4,12.100000000000005,0.20166666666666674
326,05:26,5,26,326,0.1,0.1,0.1,0.1,0.1,0.3,0.4,0.2,0.3,0.3,0.4,0.1,0.1,0.1,0.1,0.1,0.1,0.2,0.2,0.3,0.3,0.3,0.4,0.1,0.1,0.1,0.1,0.1,0.2,0.2,0.2,0.2,0.2,0.2,0.2,0.3,0.3,0.3,0.3,0.3,0.3,0.3,0.3,0.3,0.4,0.4,0.4,0.4,0.4,0.4,0.4,12.100000000000005,0.20166666666666674
327,05:27,5,27,327,0.1,0.1,0.1,0.1,0.1,0.3,0.4,0.2,0.3,0.3,0.4,0.1,0.1,0.1,0.1,0.1,0.1,0.2,0.2,0.3,0.3,0.3,0.4,0.1,0.1,0.1,0.1,0.1,0.2,0.2,0.2,0.2,0.2,0.2,0.2,0.3,0.3,0.3,0.3,0.3,0.3,0.3,0.3,0.3,0.4,0.4,0.4,0.4,0.4,0.4,0.4,12.100000000000005,0.20166666666666674
328,05:28,5,28,328,0.1,0.1,0.1,0.1,0.1,0.3,0.4,0.2,0.3,0.3,0.4,0.1,0.1,0.1,0.1,0.1,0.1,0.2,0.2,0.3,0.3,0.3,0.4,0.1,0.1,0.1,0.1,0.1,0.2,0.2,0.2,0.2,0.2,0.2,0.2,0.3,0.3,0.3,0.3,0.3,0.3,0.3,0.3,0.3,0.4,0.4,0.4,0.4,0.4,0.4,0.4,12.100000000000005,0.20166666666666674
329,05:29,5,29,329,0.1,0.1,0.1,0.1,0.1,0.3,0.4,0.2,0.3,0.3,0.4,0.1,0.1,0.1,0.1,0.1,0.1,0.2,0.2,0.3,0.3,0.3,0.4,0.1,0.1,0.1,0.1,0.1,0.2,0.2,0.2,0.2,0.2,0.2,0.2,0.3,0.3,0.3,0.3,0.3,0.3,0.3,0.3,0.3,0.4,0.4,0.4,0.4,0.4,0.4,0.4,12.100000000000005,0.20166666666666674
330,05:30,5,30,330,0.1,0.1,0.1,0.1,0.1,0.3,0.4,0.2,0.3,0.3,0.4,0.1,0.1,0.1,0.1,0.1,0.1,0.2,0.2,0.3,0.3,0.3,0.4,0.1,0.1,0.1,0.1,0.1,0.2,0.2,0.2,0.2,0.2,0.2,0.2,0.3,0.3,0.3,0.3,0.3,0.3,0.3,0.3,0.3,0.4,0.4,0.4,0.4,0.4,0.4,0.4,12.100000000000005,0.20166666666666674
331,05:31,5,31,331,0.1,0.1,0.1,0.1,0.1,0.3,0.4,0.2,0.3,0.3,0.4,0.1,0.1,0.1,0.1,0.1,0.1,0.2,0.2,0.3,0.3,0.3,0.4,0.1,0.1,0.1,0.1,0.1,0.2,0.2,0.2,0.2,0.2,0.2,0.2,0.3,0.3,0.3,0.3,0.3,0.3,0.3,0.3,0.3,0.4,0.4,0.4,0.4,0.4,0.4,0.4,12.100000000000005,0.20166666666666674
332,05:32,5,32,332,0.1,0.1,0.1,0.1,0.1,0.3,0.4,0.2,0.3,0.3,0.4,0.1,0.1,0.1,0.1,0.1,0.1,0.2,0.2,0.3,0.3,0.3,0.4,0.1,0.1,0.1,0.1,0.1,0.2,0.2,0.2,0.2,0.2,0.2,0.2,0.3,0.3,0.3,0.3,0.3,0.3,0.3,0.3,0.3,0.4,0.4,0.4,0.4,0.4,0.4,0.4,12.100000000000005,0.20166666666666674
333,05:33,5,33,333,0.1,0.1,0.1,0.1,0.1,0.3,0.4,0.2,0.3,0.3,0.4,0.1,0.1,0.1,0.1,0.1,0.1,0.2,0.2,0.3,0.3,0.3,0.4,0.1,0.1,0.1,0.1,0.1,0.2,0.2,0.2,0.2,0.2,0.2,0.2,0.3,0.3,0.3,0.3,0.3,0.3,0.3,0.3,0.3,0.4,0.4,0.4,0.4,0.4,0.4,0.4,12.100000000000005,0.20166666666666674
334,05:34,5,34,334,0.1,0.1,0.1,0.1,0.1,0.3,0.4,0.2,0.3,0.3,0.4,0.1,0.1,0.1,0.1,0.1,0.1,0.2,0.2,0.3,0.3,0.3,0.4,0.1,0.1,0.1,0.1,0.1,0.2,0.2,0.2,0.2,0.2,0.2,0.2,0.3,0.3,0.3,0.3,0.3,0.3,0.3,0.3,0.3,0.4,0.4,0.4,0.4,0.4,0.4,0.4,12.100000000000005,0.20166666666666674
335,05:35,5,35,335,0.1,0.1,0.1,0.1,0.1,0.3,0.4,0.2,0.3,0.3,0.4,0.1,0.1,0.1,0.1,0.1,0.1,0.2,0.2,0.3,0.3,0.3,0.4,0.1,0.1,0.1,0.1,0.1,0.2,0.2,0.2,0.2,0.2,0.2,0.2,0.3,0.3,0.3,0.3,0.3,0.3,0.3,0.3,0.3,0.4,0.4,0.4,0.4,0.4,0.4,0.4,12.100000000000005,0.20166666666666674
336,05:36,5,36,336,0.1,0.1,0.1,0.1,0.1,0.3,0.4,0.2,0.3,0.3,0.4,0.1,0.1,0.1,0.1,0.1,0.1,0.2,0.2,0.3,0.3,0.3,0.4,0.1,0.1,0.1,0.1,0.1,0.2,0.2,0.2,0.2,0.2,0.2,0.2,0.3,0.3,0.3,0.3,0.3,0.3,0.3,0.3,0.3,0.4,0.4,0.4,0.4,0.4,0.4,0.4,12.100000000000005,0.20166666666666674
337,05:37,5,37,337,0.1,0.1,0.1,0.1,0.1,0.3,0.4,0.2,0.3,0.3,0.4,0.1,0.1,0.1,0.1,0.1,0.1,0.2,0.2,0.3,0.3,0.3,0.4,0.1,0.1,0.1,0.1,0.1,0.2,0.2,0.2,0.2,0.2,0.2,0.2,0.3,0.3,0.3,0.3,0.3,0.3,0.3,0.3,0.3,0.4,0.4,0.4,0.4,0.4,0.4,0.4,12.100000000000005,0.20166666666666674
338,05:38,5,38,338,0.1,0.1,0.1,0.1,0.1,0.3,0.4,0.2,0.3,0.3,0.4,0.1,0.1,0.1,0.1,0.1,0.1,0.2,0.2,0.3,0.3,0.3,0.4,0.1,0.1,0.1,0.1,0.1,0.2,0.2,0.2,0.2,0.2,0.2,0.2,0.3,0.3,0.3,0.3,0.3,0.3,0.3,0.3,0.3,0.4,0.4,0.4,0.4,0.4,0.4,0.4,12.100000000000005,0.20166666666666674
339,05:39,5,39,339,0.1,0.1,0.1,0.1,0.1,0.3,0.4,0.2,0.3,0.3,0.4,0.1,0.1,0.1,0.1,0.1,0.1,0.2,0.2,0.3,0.3,0.3,0.4,0.1,0.1,0.1,0.1,0.1,0.2,0.2,0.2,0.2,0.2,0.2,0.2,0.3,0.3,0.3,0.3,0.3,0.3,0.3,0.3,0.3,0.4,0.4,0.4,0.4,0.4,0.4,0.4,12.100000000000005,0.20166666666666674
340,05:40,5,40,340,0.1,0.1,0.1,0.1,0.1,0.3,0.4,0.2,0.3,0.3,0.4,0.1,0.1,0.1,0.1,0.1,0.1,0.2,0.2,0.3,0.3,0.3,0.4,0.1,0.1,0.1,0.1,0.1,0.2,0.2,0.2,0.2,0.2,0.2,0.2,0.3,0.3,0.3,0.3,0.3,0.3,0.3,0.3,0.3,0.4,0.4,0.4,0.4,0.4,0.4,0.4,12.100000000000005,0.20166666666666674
341,05:41,5,41,341,0.1,0.1,0.1,0.1,0.1,0.3,0.4,0.2,0.3,0.3,0.4,0.1,0.1,0.1,0.1,0.1,0.1,0.2,0.2,0.3,0.3,0.3,0.4,0.1,0.1,0.1,0.1,0.1,0.2,0.2,0.2,0.2,0.2,0.2,0.2,0.3,0.3,0.3,0.3,0.3,0.3,0.3,0.3,0.3,0.4,0.4,0.4,0.4,0.4,0.4,0.4,12.100000000000005,0.20166666666666674
342,05:42,5,42,342,0.1,0.1,0.1,0.1,0.1,0.3,0.4,0.2,0.3,0.3,0.4,0.1,0.1,0.1,0.1,0.1,0.1,0.2,0.2,0.3,0.3,0.3,0.4,0.1,0.1,0.1,0.1,0.1,0.2,0.2,0.2,0.2,0.2,0.2,0.2,0.3,0.3,0.3,0.3,0.3,0.3,0.3,0.3,0.3,0.4,0.4,0.4,0.4,0.4,0.4,0.4,12.100000000000005,0.20166666666666674
343,05:43,5,43,343,0.1,0.1,0.1,0.1,0.1,0.3,0.4,0.2,0.3,0.3,0.4,0.1,0.1,0.1,0.1,0.1,0.1,0.2,0.2,0.3,0.3,0.3,0.4,0.1,0.1,0.1,0.1,0.1,0.2,0.2,0.2,0.2,0.2,0.2,0.2,0.3,0.3,0.3,0.3,0.3,0.3,0.3,0.3,0.3,0.4,0.4,0.4,0.4,0.4,0.4,0.4,12.100000000000005,0.20166666666666674
344,05:44,5,44,344,0.1,0.1,0.1,0.1,0.1,0.3,0.4,0.2,0.3,0.3,0.4,0.1,0.1,0.1,0.1,0.1,0.1,0.2,0.2,0.3,0.3,0.3,0.4,0.1,0.1,0.1,0.1,0.1,0.2,0.2,0.2,0.2,0.2,0.2,0.2,0.3,0.3,0.3,0.3,0.3,0.3,0.3,0.3,0.3,0.4,0.4,0.4,0.4,0.4,0.4,0.4,12.100000000000005,0.20166666666666674
345,05:45,5,45,345,0.1,0.1,0.1,0.1,0.1,0.3,0.4,0.2,0.3,0.3,0.4,0.1,0.1,0.1,0.1,0.1,0.1,0.2,0.2,0.3,0.3,0.3,0.4,0.1,0.1,0.1,0.1,0.1,0.2,0.2,0.2,0.2,0.2,0.2,0.2,0.3,0.3,0.3,0.3,0.3,0.3,0.3,0.3,0.3,0.4,0.4,0.4,0.4,0.4,0.4,0.4,12.100000000000005,0.20166666666666674
346,05:46,5,46,346,0.1,0.1,0.1,0.1,0.1,0.3,0.4,0.2,0.3,0.3,0.4,0.1,0.1,0.1,0.1,0.1,0.1,0.2,0.2,0.3,0.3,0.3,0.4,0.1,0.1,0.1,0.1,0.1,0.2,0.2,0.2,0.2,0.2,0.2,0.2,0.3,0.3,0.3,0.3,0.3,0.3,0.3,0.3,0.3,0.4,0.4,0.4,0.4,0.4,0.4,0.4,12.100000000000005,0.20166666666666674
347,05:47,5,47,347,0.1,0.1,0.1,0.1,0.1,0.3,0.4,0.2,0.3,0.3,0.4,0.1,0.1,0.1,0.1,0.1,0.1,0.2,0.2,0.3,0.3,0.3,0.4,0.1,0.1,0.1,0.1,0.1,0.2,0.2,0.2,0.2,0.2,0.2,0.2,0.3,0.3,0.3,0.3,0.3,0.3,0.3,0.3,0.3,0.4,0.4,0.4,0.4,0.4,0.4,0.4,12.100000000000005,0.20166666666666674
348,05:48,5,48,348,0.1,0.1,0.1,0.1,0.1,0.3,0.4,0.2,0.3,0.3,0.4,0.1,0.1,0.1,0.1,0.1,0.1,0.2,0.2,0.3,0.3,0.3,0.4,0.1,0.1,0.1,0.1,0.1,0.2,0.2,0.2,0.2,0.2,0.2,0.2,0.3,0.3,0.3,0.3,0.3,0.3,0.3,0.3,0.3,0.4,0.4,0.4,0.4,0.4,0.4,0.4,12.100000000000005,0.20166666666666674
349,05:49,5,49,349,0.1,0.1,0.1,0.1,0.1,0.3,0.4,0.2,0.3,0.3,0.4,0.1,0.1,0.1,0.1,0.1,0.1,0.2,0.2,0.3,0.3,0.3,0.4,0.1,0.1,0.1,0.1,0.1,0.2,0.2,0.2,0.2,0.2,0.2,0.2,0.3,0.3,0.3,0.3,0.3,0.3,0.3,0.3,0.3,0.4,0.4,0.4,0.4,0.4,0.4,0.4,12.100000000000005,0.20166666666666674
350,05:50,5,50,350,0.1,0.1,0.1,0.1,0.1,0.3,0.4,0.2,0.3,0.3,0.4,0.1,0.1,0.1,0.1,0.1,0.1,0.2,0.2,0.3,0.3,0.3,0.4,0.1,0.1,0.1,0.1,0.1,0.2,0.2,0.2,0.2,0.2,0.2,0.2,0.3,0.3,0.3,0.3,0.3,0.3,0.3,0.3,0.3,0.4,0.4,0.4,0.4,0.4,0.4,0.4,12.100000000000005,0.20166666666666674
351,05:51,5,51,351,0.1,0.1,0.1,0.1,0.1,0.3,0.4,0.2,0.3,0.3,0.4,0.1,0.1,0.1,0.1,0.1,0.1,0.2,0.2,0.3,0.3,0.3,0.4,0.1,0.1,0.1,0.1,0.1,0.2,0.2,0.2,0.2,0.2,0.2,0.2,0.3,0.3,0.3,0.3,0.3,0.3,0.3,0.3,0.3,0.4,0.4,0.4,0.4,0.4,0.4,0.4,12.100000000000005,0.20166666666666674
352,05:52,5,52,352,0.1,0.1,0.1,0.1,0.1,0.3,0.4,0.2,0.3,0.3,0.4,0.1,0.1,0.1,0.1,0.1,0.1,0.2,0.2,0.3,0.3,0.3,0.4,0.1,0.1,0.1,0.1,0.1,0.2,0.2,0.2,0.2,0.2,0.2,0.2,0.3,0.3,0.3,0.3,0.3,0.3,0.3,0.3,0.3,0.4,0.4,0.4,0.4,0.4,0.4,0.4,12.100000000000005,0.20166666666666674
353,05:53,5,53,353,0.1,0.1,0.1,0.1,0.1,0.3,0.4,0.2,0.3,0.3,0.4,0.1,0.1,0.1,0.1,0.1,0.1,0.2,0.2,0.3,0.3,0.3,0.4,0.1,0.1,0.1,0.1,0.1,0.2,0.2,0.2,0.2,0.2,0.2,0.2,0.3,0.3,0.3,0.3,0.3,0.3,0.3,0.3,0.3,0.4,0.4,0.4,0.4,0.4,0.4,0.4,12.100000000000005,0.20166666666666674
354,05:54,5,54,354,0.1,0.1,0.1,0.1,0.1,0.3,0.4,0.2,0.3,0.3,0.4,0.1,0.1,0.1,0.1,0.1,0.1,0.2,0.2,0.3,0.3,0.3,0.4,0.1,0.1,0.1,0.1,0.1,0.2,0.2,0.2,0.2,0.2,0.2,0.2,0.3,0.3,0.3,0.3,0.3,0.3,0.3,0.3,0.3,0.4,0.4,0.4,0.4,0.4,0.4,0.4,12.100000000000005,0.20166666666666674
355,05:55,5,55,355,0.1,0.1,0.1,0.1,0.1,0.3,0.4,0.2,0.3,0.3,0.4,0.1,0.1,0.1,0.1,0.1,0.1,0.2,0.2,0.3,0.3,0.3,0.4,0.1,0.1,0.1,0.1,0.1,0.2,0.2,0.2,0.2,0.2,0.2,0.2,0.3,0.3,0.3,0.3,0.3,0.3,0.3,0.3,0.3,0.4,0.4,0.4,0.4,0.4,0.4,0.4,12.100000000000005,0.20166666666666674
356,05:56,5,56,356,0.1,0.1,0.1,0.1,0.1,0.3,0.4,0.2,0.3,0.3,0.4,0.1,0.1,0.1,0.1,0.1,0.1,0.2,0.2,0.3,0.3,0.3,0.4,0.1,0.1,0.1,0.1,0.1,0.2,0.2,0.2,0.2,0.2,0.2,0.2,0.3,0.3,0.3,0.3,0.3,0.3,0.3,0.3,0.3,0.4,0.4,0.4,0.4,0.4,0.4,0.4,12.100000000000005,0.20166666666666674
357,05:57,5,57,357,0.1,0.1,0.1,0.1,0.1,0.3,0.4,0.2,0.3,0.3,0.4,0.1,0.1,0.1,0.1,0.1,0.1,0.2,0.2,0.3,0.3,0.3,0.4,0.1,0.1,0.1,0.1,0.1,0.2,0.2,0.2,0.2,0.2,0.2,0.2,0.3,0.3,0.3,0.3,0.3,0.3,0.3,0.3,0.3,0.4,0.4,0.4,0.4,0.4,0.4,0.4,12.100000000000005,0.20166666666666674
358,05:58,5,58,358,0.1,0.1,0.1,0.1,0.1,0.3,0.4,0.2,0.3,0.3,0.4,0.1,0.1,0.1,0.1,0.1,0.1,0.2,0.2,0.3,0.3,0.3,0.4,0.1,0.1,0.1,0.1,0.1,0.2,0.2,0.2,0.2,0.2,0.2,0.2,0.3,0.3,0.3,0.3,0.3,0.3,0.3,0.3,0.3,0.4,0.4,0.4,0.4,0.4,0.4,0.4,12.100000000000005,0.20166666666666674
359,05:59,5,59,359,0.1,0.1,0.1,0.1,0.1,0.3,0.4,0.2,0.3,0.3,0.4,0.1,0.1,0.1,0.1,0.1,0.1,0.2,0.2,0.3,0.3,0.3,0.4,0.1,0.1,0.1,0.1,0.1,0.2,0.2,0.2,0.2,0.2,0.2,0.2,0.3,0.3,0.3,0.3,0.3,0.3,0.3,0.3,0.3,0.4,0.4,0.4,0.4,0.4,0.4,0.4,12.100000000000005,0.20166666666666674
360,06:00,6,0,360,0.1,0.1,0.1,0.1,0.1,0.3,0.4,0.2,0.3,0.3,0.4,0.1,0.1,0.1,0.1,0.1,0.1,0.2,0.2,0.3,0.3,0.3,0.4,0.1,0.1,0.1,0.1,0.1,0.2,0.2,0.2,0.2,0.2,0.2,0.2,0.3,0.3,0.3,0.3,0.3,0.3,0.3,0.3,0.3,0.4,0.4,0.4,0.4,0.4,0.4,0.4,12.100000000000005,0.20166666666666674
361,06:01,6,1,361,0.1,0.1,0.1,0.1,0.1,0.3,0.4,0.2,0.3,0.3,0.4,0.1,0.1,0.1,0.1,0.1,0.1,0.2,0.2,0.3,0.3,0.3,0.4,0.1,0.1,0.1,0.1,0.1,0.2,0.2,0.2,0.2,0.2,0.2,0.2,0.3,0.3,0.3,0.3,0.3,0.3,0.3,0.3,0.3,0.4,0.4,0.4,0.4,0.4,0.4,0.4,12.100000000000005,0.20166666666666674
362,06:02,6,2,362,0.1,0.1,0.1,0.1,0.1,0.3,0.4,0.2,0.3,0.3,0.4,0.1,0.1,0.1,0.1,0.1,0.1,0.2,0.2,0.3,0.3,0.3,0.4,0.1,0.1,0.1,0.1,0.1,0.2,0.2,0.2,0.2,0.2,0.2,0.2,0.3,0.3,0.3,0.3,0.3,0.3,0.3,0.3,0.3,0.4,0.4,0.4,0.4,0.4,0.4,0.4,12.100000000000005,0.20166666666666674
363,06:03,6,3,363,0.1,0.1,0.1,0.1,0.1,0.3,0.4,0.2,0.3,0.3,0.4,0.1,0.1,0.1,0.1,0.1,0.1,0.2,0.2,0.3,0.3,0.3,0.4,0.1,0.1,0.1,0.1,0.1,0.2,0.2,0.2,0.2,0.2,0.2,0.2,0.3,0.3,0.3,0.3,0.3,0.3,0.3,0.3,0.3,0.4,0.4,0.4,0.4,0.4,0.4,0.4,12.100000000000005,0.20166666666666674
364,06:04,6,4,364,0.1,0.1,0.1,0.1,0.1,0.3,0.4,0.2,0.3,0.3,0.4,0.1,0.1,0.1,0.1,0.1,0.1,0.2,0.2,0.3,0.3,0.3,0.4,0.1,0.1,0.1,0.1,0.1,0.2,0.2,0.2,0.2,0.2,0.2,0.2,0.3,0.3,0.3,0.3,0.3,0.3,0.3,0.3,0.3,0.4,0.4,0.4,0.4,0.4,0.4,0.4,12.100000000000005,0.20166666666666674
365,06:05,6,5,365,0.1,0.1,0.1,0.1,0.1,0.3,0.4,0.2,0.3,0.3,0.4,0.1,0.1,0.1,0.1,0.1,0.1,0.2,0.2,0.3,0.3,0.3,0.4,0.1,0.1,0.1,0.1,0.1,0.2,0.2,0.2,0.2,0.2,0.2,0.2,0.3,0.3,0.3,0.3,0.3,0.3,0.3,0.3,0.3,0.4,0.4,0.4,0.4,0.4,0.4,0.4,12.100000000000005,0.20166666666666674
366,06:06,6,6,366,0.1,0.1,0.1,0.1,0.1,0.3,0.4,0.2,0.3,0.3,0.4,0.1,0.1,0.1,0.1,0.1,0.1,0.2,0.2,0.3,0.3,0.3,0.4,0.1,0.1,0.1,0.1,0.1,0.2,0.2,0.2,0.2,0.2,0.2,0.2,0.3,0.3,0.3,0.3,0.3,0.3,0.3,0.3,0.3,0.4,0.4,0.4,0.4,0.4,0.4,0.4,12.100000000000005,0.20166666666666674
367,06:07,6,7,367,0.1,0.1,0.1,0.1,0.1,0.3,0.4,0.2,0.3,0.3,0.4,0.1,0.1,0.1,0.1,0.1,0.1,0.2,0.2,0.3,0.3,0.3,0.4,0.1,0.1,0.1,0.1,0.1,0.2,0.2,0.2,0.2,0.2,0.2,0.2,0.3,0.3,0.3,0.3,0.3,0.3,0.3,0.3,0.3,0.4,0.4,0.4,0.4,0.4,0.4,0.4,12.100000000000005,0.20166666666666674
368,06:08,6,8,368,0.1,0.1,0.1,0.1,0.1,0.3,0.4,0.2,0.3,0.3,0.4,0.1,0.1,0.1,0.1,0.1,0.1,0.2,0.2,0.3,0.3,0.3,0.4,0.1,0.1,0.1,0.1,0.1,0.2,0.2,0.2,0.2,0.2,0.2,0.2,0.3,0.3,0.3,0.3,0.3,0.3,0.3,0.3,0.3,0.4,0.4,0.4,0.4,0.4,0.4,0.4,12.100000000000005,0.20166666666666674
369,06:09,6,9,369,0.1,0.1,0.1,0.1,0.1,0.3,0.4,0.2,0.3,0.3,0.4,0.1,0.1,0.1,0.1,0.1,0.1,0.2,0.2,0.3,0.3,0.3,0.4,0.1,0.1,0.1,0.1,0.1,0.2,0.2,0.2,0.2,0.2,0.2,0.2,0.3,0.3,0.3,0.3,0.3,0.3,0.3,0.3,0.3,0.4,0.4,0.4,0.4,0.4,0.4,0.4,12.100000000000005,0.20166666666666674
370,06:10,6,10,370,0.1,0.1,0.1,0.1,0.1,0.3,0.4,0.2,0.3,0.3,0.4,0.1,0.1,0.1,0.1,0.1,0.1,0.2,0.2,0.3,0.3,0.3,0.4,0.1,0.1,0.1,0.1,0.1,0.2,0.2,0.2,0.2,0.2,0.2,0.2,0.3,0.3,0.3,0.3,0.3,0.3,0.3,0.3,0.3,0.4,0.4,0.4,0.4,0.4,0.4,0.4,12.100000000000005,0.20166666666666674
371,06:11,6,11,371,0.1,0.1,0.1,0.1,0.1,0.3,0.4,0.2,0.3,0.3,0.4,0.1,0.1,0.1,0.1,0.1,0.1,0.2,0.2,0.3,0.3,0.3,0.4,0.1,0.1,0.1,0.1,0.1,0.2,0.2,0.2,0.2,0.2,0.2,0.2,0.3,0.3,0.3,0.3,0.3,0.3,0.3,0.3,0.3,0.4,0.4,0.4,0.4,0.4,0.4,0.4,12.100000000000005,0.20166666666666674
372,06:12,6,12,372,0.1,0.1,0.1,0.1,0.1,0.3,0.4,0.2,0.3,0.3,0.4,0.1,0.1,0.1,0.1,0.1,0.1,0.2,0.2,0.3,0.3,0.3,0.4,0.1,0.1,0.1,0.1,0.1,0.2,0.2,0.2,0.2,0.2,0.2,0.2,0.3,0.3,0.3,0.3,0.3,0.3,0.3,0.3,0.3,0.4,0.4,0.4,0.4,0.4,0.4,0.4,12.100000000000005,0.20166666666666674
373,06:13,6,13,373,0.1,0.1,0.1,0.1,0.1,0.3,0.4,0.2,0.3,0.3,0.4,0.1,0.1,0.1,0.1,0.1,0.1,0.2,0.2,0.3,0.3,0.3,0.4,0.1,0.1,0.1,0.1,0.1,0.2,0.2,0.2,0.2,0.2,0.2,0.2,0.3,0.3,0.3,0.3,0.3,0.3,0.3,0.3,0.3,0.4,0.4,0.4,0.4,0.4,0.4,0.4,12.100000000000005,0.20166666666666674
374,06:14,6,14,374,0.1,0.1,0.1,0.1,0.1,0.3,0.4,0.2,0.3,0.3,0.4,0.1,0.1,0.1,0.1,0.1,0.1,0.2,0.2,0.3,0.3,0.3,0.4,0.1,0.1,0.1,0.1,0.1,0.2,0.2,0.2,0.2,0.2,0.2,0.2,0.3,0.3,0.3,0.3,0.3,0.3,0.3,0.3,0.3,0.4,0.4,0.4,0.4,0.4,0.4,0.4,12.100000000000005,0.20166666666666674
375,06:15,6,15,375,0.1,0.1,0.1,0.1,0.1,0.3,0.4,0.2,0.3,0.3,0.4,0.1,0.1,0.1,0.1,0.1,0.1,0.2,0.2,0.3,0.3,0.3,0.4,0.1,0.1,0.1,0.1,0.1,0.2,0.2,0.2,0.2,0.2,0.2,0.2,0.3,0.3,0.3,0.3,0.3,0.3,0.3,0.3,0.3,0.4,0.4,0.4,0.4,0.4,0.4,0.4,12.100000000000005,0.20166666666666674
376,06:16,6,16,376,0.1,0.1,0.1,0.1,0.1,0.3,0.4,0.2,0.3,0.3,0.4,0.1,0.1,0.1,0.1,0.1,0.1,0.2,0.2,0.3,0.3,0.3,0.4,0.1,0.1,0.1,0.1,0.1,0.2,0.2,0.2,0.2,0.2,0.2,0.2,0.3,0.3,0.3,0.3,0.3,0.3,0.3,0.3,0.3,0.4,0.4,0.4,0.4,0.4,0.4,0.4,12.100000000000005,0.20166666666666674
377,06:17,6,17,377,0.1,0.1,0.1,0.1,0.1,0.3,0.4,0.2,0.3,0.3,0.4,0.1,0.1,0.1,0.1,0.1,0.1,0.2,0.2,0.3,0.3,0.3,0.4,0.1,0.1,0.1,0.1,0.1,0.2,0.2,0.2,0.2,0.2,0.2,0.2,0.3,0.3,0.3,0.3,0.3,0.3,0.3,0.3,0.3,0.4,0.4,0.4,0.4,0.4,0.4,0.4,12.100000000000005,0.20166666666666674
378,06:18,6,18,378,0.1,0.1,0.1,0.1,0.1,0.3,0.4,0.2,0.3,0.3,0.4,0.1,0.1,0.1,0.1,0.1,0.1,0.2,0.2,0.3,0.3,0.3,0.4,0.1,0.1,0.1,0.1,0.1,0.2,0.2,0.2,0.2,0.2,0.2,0.2,0.3,0.3,0.3,0.3,0.3,0.3,0.3,0.3,0.3,0.4,0.4,0.4,0.4,0.4,0.4,0.4,12.100000000000005,0.20166666666666674
379,06:19,6,19,379,0.1,0.1,0.1,0.1,0.1,0.3,0.4,0.2,0.3,0.3,0.4,0.1,0.1,0.1,0.1,0.1,0.1,0.2,0.2,0.3,0.3,0.3,0.4,0.1,0.1,0.1,0.1,0.1,0.2,0.2,0.2,0.2,0.2,0.2,0.2,0.3,0.3,0.3,0.3,0.3,0.3,0.3,0.3,0.3,0.4,0.4,0.4,0.4,0.4,0.4,0.4,12.100000000000005,0.20166666666666674
380,06:20,6,20,380,0.1,0.1,0.1,0.1,0.1,0.3,0.4,0.2,0.3,0.3,0.4,0.1,0.1,0.1,0.1,0.1,0.1,0.2,0.2,0.3,0.3,0.3,0.4,0.1,0.1,0.1,0.1,0.1,0.2,0.2,0.2,0.2,0.2,0.2,0.2,0.3,0.3,0.3,0.3,0.3,0.3,0.3,0.3,0.3,0.4,0.4,0.4,0.4,0.4,0.4,0.4,12.100000000000005,0.20166666666666674
381,06:21,6,21,381,0.1,0.1,0.1,0.1,0.1,0.3,0.4,0.2,0.3,0.3,0.4,0.1,0.1,0.1,0.1,0.1,0.1,0.2,0.2,0.3,0.3,0.3,0.4,0.1,0.1,0.1,0.1,0.1,0.2,0.2,0.2,0.2,0.2,0.2,0.2,0.3,0.3,0.3,0.3,0.3,0.3,0.3,0.3,0.3,0.4,0.4,0.4,0.4,0.4,0.4,0.4,12.100000000000005,0.20166666666666674
382,06:22,6,22,382,0.1,0.1,0.1,0.1,0.1,0.3,0.4,0.2,0.3,0.3,0.4,0.1,0.1,0.1,0.1,0.1,0.1,0.2,0.2,0.3,0.3,0.3,0.4,0.1,0.1,0.1,0.1,0.1,0.2,0.2,0.2,0.2,0.2,0.2,0.2,0.3,0.3,0.3,0.3,0.3,0.3,0.3,0.3,0.3,0.4,0.4,0.4,0.4,0.4,0.4,0.4,12.100000000000005,0.20166666666666674
383,06:23,6,23,383,0.1,0.1,0.1,0.1,0.1,0.3,0.4,0.2,0.3,0.3,0.4,0.1,0.1,0.1,0.1,0.1,0.1,0.2,0.2,0.3,0.3,0.3,0.4,0.1,0.1,0.1,0.1,0.1,0.2,0.2,0.2,0.2,0.2,0.2,0.2,0.3,0.3,0.3,0.3,0.3,0.3,0.3,0.3,0.3,0.4,0.4,0.4,0.4,0.4,0.4,0.4,12.100000000000005,0.20166666666666674
384,06:24,6,24,384,0.1,0.1,0.1,0.1,0.1,0.3,0.4,0.2,0.3,0.3,0.4,0.1,0.1,0.1,0.1,0.1,0.1,0.2,0.2,0.3,0.3,0.3,0.4,0.1,0.1,0.1,0.1,0.1,0.2,0.2,0.2,0.2,0.2,0.2,0.2,0.3,0.3,0.3,0.3,0.3,0.3,0.3,0.3,0.3,0.4,0.4,0.4,0.4,0.4,0.4,0.4,12.100000000000005,0.20166666666666674
385,06:25,6,25,385,0.1,0.1,0.1,0.1,0.1,0.3,0.4,0.2,0.3,0.3,0.4,0.1,0.1,0.1,0.1,0.1,0.1,0.2,0.2,0.3,0.3,0.3,0.4,0.1,0.1,0.1,0.1,0.1,0.2,0.2,0.2,0.2,0.2,0.2,0.2,0.3,0.3,0.3,0.3,0.3,0.3,0.3,0.3,0.3,0.4,0.4,0.4,0.4,0.4,0.4,0.4,12.100000000000005,0.20166666666666674
386,06:26,6,26,386,0.1,0.1,0.1,0.1,0.1,0.3,0.4,0.2,0.3,0.3,0.4,0.1,0.1,0.1,0.1,0.1,0.1,0.2,0.2,0.3,0.3,0.3,0.4,0.1,0.1,0.1,0.1,0.1,0.2,0.2,0.2,0.2,0.2,0.2,0.2,0.3,0.3,0.3,0.3,0.3,0.3,0.3,0.3,0.3,0.4,0.4,0.4,0.4,0.4,0.4,0.4,12.100000000000005,0.20166666666666674
387,06:27,6,27,387,0.1,0.1,0.1,0.1,0.1,0.3,0.4,0.2,0.3,0.3,0.4,0.1,0.1,0.1,0.1,0.1,0.1,0.2,0.2,0.3,0.3,0.3,0.4,0.1,0.1,0.1,0.1,0.1,0.2,0.2,0.2,0.2,0.2,0.2,0.2,0.3,0.3,0.3,0.3,0.3,0.3,0.3,0.3,0.3,0.4,0.4,0.4,0.4,0.4,0.4,0.4,12.100000000000005,0.20166666666666674
388,06:28,6,28,388,0.1,0.1,0.1,0.1,0.1,0.3,0.4,0.2,0.3,0.3,0.4,0.1,0.1,0.1,0.1,0.1,0.1,0.2,0.2,0.3,0.3,0.3,0.4,0.1,0.1,0.1,0.1,0.1,0.2,0.2,0.2,0.2,0.2,0.2,0.2,0.3,0.3,0.3,0.3,0.3,0.3,0.3,0.3,0.3,0.4,0.4,0.4,0.4,0.4,0.4,0.4,12.100000000000005,0.20166666666666674
389,06:29,6,29,389,0.1,0.1,0.1,0.1,0.1,0.3,0.4,0.2,0.3,0.3,0.4,0.1,0.1,0.1,0.1,0.1,0.1,0.2,0.2,0.3,0.3,0.3,0.4,0.1,0.1,0.1,0.1,0.1,0.2,0.2,0.2,0.2,0.2,0.2,0.2,0.3,0.3,0.3,0.3,0.3,0.3,0.3,0.3,0.3,0.4,0.4,0.4,0.4,0.4,0.4,0.4,12.100000000000005,0.20166666666666674
390,06:30,6,30,390,0.1,0.1,0.1,0.1,0.1,0.3,0.4,0.2,0.3,0.3,0.4,0.1,0.1,0.1,0.1,0.1,0.1,0.2,0.2,0.3,0.3,0.3,0.4,0.1,0.1,0.1,0.1,0.1,0.2,0.2,0.2,0.2,0.2,0.2,0.2,0.3,0.3,0.3,0.3,0.3,0.3,0.3,0.3,0.3,0.4,0.4,0.4,0.4,0.4,0.4,0.4,12.100000000000005,0.20166666666666674
391,06:31,6,31,391,0.1,0.1,0.1,0.1,0.1,0.3,0.4,0.2,0.3,0.3,0.4,0.1,0.1,0.1,0.1,0.1,0.1,0.2,0.2,0.3,0.3,0.3,0.4,0.1,0.1,0.1,0.1,0.1,0.2,0.2,0.2,0.2,0.2,0.2,0.2,0.3,0.3,0.3,0.3,0.3,0.3,0.3,0.3,0.3,0.4,0.4,0.4,0.4,0.4,0.4,0.4,12.100000000000005,0.20166666666666674
392,06:32,6,32,392,0.1,0.1,0.1,0.1,0.1,0.3,0.4,0.2,0.3,0.3,0.4,0.1,0.1,0.1,0.1,0.1,0.1,0.2,0.2,0.3,0.3,0.3,0.4,0.1,0.1,0.1,0.1,0.1,0.2,0.2,0.2,0.2,0.2,0.2,0.2,0.3,0.3,0.3,0.3,0.3,0.3,0.3,0.3,0.3,0.4,0.4,0.4,0.4,0.4,0.4,0.4,12.100000000000005,0.20166666666666674
393,06:33,6,33,393,0.1,0.1,0.1,0.1,0.1,0.3,0.4,0.2,0.3,0.3,0.4,0.1,0.1,0.1,0.1,0.1,0.1,0.2,0.2,0.3,0.3,0.3,0.4,0.1,0.1,0.1,0.1,0.1,0.2,0.2,0.2,0.2,0.2,0.2,0.2,0.3,0.3,0.3,0.3,0.3,0.3,0.3,0.3,0.3,0.4,0.4,0.4,0.4,0.4,0.4,0.4,12.100000000000005,0.20166666666666674
394,06:34,6,34,394,0.1,0.1,0.1,0.1,0.1,0.3,0.4,0.2,0.3,0.3,0.4,0.1,0.1,0.1,0.1,0.1,0.1,0.2,0.2,0.3,0.3,0.3,0.4,0.1,0.1,0.1,0.1,0.1,0.2,0.2,0.2,0.2,0.2,0.2,0.2,0.3,0.3,0.3,0.3,0.3,0.3,0.3,0.3,0.3,0.4,0.4,0.4,0.4,0.4,0.4,0.4,12.100000000000005,0.20166666666666674
395,06:35,6,35,395,0.1,0.1,0.1,0.1,0.1,0.3,0.4,0.2,0.3,0.3,0.4,0.1,0.1,0.1,0.1,0.1,0.1,0.2,0.2,0.3,0.3,0.3,0.4,0.1,0.1,0.1,0.1,0.1,0.2,0.2,0.2,0.2,0.2,0.2,0.2,0.3,0.3,0.3,0.3,0.3,0.3,0.3,0.3,0.3,0.4,0.4,0.4,0.4,0.4,0.4,0.4,12.100000000000005,0.20166666666666674
396,06:36,6,36,396,0.1,0.1,0.1,0.1,0.1,0.3,0.4,0.2,0.3,0.3,0.4,0.1,0.1,0.1,0.1,0.1,0.1,0.2,0.2,0.3,0.3,0.3,0.4,0.1,0.1,0.1,0.1,0.1,0.2,0.2,0.2,0.2,0.2,0.2,0.2,0.3,0.3,0.3,0.3,0.3,0.3,0.3,0.3,0.3,0.4,0.4,0.4,0.4,0.4,0.4,0.4,12.100000000000005,0.20166666666666674
397,06:37,6,37,397,0.1,0.1,0.1,0.1,0.1,0.3,0.4,0.2,0.3,0.3,0.4,0.1,0.1,0.1,0.1,0.1,0.1,0.2,0.2,0.3,0.3,0.3,0.4,0.1,0.1,0.1,0.1,0.1,0.2,0.2,0.2,0.2,0.2,0.2,0.2,0.3,0.3,0.3,0.3,0.3,0.3,0.3,0.3,0.3,0.4,0.4,0.4,0.4,0.4,0.4,0.4,12.100000000000005,0.20166666666666674
398,06:38,6,38,398,0.1,0.1,0.1,0.1,0.1,0.3,0.4,0.2,0.3,0.3,0.4,0.1,0.1,0.1,0.1,0.1,0.1,0.2,0.2,0.3,0.3,0.3,0.4,0.1,0.1,0.1,0.1,0.1,0.2,0.2,0.2,0.2,0.2,0.2,0.2,0.3,0.3,0.3,0.3,0.3,0.3,0.3,0.3,0.3,0.4,0.4,0.4,0.4,0.4,0.4,0.4,12.100000000000005,0.20166666666666674
399,06:39,6,39,399,0.1,0.1,0.1,0.1,0.1,0.3,0.4,0.2,0.3,0.3,0.4,0.1,0.1,0.1,0.1,0.1,0.1,0.2,0.2,0.3,0.3,0.3,0.4,0.1,0.1,0.1,0.1,0.1,0.2,0.2,0.2,0.2,0.2,0.2,0.2,0.3,0.3,0.3,0.3,0.3,0.3,0.3,0.3,0.3,0.4,0.4,0.4,0.4,0.4,0.4,0.4,12.100000000000005,0.20166666666666674
400,06:40,6,40,400,0.1,0.1,0.1,0.1,0.1,0.3,0.4,0.2,0.3,0.3,0.4,0.1,0.1,0.1,0.1,0.1,0.1,0.2,0.2,0.3,0.3,0.3,0.4,0.1,0.1,0.1,0.1,0.1,0.2,0.2,0.2,0.2,0.2,0.2,0.2,0.3,0.3,0.3,0.3,0.3,0.3,0.3,0.3,0.3,0.4,0.4,0.4,0.4,0.4,0.4,0.4,12.100000000000005,0.20166666666666674
401,06:41,6,41,401,0.1,0.1,0.1,0.1,0.1,0.3,0.4,0.2,0.3,0.3,0.4,0.1,0.1,0.1,0.1,0.1,0.1,0.2,0.2,0.3,0.3,0.3,0.4,0.1,0.1,0.1,0.1,0.1,0.2,0.2,0.2,0.2,0.2,0.2,0.2,0.3,0.3,0.3,0.3,0.3,0.3,0.3,0.3,0.3,0.4,0.4,0.4,0.4,0.4,0.4,0.4,12.100000000000005,0.20166666666666674
402,06:42,6,42,402,0.1,0.1,0.1,0.1,0.1,0.3,0.4,0.2,0.3,0.3,0.4,0.1,0.1,0.1,0.1,0.1,0.1,0.2,0.2,0.3,0.3,0.3,0.4,0.1,0.1,0.1,0.1,0.1,0.2,0.2,0.2,0.2,0.2,0.2,0.2,0.3,0.3,0.3,0.3,0.3,0.3,0.3,0.3,0.3,0.4,0.4,0.4,0.4,0.4,0.4,0.4,12.100000000000005,0.20166666666666674
403,06:43,6,43,403,0.1,0.1,0.1,0.1,0.1,0.3,0.4,0.2,0.3,0.3,0.4,0.1,0.1,0.1,0.1,0.1,0.1,0.2,0.2,0.3,0.3,0.3,0.4,0.1,0.1,0.1,0.1,0.1,0.2,0.2,0.2,0.2,0.2,0.2,0.2,0.3,0.3,0.3,0.3,0.3,0.3,0.3,0.3,0.3,0.4,0.4,0.4,0.4,0.4,0.4,0.4,12.100000000000005,0.20166666666666674
404,06:44,6,44,404,0.1,0.1,0.1,0.1,0.1,0.3,0.4,0.2,0.3,0.3,0.4,0.1,0.1,0.1,0.1,0.1,0.1,0.2,0.2,0.3,0.3,0.3,0.4,0.1,0.1,0.1,0.1,0.1,0.2,0.2,0.2,0.2,0.2,0.2,0.2,0.3,0.3,0.3,0.3,0.3,0.3,0.3,0.3,0.3,0.4,0.4,0.4,0.4,0.4,0.4,0.4,12.100000000000005,0.20166666666666674
405,06:45,6,45,405,0.1,0.1,0.1,0.1,0.1,0.3,0.4,0.2,0.3,0.3,0.4,0.1,0.1,0.1,0.1,0.1,0.1,0.2,0.2,0.3,0.3,0.3,0.4,0.1,0.1,0.1,0.1,0.1,0.2,0.2,0.2,0.2,0.2,0.2,0.2,0.3,0.3,0.3,0.3,0.3,0.3,0.3,0.3,0.3,0.4,0.4,0.4,0.4,0.4,0.4,0.4,12.100000000000005,0.20166666666666674
406,06:46,6,46,406,0.1,0.1,0.1,0.1,0.1,0.3,0.4,0.2,0.3,0.3,0.4,0.1,0.1,0.1,0.1,0.1,0.1,0.2,0.2,0.3,0.3,0.3,0.4,0.1,0.1,0.1,0.1,0.1,0.2,0.2,0.2,0.2,0.2,0.2,0.2,0.3,0.3,0.3,0.3,0.3,0.3,0.3,0.3,0.3,0.4,0.4,0.4,0.4,0.4,0.4,0.4,12.100000000000005,0.20166666666666674
407,06:47,6,47,407,0.1,0.1,0.1,0.1,0.1,0.3,0.4,0.2,0.3,0.3,0.4,0.1,0.1,0.1,0.1,0.1,0.1,0.2,0.2,0.3,0.3,0.3,0.4,0.1,0.1,0.1,0.1,0.1,0.2,0.2,0.2,0.2,0.2,0.2,0.2,0.3,0.3,0.3,0.3,0.3,0.3,0.3,0.3,0.3,0.4,0.4,0.4,0.4,0.4,0.4,0.4,12.100000000000005,0.20166666666666674
408,06:48,6,48,408,0.1,0.1,0.1,0.1,0.1,0.3,0.4,0.2,0.3,0.3,0.4,0.1,0.1,0.1,0.1,0.1,0.1,0.2,0.2,0.3,0.3,0.3,0.4,0.1,0.1,0.1,0.1,0.1,0.2,0.2,0.2,0.2,0.2,0.2,0.2,0.3,0.3,0.3,0.3,0.3,0.3,0.3,0.3,0.3,0.4,0.4,0.4,0.4,0.4,0.4,0.4,12.100000000000005,0.20166666666666674
409,06:49,6,49,409,0.1,0.1,0.1,0.1,0.1,0.3,0.4,0.2,0.3,0.3,0.4,0.1,0.1,0.1,0.1,0.1,0.1,0.2,0.2,0.3,0.3,0.3,0.4,0.1,0.1,0.1,0.1,0.1,0.2,0.2,0.2,0.2,0.2,0.2,0.2,0.3,0.3,0.3,0.3,0.3,0.3,0.3,0.3,0.3,0.4,0.4,0.4,0.4,0.4,0.4,0.4,12.100000000000005,0.20166666666666674
410,06:50,6,50,410,0.1,0.1,0.1,0.1,0.1,0.3,0.4,0.2,0.3,0.3,0.4,0.1,0.1,0.1,0.1,0.1,0.1,0.2,0.2,0.3,0.3,0.3,0.4,0.1,0.1,0.1,0.1,0.1,0.2,0.2,0.2,0.2,0.2,0.2,0.2,0.3,0.3,0.3,0.3,0.3,0.3,0.3,0.3,0.3,0.4,0.4,0.4,0.4,0.4,0.4,0.4,12.100000000000005,0.20166666666666674
411,06:51,6,51,411,0.1,0.1,0.1,0.1,0.1,0.3,0.4,0.2,0.3,0.3,0.4,0.1,0.1,0.1,0.1,0.1,0.1,0.2,0.2,0.3,0.3,0.3,0.4,0.1,0.1,0.1,0.1,0.1,0.2,0.2,0.2,0.2,0.2,0.2,0.2,0.3,0.3,0.3,0.3,0.3,0.3,0.3,0.3,0.3,0.4,0.4,0.4,0.4,0.4,0.4,0.4,12.100000000000005,0.20166666666666674
412,06:52,6,52,412,0.1,0.1,0.1,0.1,0.1,0.3,0.4,0.2,0.3,0.3,0.4,0.1,0.1,0.1,0.1,0.1,0.1,0.2,0.2,0.3,0.3,0.3,0.4,0.1,0.1,0.1,0.1,0.1,0.2,0.2,0.2,0.2,0.2,0.2,0.2,0.3,0.3,0.3,0.3,0.3,0.3,0.3,0.3,0.3,0.4,0.4,0.4,0.4,0.4,0.4,0.4,12.100000000000005,0.20166666666666674
413,06:53,6,53,413,0.1,0.1,0.1,0.1,0.1,0.3,0.4,0.2,0.3,0.3,0.4,0.1,0.1,0.1,0.1,0.1,0.1,0.2,0.2,0.3,0.3,0.3,0.4,0.1,0.1,0.1,0.1,0.1,0.2,0.2,0.2,0.2,0.2,0.2,0.2,0.3,0.3,0.3,0.3,0.3,0.3,0.3,0.3,0.3,0.4,0.4,0.4,0.4,0.4,0.4,0.4,12.100000000000005,0.20166666666666674
414,06:54,6,54,414,0.1,0.1,0.1,0.1,0.1,0.3,0.4,0.2,0.3,0.3,0.4,0.1,0.1,0.1,0.1,0.1,0.1,0.2,0.2,0.3,0.3,0.3,0.4,0.1,0.1,0.1,0.1,0.1,0.2,0.2,0.2,0.2,0.2,0.2,0.2,0.3,0.3,0.3,0.3,0.3,0.3,0.3,0.3,0.3,0.4,0.4,0.4,0.4,0.4,0.4,0.4,12.100000000000005,0.20166666666666674
415,06:55,6,55,415,0.1,0.1,0.1,0.1,0.1,0.3,0.4,0.2,0.3,0.3,0.4,0.1,0.1,0.1,0.1,0.1,0.1,0.2,0.2,0.3,0.3,0.3,0.4,0.1,0.1,0.1,0.1,0.1,0.2,0.2,0.2,0.2,0.2,0.2,0.2,0.3,0.3,0.3,0.3,0.3,0.3,0.3,0.3,0.3,0.4,0.4,0.4,0.4,0.4,0.4,0.4,12.100000000000005,0.20166666666666674
416,06:56,6,56,416,0.1,0.1,0.1,0.1,0.1,0.3,0.4,0.2,0.3,0.3,0.4,0.1,0.1,0.1,0.1,0.1,0.1,0.2,0.2,0.3,0.3,0.3,0.4,0.1,0.1,0.1,0.1,0.1,0.2,0.2,0.2,0.2,0.2,0.2,0.2,0.3,0.3,0.3,0.3,0.3,0.3,0.3,0.3,0.3,0.4,0.4,0.4,0.4,0.4,0.4,0.4,12.100000000000005,0.20166666666666674
417,06:57,6,57,417,0.1,0.1,0.1,0.1,0.1,0.3,0.4,0.2,0.3,0.3,0.4,0.1,0.1,0.1,0.1,0.1,0.1,0.2,0.2,0.3,0.3,0.3,0.4,0.1,0.1,0.1,0.1,0.1,0.2,0.2,0.2,0.2,0.2,0.2,0.2,0.3,0.3,0.3,0.3,0.3,0.3,0.3,0.3,0.3,0.4,0.4,0.4,0.4,0.4,0.4,0.4,12.100000000000005,0.20166666666666674
418,06:58,6,58,418,0.1,0.1,0.1,0.1,0.1,0.3,0.4,0.2,0.3,0.3,0.4,0.1,0.1,0.1,0.1,0.1,0.1,0.2,0.2,0.3,0.3,0.3,0.4,0.1,0.1,0.1,0.1,0.1,0.2,0.2,0.2,0.2,0.2,0.2,0.2,0.3,0.3,0.3,0.3,0.3,0.3,0.3,0.3,0.3,0.4,0.4,0.4,0.4,0.4,0.4,0.4,12.100000000000005,0.20166666666666674
419,06:59,6,59,419,0.1,0.1,0.1,0.1,0.1,0.3,0.4,0.2,0.3,0.3,0.4,0.1,0.1,0.1,0.1,0.1,0.1,0.2,0.2,0.3,0.3,0.3,0.4,0.1,0.1,0.1,0.1,0.1,0.2,0.2,0.2,0.2,0.2,0.2,0.2,0.3,0.3,0.3,0.3,0.3,0.3,0.3,0.3,0.3,0.4,0.4,0.4,0.4,0.4,0.4,0.4,12.100000000000005,0.20166666666666674
420,07:00,7,0,420,0.1,0.1,0.1,0.1,0.1,0.3,0.4,0.2,0.3,0.3,0.4,0.1,0.1,0.1,0.1,0.1,0.1,0.2,0.2,0.3,0.3,0.3,0.4,0.1,0.1,0.1,0.1,0.1,0.2,0.2,0.2,0.2,0.2,0.2,0.2,0.3,0.3,0.3,0.3,0.3,0.3,0.3,0.3,0.3,0.4,0.4,0.4,0.4,0.4,0.4,0.4,12.100000000000005,0.20166666666666674
421,07:01,7,1,421,0.1,0.1,0.1,0.1,0.1,0.3,0.4,0.2,0.3,0.3,0.4,0.1,0.1,0.1,0.1,0.1,0.1,0.2,0.2,0.3,0.3,0.3,0.4,0.1,0.1,0.1,0.1,0.1,0.2,0.2,0.2,0.2,0.2,0.2,0.2,0.3,0.3,0.3,0.3,0.3,0.3,0.3,0.3,0.3,0.4,0.4,0.4,0.4,0.4,0.4,0.4,12.100000000000005,0.20166666666666674
422,07:02,7,2,422,0.1,0.1,0.1,0.1,0.1,0.3,0.4,0.2,0.3,0.3,0.4,0.1,0.1,0.1,0.1,0.1,0.1,0.2,0.2,0.3,0.3,0.3,0.4,0.1,0.1,0.1,0.1,0.1,0.2,0.2,0.2,0.2,0.2,0.2,0.2,0.3,0.3,0.3,0.3,0.3,0.3,0.3,0.3,0.3,0.4,0.4,0.4,0.4,0.4,0.4,0.4,12.100000000000005,0.20166666666666674
423,07:03,7,3,423,0.1,0.1,0.1,0.1,0.1,0.3,0.4,0.2,0.3,0.3,0.4,0.1,0.1,0.1,0.1,0.1,0.1,0.2,0.2,0.3,0.3,0.3,0.4,0.1,0.1,0.1,0.1,0.1,0.2,0.2,0.2,0.2,0.2,0.2,0.2,0.3,0.3,0.3,0.3,0.3,0.3,0.3,0.3,0.3,0.4,0.4,0.4,0.4,0.4,0.4,0.4,12.100000000000005,0.20166666666666674
424,07:04,7,4,424,0.1,0.1,0.1,0.1,0.1,0.3,0.4,0.2,0.3,0.3,0.4,0.1,0.1,0.1,0.1,0.1,0.1,0.2,0.2,0.3,0.3,0.3,0.4,0.1,0.1,0.1,0.1,0.1,0.2,0.2,0.2,0.2,0.2,0.2,0.2,0.3,0.3,0.3,0.3,0.3,0.3,0.3,0.3,0.3,0.4,0.4,0.4,0.4,0.4,0.4,0.4,12.100000000000005,0.20166666666666674
425,07:05,7,5,425,0.1,0.1,0.1,0.1,0.1,0.3,0.4,0.2,0.3,0.3,0.4,0.1,0.1,0.1,0.1,0.1,0.1,0.2,0.2,0.3,0.3,0.3,0.4,0.1,0.1,0.1,0.1,0.1,0.2,0.2,0.2,0.2,0.2,0.2,0.2,0.3,0.3,0.3,0.3,0.3,0.3,0.3,0.3,0.3,0.4,0.4,0.4,0.4,0.4,0.4,0.4,12.100000000000005,0.20166666666666674
426,07:06,7,6,426,0.1,0.1,0.1,0.1,0.1,0.3,0.4,0.2,0.3,0.3,0.4,0.1,0.1,0.1,0.1,0.1,0.1,0.2,0.2,0.3,0.3,0.3,0.4,0.1,0.1,0.1,0.1,0.1,0.2,0.2,0.2,0.2,0.2,0.2,0.2,0.3,0.3,0.3,0.3,0.3,0.3,0.3,0.3,0.3,0.4,0.4,0.4,0.4,0.4,0.4,0.4,12.100000000000005,0.20166666666666674
427,07:07,7,7,427,0.1,0.1,0.1,0.1,0.1,0.3,0.4,0.2,0.3,0.3,0.4,0.1,0.1,0.1,0.1,0.1,0.1,0.2,0.2,0.3,0.3,0.3,0.4,0.1,0.1,0.1,0.1,0.1,0.2,0.2,0.2,0.2,0.2,0.2,0.2,0.3,0.3,0.3,0.3,0.3,0.3,0.3,0.3,0.3,0.4,0.4,0.4,0.4,0.4,0.4,0.4,12.100000000000005,0.20166666666666674
428,07:08,7,8,428,0.1,0.1,0.1,0.1,0.1,0.3,0.4,0.2,0.3,0.3,0.4,0.1,0.1,0.1,0.1,0.1,0.1,0.2,0.2,0.3,0.3,0.3,0.4,0.1,0.1,0.1,0.1,0.1,0.2,0.2,0.2,0.2,0.2,0.2,0.2,0.3,0.3,0.3,0.3,0.3,0.3,0.3,0.3,0.3,0.4,0.4,0.4,0.4,0.4,0.4,0.4,12.100000000000005,0.20166666666666674
429,07:09,7,9,429,0.1,0.1,0.1,0.1,0.1,0.3,0.4,0.2,0.3,0.3,0.4,0.1,0.1,0.1,0.1,0.1,0.1,0.2,0.2,0.3,0.3,0.3,0.4,0.1,0.1,0.1,0.1,0.1,0.2,0.2,0.2,0.2,0.2,0.2,0.2,0.3,0.3,0.3,0.3,0.3,0.3,0.3,0.3,0.3,0.4,0.4,0.4,0.4,0.4,0.4,0.4,12.100000000000005,0.20166666666666674
430,07:10,7,10,430,0.1,0.1,0.1,0.1,0.1,0.3,0.4,0.2,0.3,0.3,0.4,0.1,0.1,0.1,0.1,0.1,0.1,0.2,0.2,0.3,0.3,0.3,0.4,0.1,0.1,0.1,0.1,0.1,0.2,0.2,0.2,0.2,0.2,0.2,0.2,0.3,0.3,0.3,0.3,0.3,0.3,0.3,0.3,0.3,0.4,0.4,0.4,0.4,0.4,0.4,0.4,12.100000000000005,0.20166666666666674
431,07:11,7,11,431,0.1,0.1,0.1,0.1,0.1,0.3,0.4,0.2,0.3,0.3,0.4,0.1,0.1,0.1,0.1,0.1,0.1,0.2,0.2,0.3,0.3,0.3,0.4,0.1,0.1,0.1,0.1,0.1,0.2,0.2,0.2,0.2,0.2,0.2,0.2,0.3,0.3,0.3,0.3,0.3,0.3,0.3,0.3,0.3,0.4,0.4,0.4,0.4,0.4,0.4,0.4,12.100000000000005,0.20166666666666674
432,07:12,7,12,432,0.1,0.1,0.1,0.1,0.1,0.3,0.4,0.2,0.3,0.3,0.4,0.1,0.1,0.1,0.1,0.1,0.1,0.2,0.2,0.3,0.3,0.3,0.4,0.1,0.1,0.1,0.1,0.1,0.2,0.2,0.2,0.2,0.2,0.2,0.2,0.3,0.3,0.3,0.3,0.3,0.3,0.3,0.3,0.3,0.4,0.4,0.4,0.4,0.4,0.4,0.4,12.100000000000005,0.20166666666666674
433,07:13,7,13,433,0.1,0.1,0.1,0.1,0.1,0.3,0.4,0.2,0.3,0.3,0.4,0.1,0.1,0.1,0.1,0.1,0.1,0.2,0.2,0.3,0.3,0.3,0.4,0.1,0.1,0.1,0.1,0.1,0.2,0.2,0.2,0.2,0.2,0.2,0.2,0.3,0.3,0.3,0.3,0.3,0.3,0.3,0.3,0.3,0.4,0.4,0.4,0.4,0.4,0.4,0.4,12.100000000000005,0.20166666666666674
434,07:14,7,14,434,0.1,0.1,0.1,0.1,0.1,0.3,0.4,0.2,0.3,0.3,0.4,0.1,0.1,0.1,0.1,0.1,0.1,0.2,0.2,0.3,0.3,0.3,0.4,0.1,0.1,0.1,0.1,0.1,0.2,0.2,0.2,0.2,0.2,0.2,0.2,0.3,0.3,0.3,0.3,0.3,0.3,0.3,0.3,0.3,0.4,0.4,0.4,0.4,0.4,0.4,0.4,12.100000000000005,0.20166666666666674
435,07:15,7,15,435,0.1,0.1,0.1,0.1,0.1,0.3,0.4,0.2,0.3,0.3,0.4,0.1,0.1,0.1,0.1,0.1,0.1,0.2,0.2,0.3,0.3,0.3,0.4,0.1,0.1,0.1,0.1,0.1,0.2,0.2,0.2,0.2,0.2,0.2,0.2,0.3,0.3,0.3,0.3,0.3,0.3,0.3,0.3,0.3,0.4,0.4,0.4,0.4,0.4,0.4,0.4,12.100000000000005,0.20166666666666674
436,07:16,7,16,436,0.1,0.1,0.1,0.1,0.1,0.3,0.4,0.2,0.3,0.3,0.4,0.1,0.1,0.1,0.1,0.1,0.1,0.2,0.2,0.3,0.3,0.3,0.4,0.1,0.1,0.1,0.1,0.1,0.2,0.2,0.2,0.2,0.2,0.2,0.2,0.3,0.3,0.3,0.3,0.3,0.3,0.3,0.3,0.3,0.4,0.4,0.4,0.4,0.4,0.4,0.4,12.100000000000005,0.20166666666666674
437,07:17,7,17,437,0.1,0.1,0.1,0.1,0.1,0.3,0.4,0.2,0.3,0.3,0.4,0.1,0.1,0.1,0.1,0.1,0.1,0.2,0.2,0.3,0.3,0.3,0.4,0.1,0.1,0.1,0.1,0.1,0.2,0.2,0.2,0.2,0.2,0.2,0.2,0.3,0.3,0.3,0.3,0.3,0.3,0.3,0.3,0.3,0.4,0.4,0.4,0.4,0.4,0.4,0.4,12.100000000000005,0.20166666666666674
438,07:18,7,18,438,0.1,0.1,0.1,0.1,0.1,0.3,0.4,0.2,0.3,0.3,0.4,0.1,0.1,0.1,0.1,0.1,0.1,0.2,0.2,0.3,0.3,0.3,0.4,0.1,0.1,0.1,0.1,0.1,0.2,0.2,0.2,0.2,0.2,0.2,0.2,0.3,0.3,0.3,0.3,0.3,0.3,0.3,0.3,0.3,0.4,0.4,0.4,0.4,0.4,0.4,0.4,12.100000000000005,0.20166666666666674
439,07:19,7,19,439,0.1,0.1,0.1,0.1,0.1,0.3,0.4,0.2,0.3,0.3,0.4,0.1,0.1,0.1,0.1,0.1,0.1,0.2,0.2,0.3,0.3,0.3,0.4,0.1,0.1,0.1,0.1,0.1,0.2,0.2,0.2,0.2,0.2,0.2,0.2,0.3,0.3,0.3,0.3,0.3,0.3,0.3,0.3,0.3,0.4,0.4,0.4,0.4,0.4,0.4,0.4,12.100000000000005,0.20166666666666674
440,07:20,7,20,440,0.1,0.1,0.1,0.1,0.1,0.3,0.4,0.2,0.3,0.3,0.4,0.1,0.1,0.1,0.1,0.1,0.1,0.2,0.2,0.3,0.3,0.3,0.4,0.1,0.1,0.1,0.1,0.1,0.2,0.2,0.2,0.2,0.2,0.2,0.2,0.3,0.3,0.3,0.3,0.3,0.3,0.3,0.3,0.3,0.4,0.4,0.4,0.4,0.4,0.4,0.4,12.100000000000005,0.20166666666666674
441,07:21,7,21,441,0.1,0.1,0.1,0.1,0.1,0.3,0.4,0.2,0.3,0.3,0.4,0.1,0.1,0.1,0.1,0.1,0.1,0.2,0.2,0.3,0.3,0.3,0.4,0.1,0.1,0.1,0.1,0.1,0.2,0.2,0.2,0.2,0.2,0.2,0.2,0.3,0.3,0.3,0.3,0.3,0.3,0.3,0.3,0.3,0.4,0.4,0.4,0.4,0.4,0.4,0.4,12.100000000000005,0.20166666666666674
442,07:22,7,22,442,0.1,0.1,0.1,0.1,0.1,0.3,0.4,0.2,0.3,0.3,0.4,0.1,0.1,0.1,0.1,0.1,0.1,0.2,0.2,0.3,0.3,0.3,0.4,0.1,0.1,0.1,0.1,0.1,0.2,0.2,0.2,0.2,0.2,0.2,0.2,0.3,0.3,0.3,0.3,0.3,0.3,0.3,0.3,0.3,0.4,0.4,0.4,0.4,0.4,0.4,0.4,12.100000000000005,0.20166666666666674
443,07:23,7,23,443,0.1,0.1,0.1,0.1,0.1,0.3,0.4,0.2,0.3,0.3,0.4,0.1,0.1,0.1,0.1,0.1,0.1,0.2,0.2,0.3,0.3,0.3,0.4,0.1,0.1,0.1,0.1,0.1,0.2,0.2,0.2,0.2,0.2,0.2,0.2,0.3,0.3,0.3,0.3,0.3,0.3,0.3,0.3,0.3,0.4,0.4,0.4,0.4,0.4,0.4,0.4,12.100000000000005,0.20166666666666674
444,07:24,7,24,444,0.1,0.1,0.1,0.1,0.1,0.3,0.4,0.2,0.3,0.3,0.4,0.1,0.1,0.1,0.1,0.1,0.1,0.2,0.2,0.3,0.3,0.3,0.4,0.1,0.1,0.1,0.1,0.1,0.2,0.2,0.2,0.2,0.2,0.2,0.2,0.3,0.3,0.3,0.3,0.3,0.3,0.3,0.3,0.3,0.4,0.4,0.4,0.4,0.4,0.4,0.4,12.100000000000005,0.20166666666666674
445,07:25,7,25,445,0.1,0.1,0.1,0.1,0.1,0.3,0.4,0.2,0.3,0.3,0.4,0.1,0.1,0.1,0.1,0.1,0.1,0.2,0.2,0.3,0.3,0.3,0.4,0.1,0.1,0.1,0.1,0.1,0.2,0.2,0.2,0.2,0.2,0.2,0.2,0.3,0.3,0.3,0.3,0.3,0.3,0.3,0.3,0.3,0.4,0.4,0.4,0.4,0.4,0.4,0.4,12.100000000000005,0.20166666666666674
446,07:26,7,26,446,0.1,0.1,0.1,0.1,0.1,0.3,0.4,0.2,0.3,0.3,0.4,0.1,0.1,0.1,0.1,0.1,0.1,0.2,0.2,0.3,0.3,0.3,0.4,0.1,0.1,0.1,0.1,0.1,0.2,0.2,0.2,0.2,0.2,0.2,0.2,0.3,0.3,0.3,0.3,0.3,0.3,0.3,0.3,0.3,0.4,0.4,0.4,0.4,0.4,0.4,0.4,12.100000000000005,0.20166666666666674
447,07:27,7,27,447,0.1,0.1,0.1,0.1,0.1,0.3,0.4,0.2,0.3,0.3,0.4,0.1,0.1,0.1,0.1,0.1,0.1,0.2,0.2,0.3,0.3,0.3,0.4,0.1,0.1,0.1,0.1,0.1,0.2,0.2,0.2,0.2,0.2,0.2,0.2,0.3,0.3,0.3,0.3,0.3,0.3,0.3,0.3,0.3,0.4,0.4,0.4,0.4,0.4,0.4,0.4,12.100000000000005,0.20166666666666674
448,07:28,7,28,448,0.1,0.1,0.1,0.1,0.1,0.3,0.4,0.2,0.3,0.3,0.4,0.1,0.1,0.1,0.1,0.1,0.1,0.2,0.2,0.3,0.3,0.3,0.4,0.1,0.1,0.1,0.1,0.1,0.2,0.2,0.2,0.2,0.2,0.2,0.2,0.3,0.3,0.3,0.3,0.3,0.3,0.3,0.3,0.3,0.4,0.4,0.4,0.4,0.4,0.4,0.4,12.100000000000005,0.20166666666666674
449,07:29,7,29,449,0.1,0.1,0.1,0.1,0.1,0.3,0.4,0.2,0.3,0.3,0.4,0.1,0.1,0.1,0.1,0.1,0.1,0.2,0.2,0.3,0.3,0.3,0.4,0.1,0.1,0.1,0.1,0.1,0.2,0.2,0.2,0.2,0.2,0.2,0.2,0.3,0.3,0.3,0.3,0.3,0.3,0.3,0.3,0.3,0.4,0.4,0.4,0.4,0.4,0.4,0.4,12.100000000000005,0.20166666666666674
450,07:30,7,30,450,0.1,0.1,0.1,0.1,0.1,0.3,0.4,0.2,0.3,0.3,0.4,0.1,0.1,0.1,0.1,0.1,0.1,0.2,0.2,0.3,0.3,0.3,0.4,0.1,0.1,0.1,0.1,0.1,0.2,0.2,0.2,0.2,0.2,0.2,0.2,0.3,0.3,0.3,0.3,0.3,0.3,0.3,0.3,0.3,0.4,0.4,0.4,0.4,0.4,0.4,0.4,12.100000000000005,0.20166666666666674
451,07:31,7,31,451,0.1,0.1,0.1,0.1,0.1,0.3,0.4,0.2,0.3,0.3,0.4,0.1,0.1,0.1,0.1,0.1,0.1,0.2,0.2,0.3,0.3,0.3,0.4,0.1,0.1,0.1,0.1,0.1,0.2,0.2,0.2,0.2,0.2,0.2,0.2,0.3,0.3,0.3,0.3,0.3,0.3,0.3,0.3,0.3,0.4,0.4,0.4,0.4,0.4,0.4,0.4,12.100000000000005,0.20166666666666674
452,07:32,7,32,452,0.1,0.1,0.1,0.1,0.1,0.3,0.4,0.2,0.3,0.3,0.4,0.1,0.1,0.1,0.1,0.1,0.1,0.2,0.2,0.3,0.3,0.3,0.4,0.1,0.1,0.1,0.1,0.1,0.2,0.2,0.2,0.2,0.2,0.2,0.2,0.3,0.3,0.3,0.3,0.3,0.3,0.3,0.3,0.3,0.4,0.4,0.4,0.4,0.4,0.4,0.4,12.100000000000005,0.20166666666666674
453,07:33,7,33,453,0.1,0.1,0.1,0.1,0.1,0.3,0.4,0.2,0.3,0.3,0.4,0.1,0.1,0.1,0.1,0.1,0.1,0.2,0.2,0.3,0.3,0.3,0.4,0.1,0.1,0.1,0.1,0.1,0.2,0.2,0.2,0.2,0.2,0.2,0.2,0.3,0.3,0.3,0.3,0.3,0.3,0.3,0.3,0.3,0.4,0.4,0.4,0.4,0.4,0.4,0.4,12.100000000000005,0.20166666666666674
454,07:34,7,34,454,0.1,0.1,0.1,0.1,0.1,0.3,0.4,0.2,0.3,0.3,0.4,0.1,0.1,0.1,0.1,0.1,0.1,0.2,0.2,0.3,0.3,0.3,0.4,0.1,0.1,0.1,0.1,0.1,0.2,0.2,0.2,0.2,0.2,0.2,0.2,0.3,0.3,0.3,0.3,0.3,0.3,0.3,0.3,0.3,0.4,0.4,0.4,0.4,0.4,0.4,0.4,12.100000000000005,0.20166666666666674
455,07:35,7,35,455,0.1,0.1,0.1,0.1,0.1,0.3,0.4,0.2,0.3,0.3,0.4,0.1,0.1,0.1,0.1,0.1,0.1,0.2,0.2,0.3,0.3,0.3,0.4,0.1,0.1,0.1,0.1,0.1,0.2,0.2,0.2,0.2,0.2,0.2,0.2,0.3,0.3,0.3,0.3,0.3,0.3,0.3,0.3,0.3,0.4,0.4,0.4,0.4,0.4,0.4,0.4,12.100000000000005,0.20166666666666674
456,07:36,7,36,456,0.1,0.1,0.1,0.1,0.1,0.3,0.4,0.2,0.3,0.3,0.4,0.1,0.1,0.1,0.1,0.1,0.1,0.2,0.2,0.3,0.3,0.3,0.4,0.1,0.1,0.1,0.1,0.1,0.2,0.2,0.2,0.2,0.2,0.2,0.2,0.3,0.3,0.3,0.3,0.3,0.3,0.3,0.3,0.3,0.4,0.4,0.4,0.4,0.4,0.4,0.4,12.100000000000005,0.20166666666666674
457,07:37,7,37,457,0.1,0.1,0.1,0.1,0.1,0.3,0.4,0.2,0.3,0.3,0.4,0.1,0.1,0.1,0.1,0.1,0.1,0.2,0.2,0.3,0.3,0.3,0.4,0.1,0.1,0.1,0.1,0.1,0.2,0.2,0.2,0.2,0.2,0.2,0.2,0.3,0.3,0.3,0.3,0.3,0.3,0.3,0.3,0.3,0.4,0.4,0.4,0.4,0.4,0.4,0.4,12.100000000000005,0.20166666666666674
458,07:38,7,38,458,0.1,0.1,0.1,0.1,0.1,0.3,0.4,0.2,0.3,0.3,0.4,0.1,0.1,0.1,0.1,0.1,0.1,0.2,0.2,0.3,0.3,0.3,0.4,0.1,0.1,0.1,0.1,0.1,0.2,0.2,0.2,0.2,0.2,0.2,0.2,0.3,0.3,0.3,0.3,0.3,0.3,0.3,0.3,0.3,0.4,0.4,0.4,0.4,0.4,0.4,0.4,12.100000000000005,0.20166666666666674
459,07:39,7,39,459,0.1,0.1,0.1,0.1,0.1,0.3,0.4,0.2,0.3,0.3,0.4,0.1,0.1,0.1,0.1,0.1,0.1,0.2,0.2,0.3,0.3,0.3,0.4,0.1,0.1,0.1,0.1,0.1,0.2,0.2,0.2,0.2,0.2,0.2,0.2,0.3,0.3,0.3,0.3,0.3,0.3,0.3,0.3,0.3,0.4,0.4,0.4,0.4,0.4,0.4,0.4,12.100000000000005,0.20166666666666674
460,07:40,7,40,460,0.1,0.1,0.1,0.1,0.1,0.3,0.4,0.2,0.3,0.3,0.4,0.1,0.1,0.1,0.1,0.1,0.1,0.2,0.2,0.3,0.3,0.3,0.4,0.1,0.1,0.1,0.1,0.1,0.2,0.2,0.2,0.2,0.2,0.2,0.2,0.3,0.3,0.3,0.3,0.3,0.3,0.3,0.3,0.3,0.4,0.4,0.4,0.4,0.4,0.4,0.4,12.100000000000005,0.20166666666666674
461,07:41,7,41,461,0.1,0.1,0.1,0.1,0.1,0.3,0.4,0.2,0.3,0.3,0.4,0.1,0.1,0.1,0.1,0.1,0.1,0.2,0.2,0.3,0.3,0.3,0.4,0.1,0.1,0.1,0.1,0.1,0.2,0.2,0.2,0.2,0.2,0.2,0.2,0.3,0.3,0.3,0.3,0.3,0.3,0.3,0.3,0.3,0.4,0.4,0.4,0.4,0.4,0.4,0.4,12.100000000000005,0.20166666666666674
462,07:42,7,42,462,0.1,0.1,0.1,0.1,0.1,0.3,0.4,0.2,0.3,0.3,0.4,0.1,0.1,0.1,0.1,0.1,0.1,0.2,0.2,0.3,0.3,0.3,0.4,0.1,0.1,0.1,0.1,0.1,0.2,0.2,0.2,0.2,0.2,0.2,0.2,0.3,0.3,0.3,0.3,0.3,0.3,0.3,0.3,0.3,0.4,0.4,0.4,0.4,0.4,0.4,0.4,12.100000000000005,0.20166666666666674
463,07:43,7,43,463,0.1,0.1,0.1,0.1,0.1,0.3,0.4,0.2,0.3,0.3,0.4,0.1,0.1,0.1,0.1,0.1,0.1,0.2,0.2,0.3,0.3,0.3,0.4,0.1,0.1,0.1,0.1,0.1,0.2,0.2,0.2,0.2,0.2,0.2,0.2,0.3,0.3,0.3,0.3,0.3,0.3,0.3,0.3,0.3,0.4,0.4,0.4,0.4,0.4,0.4,0.4,12.100000000000005,0.20166666666666674
464,07:44,7,44,464,0.1,0.1,0.1,0.1,0.1,0.3,0.4,0.2,0.3,0.3,0.4,0.1,0.1,0.1,0.1,0.1,0.1,0.2,0.2,0.3,0.3,0.3,0.4,0.1,0.1,0.1,0.1,0.1,0.2,0.2,0.2,0.2,0.2,0.2,0.2,0.3,0.3,0.3,0.3,0.3,0.3,0.3,0.3,0.3,0.4,0.4,0.4,0.4,0.4,0.4,0.4,12.100000000000005,0.20166666666666674
465,07:45,7,45,465,0.1,0.1,0.1,0.1,0.1,0.3,0.4,0.2,0.3,0.3,0.4,0.1,0.1,0.1,0.1,0.1,0.1,0.2,0.2,0.3,0.3,0.3,0.4,0.1,0.1,0.1,0.1,0.1,0.2,0.2,0.2,0.2,0.2,0.2,0.2,0.3,0.3,0.3,0.3,0.3,0.3,0.3,0.3,0.3,0.4,0.4,0.4,0.4,0.4,0.4,0.4,12.100000000000005,0.20166666666666674
466,07:46,7,46,466,0.1,0.1,0.1,0.1,0.1,0.3,0.4,0.2,0.3,0.3,0.4,0.1,0.1,0.1,0.1,0.1,0.1,0.2,0.2,0.3,0.3,0.3,0.4,0.1,0.1,0.1,0.1,0.1,0.2,0.2,0.2,0.2,0.2,0.2,0.2,0.3,0.3,0.3,0.3,0.3,0.3,0.3,0.3,0.3,0.4,0.4,0.4,0.4,0.4,0.4,0.4,12.100000000000005,0.20166666666666674
467,07:47,7,47,467,0.1,0.1,0.1,0.1,0.1,0.3,0.4,0.2,0.3,0.3,0.4,0.1,0.1,0.1,0.1,0.1,0.1,0.2,0.2,0.3,0.3,0.3,0.4,0.1,0.1,0.1,0.1,0.1,0.2,0.2,0.2,0.2,0.2,0.2,0.2,0.3,0.3,0.3,0.3,0.3,0.3,0.3,0.3,0.3,0.4,0.4,0.4,0.4,0.4,0.4,0.4,12.100000000000005,0.20166666666666674
468,07:48,7,48,468,0.1,0.1,0.1,0.1,0.1,0.3,0.4,0.2,0.3,0.3,0.4,0.1,0.1,0.1,0.1,0.1,0.1,0.2,0.2,0.3,0.3,0.3,0.4,0.1,0.1,0.1,0.1,0.1,0.2,0.2,0.2,0.2,0.2,0.2,0.2,0.3,0.3,0.3,0.3,0.3,0.3,0.3,0.3,0.3,0.4,0.4,0.4,0.4,0.4,0.4,0.4,12.100000000000005,0.20166666666666674
469,07:49,7,49,469,0.1,0.1,0.1,0.1,0.1,0.3,0.4,0.2,0.3,0.3,0.4,0.1,0.1,0.1,0.1,0.1,0.1,0.2,0.2,0.3,0.3,0.3,0.4,0.1,0.1,0.1,0.1,0.1,0.2,0.2,0.2,0.2,0.2,0.2,0.2,0.3,0.3,0.3,0.3,0.3,0.3,0.3,0.3,0.3,0.4,0.4,0.4,0.4,0.4,0.4,0.4,12.100000000000005,0.20166666666666674
470,07:50,7,50,470,0.1,0.1,0.1,0.1,0.1,0.3,0.4,0.2,0.3,0.3,0.4,0.1,0.1,0.1,0.1,0.1,0.1,0.2,0.2,0.3,0.3,0.3,0.4,0.1,0.1,0.1,0.1,0.1,0.2,0.2,0.2,0.2,0.2,0.2,0.2,0.3,0.3,0.3,0.3,0.3,0.3,0.3,0.3,0.3,0.4,0.4,0.4,0.4,0.4,0.4,0.4,12.100000000000005,0.20166666666666674
471,07:51,7,51,471,0.1,0.1,0.1,0.1,0.1,0.3,0.4,0.2,0.3,0.3,0.4,0.1,0.1,0.1,0.1,0.1,0.1,0.2,0.2,0.3,0.3,0.3,0.4,0.1,0.1,0.1,0.1,0.1,0.2,0.2,0.2,0.2,0.2,0.2,0.2,0.3,0.3,0.3,0.3,0.3,0.3,0.3,0.3,0.3,0.4,0.4,0.4,0.4,0.4,0.4,0.4,12.100000000000005,0.20166666666666674
472,07:52,7,52,472,0.1,0.1,0.1,0.1,0.1,0.3,0.4,0.2,0.3,0.3,0.4,0.1,0.1,0.1,0.1,0.1,0.1,0.2,0.2,0.3,0.3,0.3,0.4,0.1,0.1,0.1,0.1,0.1,0.2,0.2,0.2,0.2,0.2,0.2,0.2,0.3,0.3,0.3,0.3,0.3,0.3,0.3,0.3,0.3,0.4,0.4,0.4,0.4,0.4,0.4,0.4,12.100000000000005,0.20166666666666674
473,07:53,7,53,473,0.1,0.1,0.1,0.1,0.1,0.3,0.4,0.2,0.3,0.3,0.4,0.1,0.1,0.1,0.1,0.1,0.1,0.2,0.2,0.3,0.3,0.3,0.4,0.1,0.1,0.1,0.1,0.1,0.2,0.2,0.2,0.2,0.2,0.2,0.2,0.3,0.3,0.3,0.3,0.3,0.3,0.3,0.3,0.3,0.4,0.4,0.4,0.4,0.4,0.4,0.4,12.100000000000005,0.20166666666666674
474,07:54,7,54,474,0.1,0.1,0.1,0.1,0.1,0.3,0.4,0.2,0.3,0.3,0.4,0.1,0.1,0.1,0.1,0.1,0.1,0.2,0.2,0.3,0.3,0.3,0.4,0.1,0.1,0.1,0.1,0.1,0.2,0.2,0.2,0.2,0.2,0.2,0.2,0.3,0.3,0.3,0.3,0.3,0.3,0.3,0.3,0.3,0.4,0.4,0.4,0.4,0.4,0.4,0.4,12.100000000000005,0.20166666666666674
475,07:55,7,55,475,0.1,0.1,0.1,0.1,0.1,0.3,0.4,0.2,0.3,0.3,0.4,0.1,0.1,0.1,0.1,0.1,0.1,0.2,0.2,0.3,0.3,0.3,0.4,0.1,0.1,0.1,0.1,0.1,0.2,0.2,0.2,0.2,0.2,0.2,0.2,0.3,0.3,0.3,0.3,0.3,0.3,0.3,0.3,0.3,0.4,0.4,0.4,0.4,0.4,0.4,0.4,12.100000000000005,0.20166666666666674
476,07:56,7,56,476,0.1,0.1,0.1,0.1,0.1,0.3,0.4,0.2,0.3,0.3,0.4,0.1,0.1,0.1,0.1,0.1,0.1,0.2,0.2,0.3,0.3,0.3,0.4,0.1,0.1,0.1,0.1,0.1,0.2,0.2,0.2,0.2,0.2,0.2,0.2,0.3,0.3,0.3,0.3,0.3,0.3,0.3,0.3,0.3,0.4,0.4,0.4,0.4,0.4,0.4,0.4,12.100000000000005,0.20166666666666674
477,07:57,7,57,477,0.1,0.1,0.1,0.1,0.1,0.3,0.4,0.2,0.3,0.3,0.4,0.1,0.1,0.1,0.1,0.1,0.1,0.2,0.2,0.3,0.3,0.3,0.4,0.1,0.1,0.1,0.1,0.1,0.2,0.2,0.2,0.2,0.2,0.2,0.2,0.3,0.3,0.3,0.3,0.3,0.3,0.3,0.3,0.3,0.4,0.4,0.4,0.4,0.4,0.4,0.4,12.100000000000005,0.20166666666666674
478,07:58,7,58,478,0.1,0.1,0.1,0.1,0.1,0.3,0.4,0.2,0.3,0.3,0.4,0.1,0.1,0.1,0.1,0.1,0.1,0.2,0.2,0.3,0.3,0.3,0.4,0.1,0.1,0.1,0.1,0.1,0.2,0.2,0.2,0.2,0.2,0.2,0.2,0.3,0.3,0.3,0.3,0.3,0.3,0.3,0.3,0.3,0.4,0.4,0.4,0.4,0.4,0.4,0.4,12.100000000000005,0.20166666666666674
479,07:59,7,59,479,0.1,0.1,0.1,0.1,0.1,0.3,0.4,0.2,0.3,0.3,0.4,0.1,0.1,0.1,0.1,0.1,0.1,0.2,0.2,0.3,0.3,0.3,0.4,0.1,0.1,0.1,0.1,0.1,0.2,0.2,0.2,0.2,0.2,0.2,0.2,0.3,0.3,0.3,0.3,0.3,0.3,0.3,0.3,0.3,0.4,0.4,0.4,0.4,0.4,0.4,0.4,12.100000000000005,0.20166666666666674
480,08:00,8,0,480,0.1,0.1,0.1,0.1,0.1,0.3,0.4,0.2,0.3,0.3,0.4,0.1,0.1,0.1,0.1,0.1,0.1,0.2,0.2,0.3,0.3,0.3,0.4,0.1,0.1,0.1,0.1,0.1,0.2,0.2,0.2,0.2,0.2,0.2,0.2,0.3,0.3,0.3,0.3,0.3,0.3,0.3,0.3,0.3,0.4,0.4,0.4,0.4,0.4,0.4,0.4,12.100000000000005,0.20166666666666674
481,08:01,8,1,481,0.1,0.1,0.1,0.1,0.1,0.3,0.4,0.2,0.3,0.3,0.4,0.1,0.1,0.1,0.1,0.1,0.1,0.2,0.2,0.3,0.3,0.3,0.4,0.1,0.1,0.1,0.1,0.1,0.2,0.2,0.2,0.2,0.2,0.2,0.2,0.3,0.3,0.3,0.3,0.3,0.3,0.3,0.3,0.3,0.4,0.4,0.4,0.4,0.4,0.4,0.4,12.100000000000005,0.20166666666666674
482,08:02,8,2,482,0.1,0.1,0.1,0.1,0.1,0.3,0.4,0.2,0.3,0.3,0.4,0.1,0.1,0.1,0.1,0.1,0.1,0.2,0.2,0.3,0.3,0.3,0.4,0.1,0.1,0.1,0.1,0.1,0.2,0.2,0.2,0.2,0.2,0.2,0.2,0.3,0.3,0.3,0.3,0.3,0.3,0.3,0.3,0.3,0.4,0.4,0.4,0.4,0.4,0.4,0.4,12.100000000000005,0.20166666666666674
483,08:03,8,3,483,0.1,0.1,0.1,0.1,0.1,0.3,0.4,0.2,0.3,0.3,0.4,0.1,0.1,0.1,0.1,0.1,0.1,0.2,0.2,0.3,0.3,0.3,0.4,0.1,0.1,0.1,0.1,0.1,0.2,0.2,0.2,0.2,0.2,0.2,0.2,0.3,0.3,0.3,0.3,0.3,0.3,0.3,0.3,0.3,0.4,0.4,0.4,0.4,0.4,0.4,0.4,12.100000000000005,0.20166666666666674
484,08:04,8,4,484,0.1,0.1,0.1,0.1,0.1,0.3,0.4,0.2,0.3,0.3,0.4,0.1,0.1,0.1,0.1,0.1,0.1,0.2,0.2,0.3,0.3,0.3,0.4,0.1,0.1,0.1,0.1,0.1,0.2,0.2,0.2,0.2,0.2,0.2,0.2,0.3,0.3,0.3,0.3,0.3,0.3,0.3,0.3,0.3,0.4,0.4,0.4,0.4,0.4,0.4,0.4,12.100000000000005,0.20166666666666674
485,08:05,8,5,485,0.1,0.1,0.1,0.1,0.1,0.3,0.4,0.2,0.3,0.3,0.4,0.1,0.1,0.1,0.1,0.1,0.1,0.2,0.2,0.3,0.3,0.3,0.4,0.1,0.1,0.1,0.1,0.1,0.2,0.2,0.2,0.2,0.2,0.2,0.2,0.3,0.3,0.3,0.3,0.3,0.3,0.3,0.3,0.3,0.4,0.4,0.4,0.4,0.4,0.4,0.4,12.100000000000005,0.20166666666666674
486,08:06,8,6,486,0.1,0.1,0.1,0.1,0.1,0.3,0.4,0.2,0.3,0.3,0.4,0.1,0.1,0.1,0.1,0.1,0.1,0.2,0.2,0.3,0.3,0.3,0.4,0.1,0.1,0.1,0.1,0.1,0.2,0.2,0.2,0.2,0.2,0.2,0.2,0.3,0.3,0.3,0.3,0.3,0.3,0.3,0.3,0.3,0.4,0.4,0.4,0.4,0.4,0.4,0.4,12.100000000000005,0.20166666666666674
487,08:07,8,7,487,0.1,0.1,0.1,0.1,0.1,0.3,0.4,0.2,0.3,0.3,0.4,0.1,0.1,0.1,0.1,0.1,0.1,0.2,0.2,0.3,0.3,0.3,0.4,0.1,0.1,0.1,0.1,0.1,0.2,0.2,0.2,0.2,0.2,0.2,0.2,0.3,0.3,0.3,0.3,0.3,0.3,0.3,0.3,0.3,0.4,0.4,0.4,0.4,0.4,0.4,0.4,12.100000000000005,0.20166666666666674
488,08:08,8,8,488,0.1,0.1,0.1,0.1,0.1,0.3,0.4,0.2,0.3,0.3,0.4,0.1,0.1,0.1,0.1,0.1,0.1,0.2,0.2,0.3,0.3,0.3,0.4,0.1,0.1,0.1,0.1,0.1,0.2,0.2,0.2,0.2,0.2,0.2,0.2,0.3,0.3,0.3,0.3,0.3,0.3,0.3,0.3,0.3,0.4,0.4,0.4,0.4,0.4,0.4,0.4,12.100000000000005,0.20166666666666674
489,08:09,8,9,489,0.1,0.1,0.1,0.1,0.1,0.3,0.4,0.2,0.3,0.3,0.4,0.1,0.1,0.1,0.1,0.1,0.1,0.2,0.2,0.3,0.3,0.3,0.4,0.1,0.1,0.1,0.1,0.1,0.2,0.2,0.2,0.2,0.2,0.2,0.2,0.3,0.3,0.3,0.3,0.3,0.3,0.3,0.3,0.3,0.4,0.4,0.4,0.4,0.4,0.4,0.4,12.100000000000005,0.20166666666666674
490,08:10,8,10,490,0.1,0.1,0.1,0.1,0.1,0.3,0.4,0.2,0.3,0.3,0.4,0.1,0.1,0.1,0.1,0.1,0.1,0.2,0.2,0.3,0.3,0.3,0.4,0.1,0.1,0.1,0.1,0.1,0.2,0.2,0.2,0.2,0.2,0.2,0.2,0.3,0.3,0.3,0.3,0.3,0.3,0.3,0.3,0.3,0.4,0.4,0.4,0.4,0.4,0.4,0.4,12.100000000000005,0.20166666666666674
491,08:11,8,11,491,0.1,0.1,0.1,0.1,0.1,0.3,0.4,0.2,0.3,0.3,0.4,0.1,0.1,0.1,0.1,0.1,0.1,0.2,0.2,0.3,0.3,0.3,0.4,0.1,0.1,0.1,0.1,0.1,0.2,0.2,0.2,0.2,0.2,0.2,0.2,0.3,0.3,0.3,0.3,0.3,0.3,0.3,0.3,0.3,0.4,0.4,0.4,0.4,0.4,0.4,0.4,12.100000000000005,0.20166666666666674
492,08:12,8,12,492,0.1,0.1,0.1,0.1,0.1,0.3,0.4,0.2,0.3,0.3,0.4,0.1,0.1,0.1,0.1,0.1,0.1,0.2,0.2,0.3,0.3,0.3,0.4,0.1,0.1,0.1,0.1,0.1,0.2,0.2,0.2,0.2,0.2,0.2,0.2,0.3,0.3,0.3,0.3,0.3,0.3,0.3,0.3,0.3,0.4,0.4,0.4,0.4,0.4,0.4,0.4,12.100000000000005,0.20166666666666674
493,08:13,8,13,493,0.1,0.1,0.1,0.1,0.1,0.3,0.4,0.2,0.3,0.3,0.4,0.1,0.1,0.1,0.1,0.1,0.1,0.2,0.2,0.3,0.3,0.3,0.4,0.1,0.1,0.1,0.1,0.1,0.2,0.2,0.2,0.2,0.2,0.2,0.2,0.3,0.3,0.3,0.3,0.3,0.3,0.3,0.3,0.3,0.4,0.4,0.4,0.4,0.4,0.4,0.4,12.100000000000005,0.20166666666666674
494,08:14,8,14,494,0.1,0.1,0.1,0.1,0.1,0.3,0.4,0.2,0.3,0.3,0.4,0.1,0.1,0.1,0.1,0.1,0.1,0.2,0.2,0.3,0.3,0.3,0.4,0.1,0.1,0.1,0.1,0.1,0.2,0.2,0.2,0.2,0.2,0.2,0.2,0.3,0.3,0.3,0.3,0.3,0.3,0.3,0.3,0.3,0.4,0.4,0.4,0.4,0.4,0.4,0.4,12.100000000000005,0.20166666666666674
495,08:15,8,15,495,0.1,0.1,0.1,0.1,0.1,0.3,0.4,0.2,0.3,0.3,0.4,0.1,0.1,0.1,0.1,0.1,0.1,0.2,0.2,0.3,0.3,0.3,0.4,0.1,0.1,0.1,0.1,0.1,0.2,0.2,0.2,0.2,0.2,0.2,0.2,0.3,0.3,0.3,0.3,0.3,0.3,0.3,0.3,0.3,0.4,0.4,0.4,0.4,0.4,0.4,0.4,12.100000000000005,0.20166666666666674
496,08:16,8,16,496,0.1,0.1,0.1,0.1,0.1,0.3,0.4,0.2,0.3,0.3,0.4,0.1,0.1,0.1,0.1,0.1,0.1,0.2,0.2,0.3,0.3,0.3,0.4,0.1,0.1,0.1,0.1,0.1,0.2,0.2,0.2,0.2,0.2,0.2,0.2,0.3,0.3,0.3,0.3,0.3,0.3,0.3,0.3,0.3,0.4,0.4,0.4,0.4,0.4,0.4,0.4,12.100000000000005,0.20166666666666674
497,08:17,8,17,497,0.1,0.1,0.1,0.1,0.1,0.3,0.4,0.2,0.3,0.3,0.4,0.1,0.1,0.1,0.1,0.1,0.1,0.2,0.2,0.3,0.3,0.3,0.4,0.1,0.1,0.1,0.1,0.1,0.2,0.2,0.2,0.2,0.2,0.2,0.2,0.3,0.3,0.3,0.3,0.3,0.3,0.3,0.3,0.3,0.4,0.4,0.4,0.4,0.4,0.4,0.4,12.100000000000005,0.20166666666666674
498,08:18,8,18,498,0.1,0.1,0.1,0.1,0.1,0.3,0.4,0.2,0.3,0.3,0.4,0.1,0.1,0.1,0.1,0.1,0.1,0.2,0.2,0.3,0.3,0.3,0.4,0.1,0.1,0.1,0.1,0.1,0.2,0.2,0.2,0.2,0.2,0.2,0.2,0.3,0.3,0.3,0.3,0.3,0.3,0.3,0.3,0.3,0.4,0.4,0.4,0.4,0.4,0.4,0.4,12.100000000000005,0.20166666666666674
499,08:19,8,19,499,0.1,0.1,0.1,0.1,0.1,0.3,0.4,0.2,0.3,0.3,0.4,0.1,0.1,0.1,0.1,0.1,0.1,0.2,0.2,0.3,0.3,0.3,0.4,0.1,0.1,0.1,0.1,0.1,0.2,0.2,0.2,0.2,0.2,0.2,0.2,0.3,0.3,0.3,0.3,0.3,0.3,0.3,0.3,0.3,0.4,0.4,0.4,0.4,0.4,0.4,0.4,12.100000000000005,0.20166666666666674
500,08:20,8,20,500,0.1,0.1,0.1,0.1,0.1,0.3,0.4,0.2,0.3,0.3,0.4,0.1,0.1,0.1,0.1,0.1,0.1,0.2,0.2,0.3,0.3,0.3,0.4,0.1,0.1,0.1,0.1,0.1,0.2,0.2,0.2,0.2,0.2,0.2,0.2,0.3,0.3,0.3,0.3,0.3,0.3,0.3,0.3,0.3,0.4,0.4,0.4,0.4,0.4,0.4,0.4,12.100000000000005,0.20166666666666674
501,08:21,8,21,501,0.1,0.1,0.1,0.1,0.1,0.3,0.4,0.2,0.3,0.3,0.4,0.1,0.1,0.1,0.1,0.1,0.1,0.2,0.2,0.3,0.3,0.3,0.4,0.1,0.1,0.1,0.1,0.1,0.2,0.2,0.2,0.2,0.2,0.2,0.2,0.3,0.3,0.3,0.3,0.3,0.3,0.3,0.3,0.3,0.4,0.4,0.4,0.4,0.4,0.4,0.4,12.100000000000005,0.20166666666666674
502,08:22,8,22,502,0.1,0.1,0.1,0.1,0.1,0.3,0.4,0.2,0.3,0.3,0.4,0.1,0.1,0.1,0.1,0.1,0.1,0.2,0.2,0.3,0.3,0.3,0.4,0.1,0.1,0.1,0.1,0.1,0.2,0.2,0.2,0.2,0.2,0.2,0.2,0.3,0.3,0.3,0.3,0.3,0.3,0.3,0.3,0.3,0.4,0.4,0.4,0.4,0.4,0.4,0.4,12.100000000000005,0.20166666666666674
503,08:23,8,23,503,0.1,0.1,0.1,0.1,0.1,0.3,0.4,0.2,0.3,0.3,0.4,0.1,0.1,0.1,0.1,0.1,0.1,0.2,0.2,0.3,0.3,0.3,0.4,0.1,0.1,0.1,0.1,0.1,0.2,0.2,0.2,0.2,0.2,0.2,0.2,0.3,0.3,0.3,0.3,0.3,0.3,0.3,0.3,0.3,0.4,0.4,0.4,0.4,0.4,0.4,0.4,12.100000000000005,0.20166666666666674
504,08:24,8,24,504,0.1,0.1,0.1,0.1,0.1,0.3,0.4,0.2,0.3,0.3,0.4,0.1,0.1,0.1,0.1,0.1,0.1,0.2,0.2,0.3,0.3,0.3,0.4,0.1,0.1,0.1,0.1,0.1,0.2,0.2,0.2,0.2,0.2,0.2,0.2,0.3,0.3,0.3,0.3,0.3,0.3,0.3,0.3,0.3,0.4,0.4,0.4,0.4,0.4,0.4,0.4,12.100000000000005,0.20166666666666674
505,08:25,8,25,505,0.1,0.1,0.1,0.1,0.1,0.3,0.4,0.2,0.3,0.3,0.4,0.1,0.1,0.1,0.1,0.1,0.1,0.2,0.2,0.3,0.3,0.3,0.4,0.1,0.1,0.1,0.1,0.1,0.2,0.2,0.2,0.2,0.2,0.2,0.2,0.3,0.3,0.3,0.3,0.3,0.3,0.3,0.3,0.3,0.4,0.4,0.4,0.4,0.4,0.4,0.4,12.100000000000005,0.20166666666666674
506,08:26,8,26,506,0.1,0.1,0.1,0.1,0.1,0.3,0.4,0.2,0.3,0.3,0.4,0.1,0.1,0.1,0.1,0.1,0.1,0.2,0.2,0.3,0.3,0.3,0.4,0.1,0.1,0.1,0.1,0.1,0.2,0.2,0.2,0.2,0.2,0.2,0.2,0.3,0.3,0.3,0.3,0.3,0.3,0.3,0.3,0.3,0.4,0.4,0.4,0.4,0.4,0.4,0.4,12.100000000000005,0.20166666666666674
507,08:27,8,27,507,0.1,0.1,0.1,0.1,0.1,0.3,0.4,0.2,0.3,0.3,0.4,0.1,0.1,0.1,0.1,0.1,0.1,0.2,0.2,0.3,0.3,0.3,0.4,0.1,0.1,0.1,0.1,0.1,0.2,0.2,0.2,0.2,0.2,0.2,0.2,0.3,0.3,0.3,0.3,0.3,0.3,0.3,0.3,0.3,0.4,0.4,0.4,0.4,0.4,0.4,0.4,12.100000000000005,0.20166666666666674
508,08:28,8,28,508,0.1,0.1,0.1,0.1,0.1,0.3,0.4,0.2,0.3,0.3,0.4,0.1,0.1,0.1,0.1,0.1,0.1,0.2,0.2,0.3,0.3,0.3,0.4,0.1,0.1,0.1,0.1,0.1,0.2,0.2,0.2,0.2,0.2,0.2,0.2,0.3,0.3,0.3,0.3,0.3,0.3,0.3,0.3,0.3,0.4,0.4,0.4,0.4,0.4,0.4,0.4,12.100000000000005,0.20166666666666674
509,08:29,8,29,509,0.1,0.1,0.1,0.1,0.1,0.3,0.4,0.2,0.3,0.3,0.4,0.1,0.1,0.1,0.1,0.1,0.1,0.2,0.2,0.3,0.3,0.3,0.4,0.1,0.1,0.1,0.1,0.1,0.2,0.2,0.2,0.2,0.2,0.2,0.2,0.3,0.3,0.3,0.3,0.3,0.3,0.3,0.3,0.3,0.4,0.4,0.4,0.4,0.4,0.4,0.4,12.100000000000005,0.20166666666666674
510,08:30,8,30,510,0.1,0.1,0.1,0.1,0.1,0.3,0.4,0.2,0.3,0.3,0.4,0.1,0.1,0.1,0.1,0.1,0.1,0.2,0.2,0.3,0.3,0.3,0.4,0.1,0.1,0.1,0.1,0.1,0.2,0.2,0.2,0.2,0.2,0.2,0.2,0.3,0.3,0.3,0.3,0.3,0.3,0.3,0.3,0.3,0.4,0.4,0.4,0.4,0.4,0.4,0.4,12.100000000000005,0.20166666666666674
511,08:31,8,31,511,0.1,0.1,0.1,0.1,0.1,0.3,0.4,0.2,0.3,0.3,0.4,0.1,0.1,0.1,0.1,0.1,0.1,0.2,0.2,0.3,0.3,0.3,0.4,0.1,0.1,0.1,0.1,0.1,0.2,0.2,0.2,0.2,0.2,0.2,0.2,0.3,0.3,0.3,0.3,0.3,0.3,0.3,0.3,0.3,0.4,0.4,0.4,0.4,0.4,0.4,0.4,12.100000000000005,0.20166666666666674
512,08:32,8,32,512,0.1,0.1,0.1,0.1,0.1,0.3,0.4,0.2,0.3,0.3,0.4,0.1,0.1,0.1,0.1,0.1,0.1,0.2,0.2,0.3,0.3,0.3,0.4,0.1,0.1,0.1,0.1,0.1,0.2,0.2,0.2,0.2,0.2,0.2,0.2,0.3,0.3,0.3,0.3,0.3,0.3,0.3,0.3,0.3,0.4,0.4,0.4,0.4,0.4,0.4,0.4,12.100000000000005,0.20166666666666674
513,08:33,8,33,513,0.1,0.1,0.1,0.1,0.1,0.3,0.4,0.2,0.3,0.3,0.4,0.1,0.1,0.1,0.1,0.1,0.1,0.2,0.2,0.3,0.3,0.3,0.4,0.1,0.1,0.1,0.1,0.1,0.2,0.2,0.2,0.2,0.2,0.2,0.2,0.3,0.3,0.3,0.3,0.3,0.3,0.3,0.3,0.3,0.4,0.4,0.4,0.4,0.4,0.4,0.4,12.100000000000005,0.20166666666666674
514,08:34,8,34,514,0.1,0.1,0.1,0.1,0.1,0.3,0.4,0.2,0.3,0.3,0.4,0.1,0.1,0.1,0.1,0.1,0.1,0.2,0.2,0.3,0.3,0.3,0.4,0.1,0.1,0.1,0.1,0.1,0.2,0.2,0.2,0.2,0.2,0.2,0.2,0.3,0.3,0.3,0.3,0.3,0.3,0.3,0.3,0.3,0.4,0.4,0.4,0.4,0.4,0.4,0.4,12.100000000000005,0.20166666666666674
515,08:35,8,35,515,0.1,0.1,0.1,0.1,0.1,0.3,0.4,0.2,0.3,0.3,0.4,0.1,0.1,0.1,0.1,0.1,0.1,0.2,0.2,0.3,0.3,0.3,0.4,0.1,0.1,0.1,0.1,0.1,0.2,0.2,0.2,0.2,0.2,0.2,0.2,0.3,0.3,0.3,0.3,0.3,0.3,0.3,0.3,0.3,0.4,0.4,0.4,0.4,0.4,0.4,0.4,12.100000000000005,0.20166666666666674
516,08:36,8,36,516,0.1,0.1,0.1,0.1,0.1,0.3,0.4,0.2,0.3,0.3,0.4,0.1,0.1,0.1,0.1,0.1,0.1,0.2,0.2,0.3,0.3,0.3,0.4,0.1,0.1,0.1,0.1,0.1,0.2,0.2,0.2,0.2,0.2,0.2,0.2,0.3,0.3,0.3,0.3,0.3,0.3,0.3,0.3,0.3,0.4,0.4,0.4,0.4,0.4,0.4,0.4,12.100000000000005,0.20166666666666674
517,08:37,8,37,517,0.1,0.1,0.1,0.1,0.1,0.3,0.4,0.2,0.3,0.3,0.4,0.1,0.1,0.1,0.1,0.1,0.1,0.2,0.2,0.3,0.3,0.3,0.4,0.1,0.1,0.1,0.1,0.1,0.2,0.2,0.2,0.2,0.2,0.2,0.2,0.3,0.3,0.3,0.3,0.3,0.3,0.3,0.3,0.3,0.4,0.4,0.4,0.4,0.4,0.4,0.4,12.100000000000005,0.20166666666666674
518,08:38,8,38,518,0.1,0.1,0.1,0.1,0.1,0.3,0.4,0.2,0.3,0.3,0.4,0.1,0.1,0.1,0.1,0.1,0.1,0.2,0.2,0.3,0.3,0.3,0.4,0.1,0.1,0.1,0.1,0.1,0.2,0.2,0.2,0.2,0.2,0.2,0.2,0.3,0.3,0.3,0.3,0.3,0.3,0.3,0.3,0.3,0.4,0.4,0.4,0.4,0.4,0.4,0.4,12.100000000000005,0.20166666666666674
519,08:39,8,39,519,0.1,0.1,0.1,0.1,0.1,0.3,0.4,0.2,0.3,0.3,0.4,0.1,0.1,0.1,0.1,0.1,0.1,0.2,0.2,0.3,0.3,0.3,0.4,0.1,0.1,0.1,0.1,0.1,0.2,0.2,0.2,0.2,0.2,0.2,0.2,0.3,0.3,0.3,0.3,0.3,0.3,0.3,0.3,0.3,0.4,0.4,0.4,0.4,0.4,0.4,0.4,12.100000000000005,0.20166666666666674
520,08:40,8,40,520,0.1,0.1,0.1,0.1,0.1,0.3,0.4,0.2,0.3,0.3,0.4,0.1,0.1,0.1,0.1,0.1,0.1,0.2,0.2,0.3,0.3,0.3,0.4,0.1,0.1,0.1,0.1,0.1,0.2,0.2,0.2,0.2,0.2,0.2,0.2,0.3,0.3,0.3,0.3,0.3,0.3,0.3,0.3,0.3,0.4,0.4,0.4,0.4,0.4,0.4,0.4,12.100000000000005,0.20166666666666674
521,08:41,8,41,521,0.1,0.1,0.1,0.1,0.1,0.3,0.4,0.2,0.3,0.3,0.4,0.1,0.1,0.1,0.1,0.1,0.1,0.2,0.2,0.3,0.3,0.3,0.4,0.1,0.1,0.1,0.1,0.1,0.2,0.2,0.2,0.2,0.2,0.2,0.2,0.3,0.3,0.3,0.3,0.3,0.3,0.3,0.3,0.3,0.4,0.4,0.4,0.4,0.4,0.4,0.4,12.100000000000005,0.20166666666666674
522,08:42,8,42,522,0.1,0.1,0.1,0.1,0.1,0.3,0.4,0.2,0.3,0.3,0.4,0.1,0.1,0.1,0.1,0.1,0.1,0.2,0.2,0.3,0.3,0.3,0.4,0.1,0.1,0.1,0.1,0.1,0.2,0.2,0.2,0.2,0.2,0.2,0.2,0.3,0.3,0.3,0.3,0.3,0.3,0.3,0.3,0.3,0.4,0.4,0.4,0.4,0.4,0.4,0.4,12.100000000000005,0.20166666666666674
523,08:43,8,43,523,0.1,0.1,0.1,0.1,0.1,0.3,0.4,0.2,0.3,0.3,0.4,0.1,0.1,0.1,0.1,0.1,0.1,0.2,0.2,0.3,0.3,0.3,0.4,0.1,0.1,0.1,0.1,0.1,0.2,0.2,0.2,0.2,0.2,0.2,0.2,0.3,0.3,0.3,0.3,0.3,0.3,0.3,0.3,0.3,0.4,0.4,0.4,0.4,0.4,0.4,0.4,12.100000000000005,0.20166666666666674
524,08:44,8,44,524,0.1,0.1,0.1,0.1,0.1,0.3,0.4,0.2,0.3,0.3,0.4,0.1,0.1,0.1,0.1,0.1,0.1,0.2,0.2,0.3,0.3,0.3,0.4,0.1,0.1,0.1,0.1,0.1,0.2,0.2,0.2,0.2,0.2,0.2,0.2,0.3,0.3,0.3,0.3,0.3,0.3,0.3,0.3,0.3,0.4,0.4,0.4,0.4,0.4,0.4,0.4,12.100000000000005,0.20166666666666674
525,08:45,8,45,525,0.1,0.1,0.1,0.1,0.1,0.3,0.4,0.2,0.3,0.3,0.4,0.1,0.1,0.1,0.1,0.1,0.1,0.2,0.2,0.3,0.3,0.3,0.4,0.1,0.1,0.1,0.1,0.1,0.2,0.2,0.2,0.2,0.2,0.2,0.2,0.3,0.3,0.3,0.3,0.3,0.3,0.3,0.3,0.3,0.4,0.4,0.4,0.4,0.4,0.4,0.4,12.100000000000005,0.20166666666666674
526,08:46,8,46,526,0.1,0.1,0.1,0.1,0.1,0.3,0.4,0.2,0.3,0.3,0.4,0.1,0.1,0.1,0.1,0.1,0.1,0.2,0.2,0.3,0.3,0.3,0.4,0.1,0.1,0.1,0.1,0.1,0.2,0.2,0.2,0.2,0.2,0.2,0.2,0.3,0.3,0.3,0.3,0.3,0.3,0.3,0.3,0.3,0.4,0.4,0.4,0.4,0.4,0.4,0.4,12.100000000000005,0.20166666666666674
527,08:47,8,47,527,0.1,0.1,0.1,0.1,0.1,0.3,0.4,0.2,0.3,0.3,0.4,0.1,0.1,0.1,0.1,0.1,0.1,0.2,0.2,0.3,0.3,0.3,0.4,0.1,0.1,0.1,0.1,0.1,0.2,0.2,0.2,0.2,0.2,0.2,0.2,0.3,0.3,0.3,0.3,0.3,0.3,0.3,0.3,0.3,0.4,0.4,0.4,0.4,0.4,0.4,0.4,12.100000000000005,0.20166666666666674
528,08:48,8,48,528,0.1,0.1,0.1,0.1,0.1,0.3,0.4,0.2,0.3,0.3,0.4,0.1,0.1,0.1,0.1,0.1,0.1,0.2,0.2,0.3,0.3,0.3,0.4,0.1,0.1,0.1,0.1,0.1,0.2,0.2,0.2,0.2,0.2,0.2,0.2,0.3,0.3,0.3,0.3,0.3,0.3,0.3,0.3,0.3,0.4,0.4,0.4,0.4,0.4,0.4,0.4,12.100000000000005,0.20166666666666674
529,08:49,8,49,529,0.1,0.1,0.1,0.1,0.1,0.3,0.4,0.2,0.3,0.3,0.4,0.1,0.1,0.1,0.1,0.1,0.1,0.2,0.2,0.3,0.3,0.3,0.4,0.1,0.1,0.1,0.1,0.1,0.2,0.2,0.2,0.2,0.2,0.2,0.2,0.3,0.3,0.3,0.3,0.3,0.3,0.3,0.3,0.3,0.4,0.4,0.4,0.4,0.4,0.4,0.4,12.100000000000005,0.20166666666666674
530,08:50,8,50,530,0.1,0.1,0.1,0.1,0.1,0.3,0.4,0.2,0.3,0.3,0.4,0.1,0.1,0.1,0.1,0.1,0.1,0.2,0.2,0.3,0.3,0.3,0.4,0.1,0.1,0.1,0.1,0.1,0.2,0.2,0.2,0.2,0.2,0.2,0.2,0.3,0.3,0.3,0.3,0.3,0.3,0.3,0.3,0.3,0.4,0.4,0.4,0.4,0.4,0.4,0.4,12.100000000000005,0.20166666666666674
531,08:51,8,51,531,0.1,0.1,0.1,0.1,0.1,0.3,0.4,0.2,0.3,0.3,0.4,0.1,0.1,0.1,0.1,0.1,0.1,0.2,0.2,0.3,0.3,0.3,0.4,0.1,0.1,0.1,0.1,0.1,0.2,0.2,0.2,0.2,0.2,0.2,0.2,0.3,0.3,0.3,0.3,0.3,0.3,0.3,0.3,0.3,0.4,0.4,0.4,0.4,0.4,0.4,0.4,12.100000000000005,0.20166666666666674
532,08:52,8,52,532,0.1,0.1,0.1,0.1,0.1,0.3,0.4,0.2,0.3,0.3,0.4,0.1,0.1,0.1,0.1,0.1,0.1,0.2,0.2,0.3,0.3,0.3,0.4,0.1,0.1,0.1,0.1,0.1,0.2,0.2,0.2,0.2,0.2,0.2,0.2,0.3,0.3,0.3,0.3,0.3,0.3,0.3,0.3,0.3,0.4,0.4,0.4,0.4,0.4,0.4,0.4,12.100000000000005,0.20166666666666674
533,08:53,8,53,533,0.1,0.1,0.1,0.1,0.1,0.3,0.4,0.2,0.3,0.3,0.4,0.1,0.1,0.1,0.1,0.1,0.1,0.2,0.2,0.3,0.3,0.3,0.4,0.1,0.1,0.1,0.1,0.1,0.2,0.2,0.2,0.2,0.2,0.2,0.2,0.3,0.3,0.3,0.3,0.3,0.3,0.3,0.3,0.3,0.4,0.4,0.4,0.4,0.4,0.4,0.4,12.100000000000005,0.20166666666666674
534,08:54,8,54,534,0.1,0.1,0.1,0.1,0.1,0.3,0.4,0.2,0.3,0.3,0.4,0.1,0.1,0.1,0.1,0.1,0.1,0.2,0.2,0.3,0.3,0.3,0.4,0.1,0.1,0.1,0.1,0.1,0.2,0.2,0.2,0.2,0.2,0.2,0.2,0.3,0.3,0.3,0.3,0.3,0.3,0.3,0.3,0.3,0.4,0.4,0.4,0.4,0.4,0.4,0.4,12.100000000000005,0.20166666666666674
535,08:55,8,55,535,0.1,0.1,0.1,0.1,0.1,0.3,0.4,0.2,0.3,0.3,0.4,0.1,0.1,0.1,0.1,0.1,0.1,0.2,0.2,0.3,0.3,0.3,0.4,0.1,0.1,0.1,0.1,0.1,0.2,0.2,0.2,0.2,0.2,0.2,0.2,0.3,0.3,0.3,0.3,0.3,0.3,0.3,0.3,0.3,0.4,0.4,0.4,0.4,0.4,0.4,0.4,12.100000000000005,0.20166666666666674
536,08:56,8,56,536,0.1,0.1,0.1,0.1,0.1,0.3,0.4,0.2,0.3,0.3,0.4,0.1,0.1,0.1,0.1,0.1,0.1,0.2,0.2,0.3,0.3,0.3,0.4,0.1,0.1,0.1,0.1,0.1,0.2,0.2,0.2,0.2,0.2,0.2,0.2,0.3,0.3,0.3,0.3,0.3,0.3,0.3,0.3,0.3,0.4,0.4,0.4,0.4,0.4,0.4,0.4,12.100000000000005,0.20166666666666674
537,08:57,8,57,537,0.1,0.1,0.1,0.1,0.1,0.3,0.4,0.2,0.3,0.3,0.4,0.1,0.1,0.1,0.1,0.1,0.1,0.2,0.2,0.3,0.3,0.3,0.4,0.1,0.1,0.1,0.1,0.1,0.2,0.2,0.2,0.2,0.2,0.2,0.2,0.3,0.3,0.3,0.3,0.3,0.3,0.3,0.3,0.3,0.4,0.4,0.4,0.4,0.4,0.4,0.4,12.100000000000005,0.20166666666666674
538,08:58,8,58,538,0.1,0.1,0.1,0.1,0.1,0.3,0.4,0.2,0.3,0.3,0.4,0.1,0.1,0.1,0.1,0.1,0.1,0.2,0.2,0.3,0.3,0.3,0.4,0.1,0.1,0.1,0.1,0.1,0.2,0.2,0.2,0.2,0.2,0.2,0.2,0.3,0.3,0.3,0.3,0.3,0.3,0.3,0.3,0.3,0.4,0.4,0.4,0.4,0.4,0.4,0.4,12.100000000000005,0.20166666666666674
539,08:59,8,59,539,0.1,0.1,0.1,0.1,0.1,0.3,0.4,0.2,0.3,0.3,0.4,0.1,0.1,0.1,0.1,0.1,0.1,0.2,0.2,0.3,0.3,0.3,0.4,0.1,0.1,0.1,0.1,0.1,0.2,0.2,0.2,0.2,0.2,0.2,0.2,0.3,0.3,0.3,0.3,0.3,0.3,0.3,0.3,0.3,0.4,0.4,0.4,0.4,0.4,0.4,0.4,12.100000000000005,0.20166666666666674
540,09:00,9,0,540,0.1,0.1,0.1,0.1,0.1,0.3,0.4,0.2,0.3,0.3,0.4,0.1,0.1,0.1,0.1,0.1,0.1,0.2,0.2,0.3,0.3,0.3,0.4,0.1,0.1,0.1,0.1,0.1,0.2,0.2,0.2,0.2,0.2,0.2,0.2,0.3,0.3,0.3,0.3,0.3,0.3,0.3,0.3,0.3,0.4,0.4,0.4,0.4,0.4,0.4,0.4,12.100000000000005,0.20166666666666674
541,09:01,9,1,541,0.1,0.1,0.1,0.1,0.1,0.3,0.4,0.2,0.3,0.3,0.4,0.1,0.1,0.1,0.1,0.1,0.1,0.2,0.2,0.3,0.3,0.3,0.4,0.1,0.1,0.1,0.1,0.1,0.2,0.2,0.2,0.2,0.2,0.2,0.2,0.3,0.3,0.3,0.3,0.3,0.3,0.3,0.3,0.3,0.4,0.4,0.4,0.4,0.4,0.4,0.4,12.100000000000005,0.20166666666666674
542,09:02,9,2,542,0.1,0.1,0.1,0.1,0.1,0.3,0.4,0.2,0.3,0.3,0.4,0.1,0.1,0.1,0.1,0.1,0.1,0.2,0.2,0.3,0.3,0.3,0.4,0.1,0.1,0.1,0.1,0.1,0.2,0.2,0.2,0.2,0.2,0.2,0.2,0.3,0.3,0.3,0.3,0.3,0.3,0.3,0.3,0.3,0.4,0.4,0.4,0.4,0.4,0.4,0.4,12.100000000000005,0.20166666666666674
543,09:03,9,3,543,0.1,0.1,0.1,0.1,0.1,0.3,0.4,0.2,0.3,0.3,0.4,0.1,0.1,0.1,0.1,0.1,0.1,0.2,0.2,0.3,0.3,0.3,0.4,0.1,0.1,0.1,0.1,0.1,0.2,0.2,0.2,0.2,0.2,0.2,0.2,0.3,0.3,0.3,0.3,0.3,0.3,0.3,0.3,0.3,0.4,0.4,0.4,0.4,0.4,0.4,0.4,12.100000000000005,0.20166666666666674
544,09:04,9,4,544,0.1,0.1,0.1,0.1,0.1,0.3,0.4,0.2,0.3,0.3,0.4,0.1,0.1,0.1,0.1,0.1,0.1,0.2,0.2,0.3,0.3,0.3,0.4,0.1,0.1,0.1,0.1,0.1,0.2,0.2,0.2,0.2,0.2,0.2,0.2,0.3,0.3,0.3,0.3,0.3,0.3,0.3,0.3,0.3,0.4,0.4,0.4,0.4,0.4,0.4,0.4,12.100000000000005,0.20166666666666674
545,09:05,9,5,545,0.1,0.1,0.1,0.1,0.1,0.3,0.4,0.2,0.3,0.3,0.4,0.1,0.1,0.1,0.1,0.1,0.1,0.2,0.2,0.3,0.3,0.3,0.4,0.1,0.1,0.1,0.1,0.1,0.2,0.2,0.2,0.2,0.2,0.2,0.2,0.3,0.3,0.3,0.3,0.3,0.3,0.3,0.3,0.3,0.4,0.4,0.4,0.4,0.4,0.4,0.4,12.100000000000005,0.20166666666666674
546,09:06,9,6,546,0.1,0.1,0.1,0.1,0.1,0.3,0.4,0.2,0.3,0.3,0.4,0.1,0.1,0.1,0.1,0.1,0.1,0.2,0.2,0.3,0.3,0.3,0.4,0.1,0.1,0.1,0.1,0.1,0.2,0.2,0.2,0.2,0.2,0.2,0.2,0.3,0.3,0.3,0.3,0.3,0.3,0.3,0.3,0.3,0.4,0.4,0.4,0.4,0.4,0.4,0.4,12.100000000000005,0.20166666666666674
547,09:07,9,7,547,0.1,0.1,0.1,0.1,0.1,0.3,0.4,0.2,0.3,0.3,0.4,0.1,0.1,0.1,0.1,0.1,0.1,0.2,0.2,0.3,0.3,0.3,0.4,0.1,0.1,0.1,0.1,0.1,0.2,0.2,0.2,0.2,0.2,0.2,0.2,0.3,0.3,0.3,0.3,0.3,0.3,0.3,0.3,0.3,0.4,0.4,0.4,0.4,0.4,0.4,0.4,12.100000000000005,0.20166666666666674
548,09:08,9,8,548,0.1,0.1,0.1,0.1,0.1,0.3,0.4,0.2,0.3,0.3,0.4,0.1,0.1,0.1,0.1,0.1,0.1,0.2,0.2,0.3,0.3,0.3,0.4,0.1,0.1,0.1,0.1,0.1,0.2,0.2,0.2,0.2,0.2,0.2,0.2,0.3,0.3,0.3,0.3,0.3,0.3,0.3,0.3,0.3,0.4,0.4,0.4,0.4,0.4,0.4,0.4,12.100000000000005,0.20166666666666674
549,09:09,9,9,549,0.1,0.1,0.1,0.1,0.1,0.3,0.4,0.2,0.3,0.3,0.4,0.1,0.1,0.1,0.1,0.1,0.1,0.2,0.2,0.3,0.3,0.3,0.4,0.1,0.1,0.1,0.1,0.1,0.2,0.2,0.2,0.2,0.2,0.2,0.2,0.3,0.3,0.3,0.3,0.3,0.3,0.3,0.3,0.3,0.4,0.4,0.4,0.4,0.4,0.4,0.4,12.100000000000005,0.20166666666666674
550,09:10,9,10,550,0.1,0.1,0.1,0.1,0.1,0.3,0.4,0.2,0.3,0.3,0.4,0.1,0.1,0.1,0.1,0.1,0.1,0.2,0.2,0.3,0.3,0.3,0.4,0.1,0.1,0.1,0.1,0.1,0.2,0.2,0.2,0.2,0.2,0.2,0.2,0.3,0.3,0.3,0.3,0.3,0.3,0.3,0.3,0.3,0.4,0.4,0.4,0.4,0.4,0.4,0.4,12.100000000000005,0.20166666666666674
551,09:11,9,11,551,0.1,0.1,0.1,0.1,0.1,0.3,0.4,0.2,0.3,0.3,0.4,0.1,0.1,0.1,0.1,0.1,0.1,0.2,0.2,0.3,0.3,0.3,0.4,0.1,0.1,0.1,0.1,0.1,0.2,0.2,0.2,0.2,0.2,0.2,0.2,0.3,0.3,0.3,0.3,0.3,0.3,0.3,0.3,0.3,0.4,0.4,0.4,0.4,0.4,0.4,0.4,12.100000000000005,0.20166666666666674
552,09:12,9,12,552,0.1,0.1,0.1,0.1,0.1,0.3,0.4,0.2,0.3,0.3,0.4,0.1,0.1,0.1,0.1,0.1,0.1,0.2,0.2,0.3,0.3,0.3,0.4,0.1,0.1,0.1,0.1,0.1,0.2,0.2,0.2,0.2,0.2,0.2,0.2,0.3,0.3,0.3,0.3,0.3,0.3,0.3,0.3,0.3,0.4,0.4,0.4,0.4,0.4,0.4,0.4,12.100000000000005,0.20166666666666674
553,09:13,9,13,553,0.1,0.1,0.1,0.1,0.1,0.3,0.4,0.2,0.3,0.3,0.4,0.1,0.1,0.1,0.1,0.1,0.1,0.2,0.2,0.3,0.3,0.3,0.4,0.1,0.1,0.1,0.1,0.1,0.2,0.2,0.2,0.2,0.2,0.2,0.2,0.3,0.3,0.3,0.3,0.3,0.3,0.3,0.3,0.3,0.4,0.4,0.4,0.4,0.4,0.4,0.4,12.100000000000005,0.20166666666666674
554,09:14,9,14,554,0.1,0.1,0.1,0.1,0.1,0.3,0.4,0.2,0.3,0.3,0.4,0.1,0.1,0.1,0.1,0.1,0.1,0.2,0.2,0.3,0.3,0.3,0.4,0.1,0.1,0.1,0.1,0.1,0.2,0.2,0.2,0.2,0.2,0.2,0.2,0.3,0.3,0.3,0.3,0.3,0.3,0.3,0.3,0.3,0.4,0.4,0.4,0.4,0.4,0.4,0.4,12.100000000000005,0.20166666666666674
555,09:15,9,15,555,0.1,0.1,0.1,0.1,0.1,0.3,0.4,0.2,0.3,0.3,0.4,0.1,0.1,0.1,0.1,0.1,0.1,0.2,0.2,0.3,0.3,0.3,0.4,0.1,0.1,0.1,0.1,0.1,0.2,0.2,0.2,0.2,0.2,0.2,0.2,0.3,0.3,0.3,0.3,0.3,0.3,0.3,0.3,0.3,0.4,0.4,0.4,0.4,0.4,0.4,0.4,12.100000000000005,0.20166666666666674
556,09:16,9,16,556,0.1,0.1,0.1,0.1,0.1,0.3,0.4,0.2,0.3,0.3,0.4,0.1,0.1,0.1,0.1,0.1,0.1,0.2,0.2,0.3,0.3,0.3,0.4,0.1,0.1,0.1,0.1,0.1,0.2,0.2,0.2,0.2,0.2,0.2,0.2,0.3,0.3,0.3,0.3,0.3,0.3,0.3,0.3,0.3,0.4,0.4,0.4,0.4,0.4,0.4,0.4,12.100000000000005,0.20166666666666674
557,09:17,9,17,557,0.1,0.1,0.1,0.1,0.1,0.3,0.4,0.2,0.3,0.3,0.4,0.1,0.1,0.1,0.1,0.1,0.1,0.2,0.2,0.3,0.3,0.3,0.4,0.1,0.1,0.1,0.1,0.1,0.2,0.2,0.2,0.2,0.2,0.2,0.2,0.3,0.3,0.3,0.3,0.3,0.3,0.3,0.3,0.3,0.4,0.4,0.4,0.4,0.4,0.4,0.4,12.100000000000005,0.20166666666666674
558,09:18,9,18,558,0.1,0.1,0.1,0.1,0.1,0.3,0.4,0.2,0.3,0.3,0.4,0.1,0.1,0.1,0.1,0.1,0.1,0.2,0.2,0.3,0.3,0.3,0.4,0.1,0.1,0.1,0.1,0.1,0.2,0.2,0.2,0.2,0.2,0.2,0.2,0.3,0.3,0.3,0.3,0.3,0.3,0.3,0.3,0.3,0.4,0.4,0.4,0.4,0.4,0.4,0.4,12.100000000000005,0.20166666666666674
559,09:19,9,19,559,0.1,0.1,0.1,0.1,0.1,0.3,0.4,0.2,0.3,0.3,0.4,0.1,0.1,0.1,0.1,0.1,0.1,0.2,0.2,0.3,0.3,0.3,0.4,0.1,0.1,0.1,0.1,0.1,0.2,0.2,0.2,0.2,0.2,0.2,0.2,0.3,0.3,0.3,0.3,0.3,0.3,0.3,0.3,0.3,0.4,0.4,0.4,0.4,0.4,0.4,0.4,12.100000000000005,0.20166666666666674
560,09:20,9,20,560,0.1,0.1,0.1,0.1,0.1,0.3,0.4,0.2,0.3,0.3,0.4,0.1,0.1,0.1,0.1,0.1,0.1,0.2,0.2,0.3,0.3,0.3,0.4,0.1,0.1,0.1,0.1,0.1,0.2,0.2,0.2,0.2,0.2,0.2,0.2,0.3,0.3,0.3,0.3,0.3,0.3,0.3,0.3,0.3,0.4,0.4,0.4,0.4,0.4,0.4,0.4,12.100000000000005,0.20166666666666674
561,09:21,9,21,561,0.1,0.1,0.1,0.1,0.1,0.3,0.4,0.2,0.3,0.3,0.4,0.1,0.1,0.1,0.1,0.1,0.1,0.2,0.2,0.3,0.3,0.3,0.4,0.1,0.1,0.1,0.1,0.1,0.2,0.2,0.2,0.2,0.2,0.2,0.2,0.3,0.3,0.3,0.3,0.3,0.3,0.3,0.3,0.3,0.4,0.4,0.4,0.4,0.4,0.4,0.4,12.100000000000005,0.20166666666666674
562,09:22,9,22,562,0.1,0.1,0.1,0.1,0.1,0.3,0.4,0.2,0.3,0.3,0.4,0.1,0.1,0.1,0.1,0.1,0.1,0.2,0.2,0.3,0.3,0.3,0.4,0.1,0.1,0.1,0.1,0.1,0.2,0.2,0.2,0.2,0.2,0.2,0.2,0.3,0.3,0.3,0.3,0.3,0.3,0.3,0.3,0.3,0.4,0.4,0.4,0.4,0.4,0.4,0.4,12.100000000000005,0.20166666666666674
563,09:23,9,23,563,0.1,0.1,0.1,0.1,0.1,0.3,0.4,0.2,0.3,0.3,0.4,0.1,0.1,0.1,0.1,0.1,0.1,0.2,0.2,0.3,0.3,0.3,0.4,0.1,0.1,0.1,0.1,0.1,0.2,0.2,0.2,0.2,0.2,0.2,0.2,0.3,0.3,0.3,0.3,0.3,0.3,0.3,0.3,0.3,0.4,0.4,0.4,0.4,0.4,0.4,0.4,12.100000000000005,0.20166666666666674
564,09:24,9,24,564,0.1,0.1,0.1,0.1,0.1,0.3,0.4,0.2,0.3,0.3,0.4,0.1,0.1,0.1,0.1,0.1,0.1,0.2,0.2,0.3,0.3,0.3,0.4,0.1,0.1,0.1,0.1,0.1,0.2,0.2,0.2,0.2,0.2,0.2,0.2,0.3,0.3,0.3,0.3,0.3,0.3,0.3,0.3,0.3,0.4,0.4,0.4,0.4,0.4,0.4,0.4,12.100000000000005,0.20166666666666674
565,09:25,9,25,565,0.1,0.1,0.1,0.1,0.1,0.3,0.4,0.2,0.3,0.3,0.4,0.1,0.1,0.1,0.1,0.1,0.1,0.2,0.2,0.3,0.3,0.3,0.4,0.1,0.1,0.1,0.1,0.1,0.2,0.2,0.2,0.2,0.2,0.2,0.2,0.3,0.3,0.3,0.3,0.3,0.3,0.3,0.3,0.3,0.4,0.4,0.4,0.4,0.4,0.4,0.4,12.100000000000005,0.20166666666666674
566,09:26,9,26,566,0.1,0.1,0.1,0.1,0.1,0.3,0.4,0.2,0.3,0.3,0.4,0.1,0.1,0.1,0.1,0.1,0.1,0.2,0.2,0.3,0.3,0.3,0.4,0.1,0.1,0.1,0.1,0.1,0.2,0.2,0.2,0.2,0.2,0.2,0.2,0.3,0.3,0.3,0.3,0.3,0.3,0.3,0.3,0.3,0.4,0.4,0.4,0.4,0.4,0.4,0.4,12.100000000000005,0.20166666666666674
567,09:27,9,27,567,0.1,0.1,0.1,0.1,0.1,0.3,0.4,0.2,0.3,0.3,0.4,0.1,0.1,0.1,0.1,0.1,0.1,0.2,0.2,0.3,0.3,0.3,0.4,0.1,0.1,0.1,0.1,0.1,0.2,0.2,0.2,0.2,0.2,0.2,0.2,0.3,0.3,0.3,0.3,0.3,0.3,0.3,0.3,0.3,0.4,0.4,0.4,0.4,0.4,0.4,0.4,12.100000000000005,0.20166666666666674
568,09:28,9,28,568,0.1,0.1,0.1,0.1,0.1,0.3,0.4,0.2,0.3,0.3,0.4,0.1,0.1,0.1,0.1,0.1,0.1,0.2,0.2,0.3,0.3,0.3,0.4,0.1,0.1,0.1,0.1,0.1,0.2,0.2,0.2,0.2,0.2,0.2,0.2,0.3,0.3,0.3,0.3,0.3,0.3,0.3,0.3,0.3,0.4,0.4,0.4,0.4,0.4,0.4,0.4,12.100000000000005,0.20166666666666674
569,09:29,9,29,569,0.1,0.1,0.1,0.1,0.1,0.3,0.4,0.2,0.3,0.3,0.4,0.1,0.1,0.1,0.1,0.1,0.1,0.2,0.2,0.3,0.3,0.3,0.4,0.1,0.1,0.1,0.1,0.1,0.2,0.2,0.2,0.2,0.2,0.2,0.2,0.3,0.3,0.3,0.3,0.3,0.3,0.3,0.3,0.3,0.4,0.4,0.4,0.4,0.4,0.4,0.4,12.100000000000005,0.20166666666666674
570,09:30,9,30,570,0.1,0.1,0.1,0.1,0.1,0.3,0.4,0.2,0.3,0.3,0.4,0.1,0.1,0.1,0.1,0.1,0.1,0.2,0.2,0.3,0.3,0.3,0.4,0.1,0.1,0.1,0.1,0.1,0.2,0.2,0.2,0.2,0.2,0.2,0.2,0.3,0.3,0.3,0.3,0.3,0.3,0.3,0.3,0.3,0.4,0.4,0.4,0.4,0.4,0.4,0.4,12.100000000000005,0.20166666666666674
571,09:31,9,31,571,0.1,0.1,0.1,0.1,0.1,0.3,0.4,0.2,0.3,0.3,0.4,0.1,0.1,0.1,0.1,0.1,0.1,0.2,0.2,0.3,0.3,0.3,0.4,0.1,0.1,0.1,0.1,0.1,0.2,0.2,0.2,0.2,0.2,0.2,0.2,0.3,0.3,0.3,0.3,0.3,0.3,0.3,0.3,0.3,0.4,0.4,0.4,0.4,0.4,0.4,0.4,12.100000000000005,0.20166666666666674
572,09:32,9,32,572,0.1,0.1,0.1,0.1,0.1,0.3,0.4,0.2,0.3,0.3,0.4,0.1,0.1,0.1,0.1,0.1,0.1,0.2,0.2,0.3,0.3,0.3,0.4,0.1,0.1,0.1,0.1,0.1,0.2,0.2,0.2,0.2,0.2,0.2,0.2,0.3,0.3,0.3,0.3,0.3,0.3,0.3,0.3,0.3,0.4,0.4,0.4,0.4,0.4,0.4,0.4,12.100000000000005,0.20166666666666674
573,09:33,9,33,573,0.1,0.1,0.1,0.1,0.1,0.3,0.4,0.2,0.3,0.3,0.4,0.1,0.1,0.1,0.1,0.1,0.1,0.2,0.2,0.3,0.3,0.3,0.4,0.1,0.1,0.1,0.1,0.1,0.2,0.2,0.2,0.2,0.2,0.2,0.2,0.3,0.3,0.3,0.3,0.3,0.3,0.3,0.3,0.3,0.4,0.4,0.4,0.4,0.4,0.4,0.4,12.100000000000005,0.20166666666666674
574,09:34,9,34,574,0.1,0.1,0.1,0.1,0.1,0.3,0.4,0.2,0.3,0.3,0.4,0.1,0.1,0.1,0.1,0.1,0.1,0.2,0.2,0.3,0.3,0.3,0.4,0.1,0.1,0.1,0.1,0.1,0.2,0.2,0.2,0.2,0.2,0.2,0.2,0.3,0.3,0.3,0.3,0.3,0.3,0.3,0.3,0.3,0.4,0.4,0.4,0.4,0.4,0.4,0.4,12.100000000000005,0.20166666666666674
575,09:35,9,35,575,0.1,0.1,0.1,0.1,0.1,0.3,0.4,0.2,0.3,0.3,0.4,0.1,0.1,0.1,0.1,0.1,0.1,0.2,0.2,0.3,0.3,0.3,0.4,0.1,0.1,0.1,0.1,0.1,0.2,0.2,0.2,0.2,0.2,0.2,0.2,0.3,0.3,0.3,0.3,0.3,0.3,0.3,0.3,0.3,0.4,0.4,0.4,0.4,0.4,0.4,0.4,12.100000000000005,0.20166666666666674
576,09:36,9,36,576,0.1,0.1,0.1,0.1,0.1,0.3,0.4,0.2,0.3,0.3,0.4,0.1,0.1,0.1,0.1,0.1,0.1,0.2,0.2,0.3,0.3,0.3,0.4,0.1,0.1,0.1,0.1,0.1,0.2,0.2,0.2,0.2,0.2,0.2,0.2,0.3,0.3,0.3,0.3,0.3,0.3,0.3,0.3,0.3,0.4,0.4,0.4,0.4,0.4,0.4,0.4,12.100000000000005,0.20166666666666674
577,09:37,9,37,577,0.1,0.1,0.1,0.1,0.1,0.3,0.4,0.2,0.3,0.3,0.4,0.1,0.1,0.1,0.1,0.1,0.1,0.2,0.2,0.3,0.3,0.3,0.4,0.1,0.1,0.1,0.1,0.1,0.2,0.2,0.2,0.2,0.2,0.2,0.2,0.3,0.3,0.3,0.3,0.3,0.3,0.3,0.3,0.3,0.4,0.4,0.4,0.4,0.4,0.4,0.4,12.100000000000005,0.20166666666666674
578,09:38,9,38,578,0.1,0.1,0.1,0.1,0.1,0.3,0.4,0.2,0.3,0.3,0.4,0.1,0.1,0.1,0.1,0.1,0.1,0.2,0.2,0.3,0.3,0.3,0.4,0.1,0.1,0.1,0.1,0.1,0.2,0.2,0.2,0.2,0.2,0.2,0.2,0.3,0.3,0.3,0.3,0.3,0.3,0.3,0.3,0.3,0.4,0.4,0.4,0.4,0.4,0.4,0.4,12.100000000000005,0.20166666666666674
579,09:39,9,39,579,0.1,0.1,0.1,0.1,0.1,0.3,0.4,0.2,0.3,0.3,0.4,0.1,0.1,0.1,0.1,0.1,0.1,0.2,0.2,0.3,0.3,0.3,0.4,0.1,0.1,0.1,0.1,0.1,0.2,0.2,0.2,0.2,0.2,0.2,0.2,0.3,0.3,0.3,0.3,0.3,0.3,0.3,0.3,0.3,0.4,0.4,0.4,0.4,0.4,0.4,0.4,12.100000000000005,0.20166666666666674
580,09:40,9,40,580,0.1,0.1,0.1,0.1,0.1,0.3,0.4,0.2,0.3,0.3,0.4,0.1,0.1,0.1,0.1,0.1,0.1,0.2,0.2,0.3,0.3,0.3,0.4,0.1,0.1,0.1,0.1,0.1,0.2,0.2,0.2,0.2,0.2,0.2,0.2,0.3,0.3,0.3,0.3,0.3,0.3,0.3,0.3,0.3,0.4,0.4,0.4,0.4,0.4,0.4,0.4,12.100000000000005,0.20166666666666674
581,09:41,9,41,581,0.1,0.1,0.1,0.1,0.1,0.3,0.4,0.2,0.3,0.3,0.4,0.1,0.1,0.1,0.1,0.1,0.1,0.2,0.2,0.3,0.3,0.3,0.4,0.1,0.1,0.1,0.1,0.1,0.2,0.2,0.2,0.2,0.2,0.2,0.2,0.3,0.3,0.3,0.3,0.3,0.3,0.3,0.3,0.3,0.4,0.4,0.4,0.4,0.4,0.4,0.4,12.100000000000005,0.20166666666666674
582,09:42,9,42,582,0.1,0.1,0.1,0.1,0.1,0.3,0.4,0.2,0.3,0.3,0.4,0.1,0.1,0.1,0.1,0.1,0.1,0.2,0.2,0.3,0.3,0.3,0.4,0.1,0.1,0.1,0.1,0.1,0.2,0.2,0.2,0.2,0.2,0.2,0.2,0.3,0.3,0.3,0.3,0.3,0.3,0.3,0.3,0.3,0.4,0.4,0.4,0.4,0.4,0.4,0.4,12.100000000000005,0.20166666666666674
583,09:43,9,43,583,0.1,0.1,0.1,0.1,0.1,0.3,0.4,0.2,0.3,0.3,0.4,0.1,0.1,0.1,0.1,0.1,0.1,0.2,0.2,0.3,0.3,0.3,0.4,0.1,0.1,0.1,0.1,0.1,0.2,0.2,0.2,0.2,0.2,0.2,0.2,0.3,0.3,0.3,0.3,0.3,0.3,0.3,0.3,0.3,0.4,0.4,0.4,0.4,0.4,0.4,0.4,12.100000000000005,0.20166666666666674
584,09:44,9,44,584,0.1,0.1,0.1,0.1,0.1,0.3,0.4,0.2,0.3,0.3,0.4,0.1,0.1,0.1,0.1,0.1,0.1,0.2,0.2,0.3,0.3,0.3,0.4,0.1,0.1,0.1,0.1,0.1,0.2,0.2,0.2,0.2,0.2,0.2,0.2,0.3,0.3,0.3,0.3,0.3,0.3,0.3,0.3,0.3,0.4,0.4,0.4,0.4,0.4,0.4,0.4,12.100000000000005,0.20166666666666674
585,09:45,9,45,585,0.1,0.1,0.1,0.1,0.1,0.3,0.4,0.2,0.3,0.3,0.4,0.1,0.1,0.1,0.1,0.1,0.1,0.2,0.2,0.3,0.3,0.3,0.4,0.1,0.1,0.1,0.1,0.1,0.2,0.2,0.2,0.2,0.2,0.2,0.2,0.3,0.3,0.3,0.3,0.3,0.3,0.3,0.3,0.3,0.4,0.4,0.4,0.4,0.4,0.4,0.4,12.100000000000005,0.20166666666666674
586,09:46,9,46,586,0.1,0.1,0.1,0.1,0.1,0.3,0.4,0.2,0.3,0.3,0.4,0.1,0.1,0.1,0.1,0.1,0.1,0.2,0.2,0.3,0.3,0.3,0.4,0.1,0.1,0.1,0.1,0.1,0.2,0.2,0.2,0.2,0.2,0.2,0.2,0.3,0.3,0.3,0.3,0.3,0.3,0.3,0.3,0.3,0.4,0.4,0.4,0.4,0.4,0.4,0.4,12.100000000000005,0.20166666666666674
587,09:47,9,47,587,0.1,0.1,0.1,0.1,0.1,0.3,0.4,0.2,0.3,0.3,0.4,0.1,0.1,0.1,0.1,0.1,0.1,0.2,0.2,0.3,0.3,0.3,0.4,0.1,0.1,0.1,0.1,0.1,0.2,0.2,0.2,0.2,0.2,0.2,0.2,0.3,0.3,0.3,0.3,0.3,0.3,0.3,0.3,0.3,0.4,0.4,0.4,0.4,0.4,0.4,0.4,12.100000000000005,0.20166666666666674
588,09:48,9,48,588,0.1,0.1,0.1,0.1,0.1,0.3,0.4,0.2,0.3,0.3,0.4,0.1,0.1,0.1,0.1,0.1,0.1,0.2,0.2,0.3,0.3,0.3,0.4,0.1,0.1,0.1,0.1,0.1,0.2,0.2,0.2,0.2,0.2,0.2,0.2,0.3,0.3,0.3,0.3,0.3,0.3,0.3,0.3,0.3,0.4,0.4,0.4,0.4,0.4,0.4,0.4,12.100000000000005,0.20166666666666674
589,09:49,9,49,589,0.1,0.1,0.1,0.1,0.1,0.3,0.4,0.2,0.3,0.3,0.4,0.1,0.1,0.1,0.1,0.1,0.1,0.2,0.2,0.3,0.3,0.3,0.4,0.1,0.1,0.1,0.1,0.1,0.2,0.2,0.2,0.2,0.2,0.2,0.2,0.3,0.3,0.3,0.3,0.3,0.3,0.3,0.3,0.3,0.4,0.4,0.4,0.4,0.4,0.4,0.4,12.100000000000005,0.20166666666666674
590,09:50,9,50,590,0.1,0.1,0.1,0.1,0.1,0.3,0.4,0.2,0.3,0.3,0.4,0.1,0.1,0.1,0.1,0.1,0.1,0.2,0.2,0.3,0.3,0.3,0.4,0.1,0.1,0.1,0.1,0.1,0.2,0.2,0.2,0.2,0.2,0.2,0.2,0.3,0.3,0.3,0.3,0.3,0.3,0.3,0.3,0.3,0.4,0.4,0.4,0.4,0.4,0.4,0.4,12.100000000000005,0.20166666666666674
591,09:51,9,51,591,0.1,0.1,0.1,0.1,0.1,0.3,0.4,0.2,0.3,0.3,0.4,0.1,0.1,0.1,0.1,0.1,0.1,0.2,0.2,0.3,0.3,0.3,0.4,0.1,0.1,0.1,0.1,0.1,0.2,0.2,0.2,0.2,0.2,0.2,0.2,0.3,0.3,0.3,0.3,0.3,0.3,0.3,0.3,0.3,0.4,0.4,0.4,0.4,0.4,0.4,0.4,12.100000000000005,0.20166666666666674
592,09:52,9,52,592,0.1,0.1,0.1,0.1,0.1,0.3,0.4,0.2,0.3,0.3,0.4,0.1,0.1,0.1,0.1,0.1,0.1,0.2,0.2,0.3,0.3,0.3,0.4,0.1,0.1,0.1,0.1,0.1,0.2,0.2,0.2,0.2,0.2,0.2,0.2,0.3,0.3,0.3,0.3,0.3,0.3,0.3,0.3,0.3,0.4,0.4,0.4,0.4,0.4,0.4,0.4,12.100000000000005,0.20166666666666674
593,09:53,9,53,593,0.1,0.1,0.1,0.1,0.1,0.3,0.4,0.2,0.3,0.3,0.4,0.1,0.1,0.1,0.1,0.1,0.1,0.2,0.2,0.3,0.3,0.3,0.4,0.1,0.1,0.1,0.1,0.1,0.2,0.2,0.2,0.2,0.2,0.2,0.2,0.3,0.3,0.3,0.3,0.3,0.3,0.3,0.3,0.3,0.4,0.4,0.4,0.4,0.4,0.4,0.4,12.100000000000005,0.20166666666666674
594,09:54,9,54,594,0.1,0.1,0.1,0.1,0.1,0.3,0.4,0.2,0.3,0.3,0.4,0.1,0.1,0.1,0.1,0.1,0.1,0.2,0.2,0.3,0.3,0.3,0.4,0.1,0.1,0.1,0.1,0.1,0.2,0.2,0.2,0.2,0.2,0.2,0.2,0.3,0.3,0.3,0.3,0.3,0.3,0.3,0.3,0.3,0.4,0.4,0.4,0.4,0.4,0.4,0.4,12.100000000000005,0.20166666666666674
595,09:55,9,55,595,0.1,0.1,0.1,0.1,0.1,0.3,0.4,0.2,0.3,0.3,0.4,0.1,0.1,0.1,0.1,0.1,0.1,0.2,0.2,0.3,0.3,0.3,0.4,0.1,0.1,0.1,0.1,0.1,0.2,0.2,0.2,0.2,0.2,0.2,0.2,0.3,0.3,0.3,0.3,0.3,0.3,0.3,0.3,0.3,0.4,0.4,0.4,0.4,0.4,0.4,0.4,12.100000000000005,0.20166666666666674
596,09:56,9,56,596,0.1,0.1,0.1,0.1,0.1,0.3,0.4,0.2,0.3,0.3,0.4,0.1,0.1,0.1,0.1,0.1,0.1,0.2,0.2,0.3,0.3,0.3,0.4,0.1,0.1,0.1,0.1,0.1,0.2,0.2,0.2,0.2,0.2,0.2,0.2,0.3,0.3,0.3,0.3,0.3,0.3,0.3,0.3,0.3,0.4,0.4,0.4,0.4,0.4,0.4,0.4,12.100000000000005,0.20166666666666674
597,09:57,9,57,597,0.1,0.1,0.1,0.1,0.1,0.3,0.4,0.2,0.3,0.3,0.4,0.1,0.1,0.1,0.1,0.1,0.1,0.2,0.2,0.3,0.3,0.3,0.4,0.1,0.1,0.1,0.1,0.1,0.2,0.2,0.2,0.2,0.2,0.2,0.2,0.3,0.3,0.3,0.3,0.3,0.3,0.3,0.3,0.3,0.4,0.4,0.4,0.4,0.4,0.4,0.4,12.100000000000005,0.20166666666666674
598,09:58,9,58,598,0.1,0.1,0.1,0.1,0.1,0.3,0.4,0.2,0.3,0.3,0.4,0.1,0.1,0.1,0.1,0.1,0.1,0.2,0.2,0.3,0.3,0.3,0.4,0.1,0.1,0.1,0.1,0.1,0.2,0.2,0.2,0.2,0.2,0.2,0.2,0.3,0.3,0.3,0.3,0.3,0.3,0.3,0.3,0.3,0.4,0.4,0.4,0.4,0.4,0.4,0.4,12.100000000000005,0.20166666666666674
599,09:59,9,59,599,0.1,0.1,0.1,0.1,0.1,0.3,0.4,0.2,0.3,0.3,0.4,0.1,0.1,0.1,0.1,0.1,0.1,0.2,0.2,0.3,0.3,0.3,0.4,0.1,0.1,0.1,0.1,0.1,0.2,0.2,0.2,0.2,0.2,0.2,0.2,0.3,0.3,0.3,0.3,0.3,0.3,0.3,0.3,0.3,0.4,0.4,0.4,0.4,0.4,0.4,0.4,12.100000000000005,0.20166666666666674
600,10:00,10,0,600,0.1,0.1,0.1,0.1,0.1,0.3,0.4,0.2,0.3,0.3,0.4,0.1,0.1,0.1,0.1,0.1,0.1,0.2,0.2,0.3,0.3,0.3,0.4,0.1,0.1,0.1,0.1,0.1,0.2,0.2,0.2,0.2,0.2,0.2,0.2,0.3,0.3,0.3,0.3,0.3,0.3,0.3,0.3,0.3,0.4,0.4,0.4,0.4,0.4,0.4,0.4,12.100000000000005,0.20166666666666674
601,10:01,10,1,601,0.1,0.1,0.1,0.1,0.1,0.3,0.4,0.2,0.3,0.3,0.4,0.1,0.1,0.1,0.1,0.1,0.1,0.2,0.2,0.3,0.3,0.3,0.4,0.1,0.1,0.1,0.1,0.1,0.2,0.2,0.2,0.2,0.2,0.2,0.2,0.3,0.3,0.3,0.3,0.3,0.3,0.3,0.3,0.3,0.4,0.4,0.4,0.4,0.4,0.4,0.4,12.100000000000005,0.20166666666666674
602,10:02,10,2,602,0.1,0.1,0.1,0.1,0.1,0.3,0.4,0.2,0.3,0.3,0.4,0.1,0.1,0.1,0.1,0.1,0.1,0.2,0.2,0.3,0.3,0.3,0.4,0.1,0.1,0.1,0.1,0.1,0.2,0.2,0.2,0.2,0.2,0.2,0.2,0.3,0.3,0.3,0.3,0.3,0.3,0.3,0.3,0.3,0.4,0.4,0.4,0.4,0.4,0.4,0.4,12.100000000000005,0.20166666666666674
603,10:03,10,3,603,0.1,0.1,0.1,0.1,0.1,0.3,0.4,0.2,0.3,0.3,0.4,0.1,0.1,0.1,0.1,0.1,0.1,0.2,0.2,0.3,0.3,0.3,0.4,0.1,0.1,0.1,0.1,0.1,0.2,0.2,0.2,0.2,0.2,0.2,0.2,0.3,0.3,0.3,0.3,0.3,0.3,0.3,0.3,0.3,0.4,0.4,0.4,0.4,0.4,0.4,0.4,12.100000000000005,0.20166666666666674
604,10:04,10,4,604,0.1,0.1,0.1,0.1,0.1,0.3,0.4,0.2,0.3,0.3,0.4,0.1,0.1,0.1,0.1,0.1,0.1,0.2,0.2,0.3,0.3,0.3,0.4,0.1,0.1,0.1,0.1,0.1,0.2,0.2,0.2,0.2,0.2,0.2,0.2,0.3,0.3,0.3,0.3,0.3,0.3,0.3,0.3,0.3,0.4,0.4,0.4,0.4,0.4,0.4,0.4,12.100000000000005,0.20166666666666674
605,10:05,10,5,605,0.1,0.1,0.1,0.1,0.1,0.3,0.4,0.2,0.3,0.3,0.4,0.1,0.1,0.1,0.1,0.1,0.1,0.2,0.2,0.3,0.3,0.3,0.4,0.1,0.1,0.1,0.1,0.1,0.2,0.2,0.2,0.2,0.2,0.2,0.2,0.3,0.3,0.3,0.3,0.3,0.3,0.3,0.3,0.3,0.4,0.4,0.4,0.4,0.4,0.4,0.4,12.100000000000005,0.20166666666666674
606,10:06,10,6,606,0.1,0.1,0.1,0.1,0.1,0.3,0.4,0.2,0.3,0.3,0.4,0.1,0.1,0.1,0.1,0.1,0.1,0.2,0.2,0.3,0.3,0.3,0.4,0.1,0.1,0.1,0.1,0.1,0.2,0.2,0.2,0.2,0.2,0.2,0.2,0.3,0.3,0.3,0.3,0.3,0.3,0.3,0.3,0.3,0.4,0.4,0.4,0.4,0.4,0.4,0.4,12.100000000000005,0.20166666666666674
607,10:07,10,7,607,0.1,0.1,0.1,0.1,0.1,0.3,0.4,0.2,0.3,0.3,0.4,0.1,0.1,0.1,0.1,0.1,0.1,0.2,0.2,0.3,0.3,0.3,0.4,0.1,0.1,0.1,0.1,0.1,0.2,0.2,0.2,0.2,0.2,0.2,0.2,0.3,0.3,0.3,0.3,0.3,0.3,0.3,0.3,0.3,0.4,0.4,0.4,0.4,0.4,0.4,0.4,12.100000000000005,0.20166666666666674
608,10:08,10,8,608,0.1,0.1,0.1,0.1,0.1,0.3,0.4,0.2,0.3,0.3,0.4,0.1,0.1,0.1,0.1,0.1,0.1,0.2,0.2,0.3,0.3,0.3,0.4,0.1,0.1,0.1,0.1,0.1,0.2,0.2,0.2,0.2,0.2,0.2,0.2,0.3,0.3,0.3,0.3,0.3,0.3,0.3,0.3,0.3,0.4,0.4,0.4,0.4,0.4,0.4,0.4,12.100000000000005,0.20166666666666674
609,10:09,10,9,609,0.1,0.1,0.1,0.1,0.1,0.3,0.4,0.2,0.3,0.3,0.4,0.1,0.1,0.1,0.1,0.1,0.1,0.2,0.2,0.3,0.3,0.3,0.4,0.1,0.1,0.1,0.1,0.1,0.2,0.2,0.2,0.2,0.2,0.2,0.2,0.3,0.3,0.3,0.3,0.3,0.3,0.3,0.3,0.3,0.4,0.4,0.4,0.4,0.4,0.4,0.4,12.100000000000005,0.20166666666666674
610,10:10,10,10,610,0.1,0.1,0.1,0.1,0.1,0.3,0.4,0.2,0.3,0.3,0.4,0.1,0.1,0.1,0.1,0.1,0.1,0.2,0.2,0.3,0.3,0.3,0.4,0.1,0.1,0.1,0.1,0.1,0.2,0.2,0.2,0.2,0.2,0.2,0.2,0.3,0.3,0.3,0.3,0.3,0.3,0.3,0.3,0.3,0.4,0.4,0.4,0.4,0.4,0.4,0.4,12.100000000000005,0.20166666666666674
611,10:11,10,11,611,0.1,0.1,0.1,0.1,0.1,0.3,0.4,0.2,0.3,0.3,0.4,0.1,0.1,0.1,0.1,0.1,0.1,0.2,0.2,0.3,0.3,0.3,0.4,0.1,0.1,0.1,0.1,0.1,0.2,0.2,0.2,0.2,0.2,0.2,0.2,0.3,0.3,0.3,0.3,0.3,0.3,0.3,0.3,0.3,0.4,0.4,0.4,0.4,0.4,0.4,0.4,12.100000000000005,0.20166666666666674
612,10:12,10,12,612,0.1,0.1,0.1,0.1,0.1,0.3,0.4,0.2,0.3,0.3,0.4,0.1,0.1,0.1,0.1,0.1,0.1,0.2,0.2,0.3,0.3,0.3,0.4,0.1,0.1,0.1,0.1,0.1,0.2,0.2,0.2,0.2,0.2,0.2,0.2,0.3,0.3,0.3,0.3,0.3,0.3,0.3,0.3,0.3,0.4,0.4,0.4,0.4,0.4,0.4,0.4,12.100000000000005,0.20166666666666674
613,10:13,10,13,613,0.1,0.1,0.1,0.1,0.1,0.3,0.4,0.2,0.3,0.3,0.4,0.1,0.1,0.1,0.1,0.1,0.1,0.2,0.2,0.3,0.3,0.3,0.4,0.1,0.1,0.1,0.1,0.1,0.2,0.2,0.2,0.2,0.2,0.2,0.2,0.3,0.3,0.3,0.3,0.3,0.3,0.3,0.3,0.3,0.4,0.4,0.4,0.4,0.4,0.4,0.4,12.100000000000005,0.20166666666666674
614,10:14,10,14,614,0.1,0.1,0.1,0.1,0.1,0.3,0.4,0.2,0.3,0.3,0.4,0.1,0.1,0.1,0.1,0.1,0.1,0.2,0.2,0.3,0.3,0.3,0.4,0.1,0.1,0.1,0.1,0.1,0.2,0.2,0.2,0.2,0.2,0.2,0.2,0.3,0.3,0.3,0.3,0.3,0.3,0.3,0.3,0.3,0.4,0.4,0.4,0.4,0.4,0.4,0.4,12.100000000000005,0.20166666666666674
615,10:15,10,15,615,0.1,0.1,0.1,0.1,0.1,0.3,0.4,0.2,0.3,0.3,0.4,0.1,0.1,0.1,0.1,0.1,0.1,0.2,0.2,0.3,0.3,0.3,0.4,0.1,0.1,0.1,0.1,0.1,0.2,0.2,0.2,0.2,0.2,0.2,0.2,0.3,0.3,0.3,0.3,0.3,0.3,0.3,0.3,0.3,0.4,0.4,0.4,0.4,0.4,0.4,0.4,12.100000000000005,0.20166666666666674
616,10:16,10,16,616,0.1,0.1,0.1,0.1,0.1,0.3,0.4,0.2,0.3,0.3,0.4,0.1,0.1,0.1,0.1,0.1,0.1,0.2,0.2,0.3,0.3,0.3,0.4,0.1,0.1,0.1,0.1,0.1,0.2,0.2,0.2,0.2,0.2,0.2,0.2,0.3,0.3,0.3,0.3,0.3,0.3,0.3,0.3,0.3,0.4,0.4,0.4,0.4,0.4,0.4,0.4,12.100000000000005,0.20166666666666674
617,10:17,10,17,617,0.1,0.1,0.1,0.1,0.1,0.3,0.4,0.2,0.3,0.3,0.4,0.1,0.1,0.1,0.1,0.1,0.1,0.2,0.2,0.3,0.3,0.3,0.4,0.1,0.1,0.1,0.1,0.1,0.2,0.2,0.2,0.2,0.2,0.2,0.2,0.3,0.3,0.3,0.3,0.3,0.3,0.3,0.3,0.3,0.4,0.4,0.4,0.4,0.4,0.4,0.4,12.100000000000005,0.20166666666666674
618,10:18,10,18,618,0.1,0.1,0.1,0.1,0.1,0.3,0.4,0.2,0.3,0.3,0.4,0.1,0.1,0.1,0.1,0.1,0.1,0.2,0.2,0.3,0.3,0.3,0.4,0.1,0.1,0.1,0.1,0.1,0.2,0.2,0.2,0.2,0.2,0.2,0.2,0.3,0.3,0.3,0.3,0.3,0.3,0.3,0.3,0.3,0.4,0.4,0.4,0.4,0.4,0.4,0.4,12.100000000000005,0.20166666666666674
619,10:19,10,19,619,0.1,0.1,0.1,0.1,0.1,0.3,0.4,0.2,0.3,0.3,0.4,0.1,0.1,0.1,0.1,0.1,0.1,0.2,0.2,0.3,0.3,0.3,0.4,0.1,0.1,0.1,0.1,0.1,0.2,0.2,0.2,0.2,0.2,0.2,0.2,0.3,0.3,0.3,0.3,0.3,0.3,0.3,0.3,0.3,0.4,0.4,0.4,0.4,0.4,0.4,0.4,12.100000000000005,0.20166666666666674
620,10:20,10,20,620,0.1,0.1,0.1,0.1,0.1,0.3,0.4,0.2,0.3,0.3,0.4,0.1,0.1,0.1,0.1,0.1,0.1,0.2,0.2,0.3,0.3,0.3,0.4,0.1,0.1,0.1,0.1,0.1,0.2,0.2,0.2,0.2,0.2,0.2,0.2,0.3,0.3,0.3,0.3,0.3,0.3,0.3,0.3,0.3,0.4,0.4,0.4,0.4,0.4,0.4,0.4,12.100000000000005,0.20166666666666674
621,10:21,10,21,621,0.1,0.1,0.1,0.1,0.1,0.3,0.4,0.2,0.3,0.3,0.4,0.1,0.1,0.1,0.1,0.1,0.1,0.2,0.2,0.3,0.3,0.3,0.4,0.1,0.1,0.1,0.1,0.1,0.2,0.2,0.2,0.2,0.2,0.2,0.2,0.3,0.3,0.3,0.3,0.3,0.3,0.3,0.3,0.3,0.4,0.4,0.4,0.4,0.4,0.4,0.4,12.100000000000005,0.20166666666666674
622,10:22,10,22,622,0.1,0.1,0.1,0.1,0.1,0.3,0.4,0.2,0.3,0.3,0.4,0.1,0.1,0.1,0.1,0.1,0.1,0.2,0.2,0.3,0.3,0.3,0.4,0.1,0.1,0.1,0.1,0.1,0.2,0.2,0.2,0.2,0.2,0.2,0.2,0.3,0.3,0.3,0.3,0.3,0.3,0.3,0.3,0.3,0.4,0.4,0.4,0.4,0.4,0.4,0.4,12.100000000000005,0.20166666666666674
623,10:23,10,23,623,0.1,0.1,0.1,0.1,0.1,0.3,0.4,0.2,0.3,0.3,0.4,0.1,0.1,0.1,0.1,0.1,0.1,0.2,0.2,0.3,0.3,0.3,0.4,0.1,0.1,0.1,0.1,0.1,0.2,0.2,0.2,0.2,0.2,0.2,0.2,0.3,0.3,0.3,0.3,0.3,0.3,0.3,0.3,0.3,0.4,0.4,0.4,0.4,0.4,0.4,0.4,12.100000000000005,0.20166666666666674
624,10:24,10,24,624,0.1,0.1,0.1,0.1,0.1,0.3,0.4,0.2,0.3,0.3,0.4,0.1,0.1,0.1,0.1,0.1,0.1,0.2,0.2,0.3,0.3,0.3,0.4,0.1,0.1,0.1,0.1,0.1,0.2,0.2,0.2,0.2,0.2,0.2,0.2,0.3,0.3,0.3,0.3,0.3,0.3,0.3,0.3,0.3,0.4,0.4,0.4,0.4,0.4,0.4,0.4,12.100000000000005,0.20166666666666674
625,10:25,10,25,625,0.1,0.1,0.1,0.1,0.1,0.3,0.4,0.2,0.3,0.3,0.4,0.1,0.1,0.1,0.1,0.1,0.1,0.2,0.2,0.3,0.3,0.3,0.4,0.1,0.1,0.1,0.1,0.1,0.2,0.2,0.2,0.2,0.2,0.2,0.2,0.3,0.3,0.3,0.3,0.3,0.3,0.3,0.3,0.3,0.4,0.4,0.4,0.4,0.4,0.4,0.4,12.100000000000005,0.20166666666666674
626,10:26,10,26,626,0.1,0.1,0.1,0.1,0.1,0.3,0.4,0.2,0.3,0.3,0.4,0.1,0.1,0.1,0.1,0.1,0.1,0.2,0.2,0.3,0.3,0.3,0.4,0.1,0.1,0.1,0.1,0.1,0.2,0.2,0.2,0.2,0.2,0.2,0.2,0.3,0.3,0.3,0.3,0.3,0.3,0.3,0.3,0.3,0.4,0.4,0.4,0.4,0.4,0.4,0.4,12.100000000000005,0.20166666666666674
627,10:27,10,27,627,0.1,0.1,0.1,0.1,0.1,0.3,0.4,0.2,0.3,0.3,0.4,0.1,0.1,0.1,0.1,0.1,0.1,0.2,0.2,0.3,0.3,0.3,0.4,0.1,0.1,0.1,0.1,0.1,0.2,0.2,0.2,0.2,0.2,0.2,0.2,0.3,0.3,0.3,0.3,0.3,0.3,0.3,0.3,0.3,0.4,0.4,0.4,0.4,0.4,0.4,0.4,12.100000000000005,0.20166666666666674
628,10:28,10,28,628,0.1,0.1,0.1,0.1,0.1,0.3,0.4,0.2,0.3,0.3,0.4,0.1,0.1,0.1,0.1,0.1,0.1,0.2,0.2,0.3,0.3,0.3,0.4,0.1,0.1,0.1,0.1,0.1,0.2,0.2,0.2,0.2,0.2,0.2,0.2,0.3,0.3,0.3,0.3,0.3,0.3,0.3,0.3,0.3,0.4,0.4,0.4,0.4,0.4,0.4,0.4,12.100000000000005,0.20166666666666674
629,10:29,10,29,629,0.1,0.1,0.1,0.1,0.1,0.3,0.4,0.2,0.3,0.3,0.4,0.1,0.1,0.1,0.1,0.1,0.1,0.2,0.2,0.3,0.3,0.3,0.4,0.1,0.1,0.1,0.1,0.1,0.2,0.2,0.2,0.2,0.2,0.2,0.2,0.3,0.3,0.3,0.3,0.3,0.3,0.3,0.3,0.3,0.4,0.4,0.4,0.4,0.4,0.4,0.4,12.100000000000005,0.20166666666666674
630,10:30,10,30,630,0.1,0.1,0.1,0.1,0.1,0.3,0.4,0.2,0.3,0.3,0.4,0.1,0.1,0.1,0.1,0.1,0.1,0.2,0.2,0.3,0.3,0.3,0.4,0.1,0.1,0.1,0.1,0.1,0.2,0.2,0.2,0.2,0.2,0.2,0.2,0.3,0.3,0.3,0.3,0.3,0.3,0.3,0.3,0.3,0.4,0.4,0.4,0.4,0.4,0.4,0.4,12.100000000000005,0.20166666666666674
631,10:31,10,31,631,0.1,0.1,0.1,0.1,0.1,0.3,0.4,0.2,0.3,0.3,0.4,0.1,0.1,0.1,0.1,0.1,0.1,0.2,0.2,0.3,0.3,0.3,0.4,0.1,0.1,0.1,0.1,0.1,0.2,0.2,0.2,0.2,0.2,0.2,0.2,0.3,0.3,0.3,0.3,0.3,0.3,0.3,0.3,0.3,0.4,0.4,0.4,0.4,0.4,0.4,0.4,12.100000000000005,0.20166666666666674
632,10:32,10,32,632,0.1,0.1,0.1,0.1,0.1,0.3,0.4,0.2,0.3,0.3,0.4,0.1,0.1,0.1,0.1,0.1,0.1,0.2,0.2,0.3,0.3,0.3,0.4,0.1,0.1,0.1,0.1,0.1,0.2,0.2,0.2,0.2,0.2,0.2,0.2,0.3,0.3,0.3,0.3,0.3,0.3,0.3,0.3,0.3,0.4,0.4,0.4,0.4,0.4,0.4,0.4,12.100000000000005,0.20166666666666674
633,10:33,10,33,633,0.1,0.1,0.1,0.1,0.1,0.3,0.4,0.2,0.3,0.3,0.4,0.1,0.1,0.1,0.1,0.1,0.1,0.2,0.2,0.3,0.3,0.3,0.4,0.1,0.1,0.1,0.1,0.1,0.2,0.2,0.2,0.2,0.2,0.2,0.2,0.3,0.3,0.3,0.3,0.3,0.3,0.3,0.3,0.3,0.4,0.4,0.4,0.4,0.4,0.4,0.4,12.100000000000005,0.20166666666666674
634,10:34,10,34,634,0.1,0.1,0.1,0.1,0.1,0.3,0.4,0.2,0.3,0.3,0.4,0.1,0.1,0.1,0.1,0.1,0.1,0.2,0.2,0.3,0.3,0.3,0.4,0.1,0.1,0.1,0.1,0.1,0.2,0.2,0.2,0.2,0.2,0.2,0.2,0.3,0.3,0.3,0.3,0.3,0.3,0.3,0.3,0.3,0.4,0.4,0.4,0.4,0.4,0.4,0.4,12.100000000000005,0.20166666666666674
635,10:35,10,35,635,0.1,0.1,0.1,0.1,0.1,0.3,0.4,0.2,0.3,0.3,0.4,0.1,0.1,0.1,0.1,0.1,0.1,0.2,0.2,0.3,0.3,0.3,0.4,0.1,0.1,0.1,0.1,0.1,0.2,0.2,0.2,0.2,0.2,0.2,0.2,0.3,0.3,0.3,0.3,0.3,0.3,0.3,0.3,0.3,0.4,0.4,0.4,0.4,0.4,0.4,0.4,12.100000000000005,0.20166666666666674
636,10:36,10,36,636,0.1,0.1,0.1,0.1,0.1,0.3,0.4,0.2,0.3,0.3,0.4,0.1,0.1,0.1,0.1,0.1,0.1,0.2,0.2,0.3,0.3,0.3,0.4,0.1,0.1,0.1,0.1,0.1,0.2,0.2,0.2,0.2,0.2,0.2,0.2,0.3,0.3,0.3,0.3,0.3,0.3,0.3,0.3,0.3,0.4,0.4,0.4,0.4,0.4,0.4,0.4,12.100000000000005,0.20166666666666674
637,10:37,10,37,637,0.1,0.1,0.1,0.1,0.1,0.3,0.4,0.2,0.3,0.3,0.4,0.1,0.1,0.1,0.1,0.1,0.1,0.2,0.2,0.3,0.3,0.3,0.4,0.1,0.1,0.1,0.1,0.1,0.2,0.2,0.2,0.2,0.2,0.2,0.2,0.3,0.3,0.3,0.3,0.3,0.3,0.3,0.3,0.3,0.4,0.4,0.4,0.4,0.4,0.4,0.4,12.100000000000005,0.20166666666666674
638,10:38,10,38,638,0.1,0.1,0.1,0.1,0.1,0.3,0.4,0.2,0.3,0.3,0.4,0.1,0.1,0.1,0.1,0.1,0.1,0.2,0.2,0.3,0.3,0.3,0.4,0.1,0.1,0.1,0.1,0.1,0.2,0.2,0.2,0.2,0.2,0.2,0.2,0.3,0.3,0.3,0.3,0.3,0.3,0.3,0.3,0.3,0.4,0.4,0.4,0.4,0.4,0.4,0.4,12.100000000000005,0.20166666666666674
639,10:39,10,39,639,0.1,0.1,0.1,0.1,0.1,0.3,0.4,0.2,0.3,0.3,0.4,0.1,0.1,0.1,0.1,0.1,0.1,0.2,0.2,0.3,0.3,0.3,0.4,0.1,0.1,0.1,0.1,0.1,0.2,0.2,0.2,0.2,0.2,0.2,0.2,0.3,0.3,0.3,0.3,0.3,0.3,0.3,0.3,0.3,0.4,0.4,0.4,0.4,0.4,0.4,0.4,12.100000000000005,0.20166666666666674
640,10:40,10,40,640,0.1,0.1,0.1,0.1,0.1,0.3,0.4,0.2,0.3,0.3,0.4,0.1,0.1,0.1,0.1,0.1,0.1,0.2,0.2,0.3,0.3,0.3,0.4,0.1,0.1,0.1,0.1,0.1,0.2,0.2,0.2,0.2,0.2,0.2,0.2,0.3,0.3,0.3,0.3,0.3,0.3,0.3,0.3,0.3,0.4,0.4,0.4,0.4,0.4,0.4,0.4,12.100000000000005,0.20166666666666674
641,10:41,10,41,641,0.1,0.1,0.1,0.1,0.1,0.3,0.4,0.2,0.3,0.3,0.4,0.1,0.1,0.1,0.1,0.1,0.1,0.2,0.2,0.3,0.3,0.3,0.4,0.1,0.1,0.1,0.1,0.1,0.2,0.2,0.2,0.2,0.2,0.2,0.2,0.3,0.3,0.3,0.3,0.3,0.3,0.3,0.3,0.3,0.4,0.4,0.4,0.4,0.4,0.4,0.4,12.100000000000005,0.20166666666666674
642,10:42,10,42,642,0.1,0.1,0.1,0.1,0.1,0.3,0.4,0.2,0.3,0.3,0.4,0.1,0.1,0.1,0.1,0.1,0.1,0.2,0.2,0.3,0.3,0.3,0.4,0.1,0.1,0.1,0.1,0.1,0.2,0.2,0.2,0.2,0.2,0.2,0.2,0.3,0.3,0.3,0.3,0.3,0.3,0.3,0.3,0.3,0.4,0.4,0.4,0.4,0.4,0.4,0.4,12.100000000000005,0.20166666666666674
643,10:43,10,43,643,0.1,0.1,0.1,0.1,0.1,0.3,0.4,0.2,0.3,0.3,0.4,0.1,0.1,0.1,0.1,0.1,0.1,0.2,0.2,0.3,0.3,0.3,0.4,0.1,0.1,0.1,0.1,0.1,0.2,0.2,0.2,0.2,0.2,0.2,0.2,0.3,0.3,0.3,0.3,0.3,0.3,0.3,0.3,0.3,0.4,0.4,0.4,0.4,0.4,0.4,0.4,12.100000000000005,0.20166666666666674
644,10:44,10,44,644,0.1,0.1,0.1,0.1,0.1,0.3,0.4,0.2,0.3,0.3,0.4,0.1,0.1,0.1,0.1,0.1,0.1,0.2,0.2,0.3,0.3,0.3,0.4,0.1,0.1,0.1,0.1,0.1,0.2,0.2,0.2,0.2,0.2,0.2,0.2,0.3,0.3,0.3,0.3,0.3,0.3,0.3,0.3,0.3,0.4,0.4,0.4,0.4,0.4,0.4,0.4,12.100000000000005,0.20166666666666674
645,10:45,10,45,645,0.1,0.1,0.1,0.1,0.1,0.3,0.4,0.2,0.3,0.3,0.4,0.1,0.1,0.1,0.1,0.1,0.1,0.2,0.2,0.3,0.3,0.3,0.4,0.1,0.1,0.1,0.1,0.1,0.2,0.2,0.2,0.2,0.2,0.2,0.2,0.3,0.3,0.3,0.3,0.3,0.3,0.3,0.3,0.3,0.4,0.4,0.4,0.4,0.4,0.4,0.4,12.100000000000005,0.20166666666666674
646,10:46,10,46,646,0.1,0.1,0.1,0.1,0.1,0.3,0.4,0.2,0.3,0.3,0.4,0.1,0.1,0.1,0.1,0.1,0.1,0.2,0.2,0.3,0.3,0.3,0.4,0.1,0.1,0.1,0.1,0.1,0.2,0.2,0.2,0.2,0.2,0.2,0.2,0.3,0.3,0.3,0.3,0.3,0.3,0.3,0.3,0.3,0.4,0.4,0.4,0.4,0.4,0.4,0.4,12.100000000000005,0.20166666666666674
647,10:47,10,47,647,0.1,0.1,0.1,0.1,0.1,0.3,0.4,0.2,0.3,0.3,0.4,0.1,0.1,0.1,0.1,0.1,0.1,0.2,0.2,0.3,0.3,0.3,0.4,0.1,0.1,0.1,0.1,0.1,0.2,0.2,0.2,0.2,0.2,0.2,0.2,0.3,0.3,0.3,0.3,0.3,0.3,0.3,0.3,0.3,0.4,0.4,0.4,0.4,0.4,0.4,0.4,12.100000000000005,0.20166666666666674
648,10:48,10,48,648,0.1,0.1,0.1,0.1,0.1,0.3,0.4,0.2,0.3,0.3,0.4,0.1,0.1,0.1,0.1,0.1,0.1,0.2,0.2,0.3,0.3,0.3,0.4,0.1,0.1,0.1,0.1,0.1,0.2,0.2,0.2,0.2,0.2,0.2,0.2,0.3,0.3,0.3,0.3,0.3,0.3,0.3,0.3,0.3,0.4,0.4,0.4,0.4,0.4,0.4,0.4,12.100000000000005,0.20166666666666674
649,10:49,10,49,649,0.1,0.1,0.1,0.1,0.1,0.3,0.4,0.2,0.3,0.3,0.4,0.1,0.1,0.1,0.1,0.1,0.1,0.2,0.2,0.3,0.3,0.3,0.4,0.1,0.1,0.1,0.1,0.1,0.2,0.2,0.2,0.2,0.2,0.2,0.2,0.3,0.3,0.3,0.3,0.3,0.3,0.3,0.3,0.3,0.4,0.4,0.4,0.4,0.4,0.4,0.4,12.100000000000005,0.20166666666666674
650,10:50,10,50,650,0.1,0.1,0.1,0.1,0.1,0.3,0.4,0.2,0.3,0.3,0.4,0.1,0.1,0.1,0.1,0.1,0.1,0.2,0.2,0.3,0.3,0.3,0.4,0.1,0.1,0.1,0.1,0.1,0.2,0.2,0.2,0.2,0.2,0.2,0.2,0.3,0.3,0.3,0.3,0.3,0.3,0.3,0.3,0.3,0.4,0.4,0.4,0.4,0.4,0.4,0.4,12.100000000000005,0.20166666666666674
651,10:51,10,51,651,0.1,0.1,0.1,0.1,0.1,0.3,0.4,0.2,0.3,0.3,0.4,0.1,0.1,0.1,0.1,0.1,0.1,0.2,0.2,0.3,0.3,0.3,0.4,0.1,0.1,0.1,0.1,0.1,0.2,0.2,0.2,0.2,0.2,0.2,0.2,0.3,0.3,0.3,0.3,0.3,0.3,0.3,0.3,0.3,0.4,0.4,0.4,0.4,0.4,0.4,0.4,12.100000000000005,0.20166666666666674
652,10:52,10,52,652,0.1,0.1,0.1,0.1,0.1,0.3,0.4,0.2,0.3,0.3,0.4,0.1,0.1,0.1,0.1,0.1,0.1,0.2,0.2,0.3,0.3,0.3,0.4,0.1,0.1,0.1,0.1,0.1,0.2,0.2,0.2,0.2,0.2,0.2,0.2,0.3,0.3,0.3,0.3,0.3,0.3,0.3,0.3,0.3,0.4,0.4,0.4,0.4,0.4,0.4,0.4,12.100000000000005,0.20166666666666674
653,10:53,10,53,653,0.1,0.1,0.1,0.1,0.1,0.3,0.4,0.2,0.3,0.3,0.4,0.1,0.1,0.1,0.1,0.1,0.1,0.2,0.2,0.3,0.3,0.3,0.4,0.1,0.1,0.1,0.1,0.1,0.2,0.2,0.2,0.2,0.2,0.2,0.2,0.3,0.3,0.3,0.3,0.3,0.3,0.3,0.3,0.3,0.4,0.4,0.4,0.4,0.4,0.4,0.4,12.100000000000005,0.20166666666666674
654,10:54,10,54,654,0.1,0.1,0.1,0.1,0.1,0.3,0.4,0.2,0.3,0.3,0.4,0.1,0.1,0.1,0.1,0.1,0.1,0.2,0.2,0.3,0.3,0.3,0.4,0.1,0.1,0.1,0.1,0.1,0.2,0.2,0.2,0.2,0.2,0.2,0.2,0.3,0.3,0.3,0.3,0.3,0.3,0.3,0.3,0.3,0.4,0.4,0.4,0.4,0.4,0.4,0.4,12.100000000000005,0.20166666666666674
655,10:55,10,55,655,0.1,0.1,0.1,0.1,0.1,0.3,0.4,0.2,0.3,0.3,0.4,0.1,0.1,0.1,0.1,0.1,0.1,0.2,0.2,0.3,0.3,0.3,0.4,0.1,0.1,0.1,0.1,0.1,0.2,0.2,0.2,0.2,0.2,0.2,0.2,0.3,0.3,0.3,0.3,0.3,0.3,0.3,0.3,0.3,0.4,0.4,0.4,0.4,0.4,0.4,0.4,12.100000000000005,0.20166666666666674
656,10:56,10,56,656,0.1,0.1,0.1,0.1,0.1,0.3,0.4,0.2,0.3,0.3,0.4,0.1,0.1,0.1,0.1,0.1,0.1,0.2,0.2,0.3,0.3,0.3,0.4,0.1,0.1,0.1,0.1,0.1,0.2,0.2,0.2,0.2,0.2,0.2,0.2,0.3,0.3,0.3,0.3,0.3,0.3,0.3,0.3,0.3,0.4,0.4,0.4,0.4,0.4,0.4,0.4,12.100000000000005,0.20166666666666674
657,10:57,10,57,657,0.1,0.1,0.1,0.1,0.1,0.3,0.4,0.2,0.3,0.3,0.4,0.1,0.1,0.1,0.1,0.1,0.1,0.2,0.2,0.3,0.3,0.3,0.4,0.1,0.1,0.1,0.1,0.1,0.2,0.2,0.2,0.2,0.2,0.2,0.2,0.3,0.3,0.3,0.3,0.3,0.3,0.3,0.3,0.3,0.4,0.4,0.4,0.4,0.4,0.4,0.4,12.100000000000005,0.20166666666666674
658,10:58,10,58,658,0.1,0.1,0.1,0.1,0.1,0.3,0.4,0.2,0.3,0.3,0.4,0.1,0.1,0.1,0.1,0.1,0.1,0.2,0.2,0.3,0.3,0.3,0.4,0.1,0.1,0.1,0.1,0.1,0.2,0.2,0.2,0.2,0.2,0.2,0.2,0.3,0.3,0.3,0.3,0.3,0.3,0.3,0.3,0.3,0.4,0.4,0.4,0.4,0.4,0.4,0.4,12.100000000000005,0.20166666666666674
659,10:59,10,59,659,0.1,0.1,0.1,0.1,0.1,0.3,0.4,0.2,0.3,0.3,0.4,0.1,0.1,0.1,0.1,0.1,0.1,0.2,0.2,0.3,0.3,0.3,0.4,0.1,0.1,0.1,0.1,0.1,0.2,0.2,0.2,0.2,0.2,0.2,0.2,0.3,0.3,0.3,0.3,0.3,0.3,0.3,0.3,0.3,0.4,0.4,0.4,0.4,0.4,0.4,0.4,12.100000000000005,0.20166666666666674
660,11:00,11,0,660,0.1,0.1,0.1,0.1,0.1,0.3,0.4,0.2,0.3,0.3,0.4,0.1,0.1,0.1,0.1,0.1,0.1,0.2,0.2,0.3,0.3,0.3,0.4,0.1,0.1,0.1,0.1,0.1,0.2,0.2,0.2,0.2,0.2,0.2,0.2,0.3,0.3,0.3,0.3,0.3,0.3,0.3,0.3,0.3,0.4,0.4,0.4,0.4,0.4,0.4,0.4,12.100000000000005,0.20166666666666674
661,11:01,11,1,661,0.1,0.1,0.1,0.1,0.1,0.3,0.4,0.2,0.3,0.3,0.4,0.1,0.1,0.1,0.1,0.1,0.1,0.2,0.2,0.3,0.3,0.3,0.4,0.1,0.1,0.1,0.1,0.1,0.2,0.2,0.2,0.2,0.2,0.2,0.2,0.3,0.3,0.3,0.3,0.3,0.3,0.3,0.3,0.3,0.4,0.4,0.4,0.4,0.4,0.4,0.4,12.100000000000005,0.20166666666666674
662,11:02,11,2,662,0.1,0.1,0.1,0.1,0.1,0.3,0.4,0.2,0.3,0.3,0.4,0.1,0.1,0.1,0.1,0.1,0.1,0.2,0.2,0.3,0.3,0.3,0.4,0.1,0.1,0.1,0.1,0.1,0.2,0.2,0.2,0.2,0.2,0.2,0.2,0.3,0.3,0.3,0.3,0.3,0.3,0.3,0.3,0.3,0.4,0.4,0.4,0.4,0.4,0.4,0.4,12.100000000000005,0.20166666666666674
663,11:03,11,3,663,0.1,0.1,0.1,0.1,0.1,0.3,0.4,0.2,0.3,0.3,0.4,0.1,0.1,0.1,0.1,0.1,0.1,0.2,0.2,0.3,0.3,0.3,0.4,0.1,0.1,0.1,0.1,0.1,0.2,0.2,0.2,0.2,0.2,0.2,0.2,0.3,0.3,0.3,0.3,0.3,0.3,0.3,0.3,0.3,0.4,0.4,0.4,0.4,0.4,0.4,0.4,12.100000000000005,0.20166666666666674
664,11:04,11,4,664,0.1,0.1,0.1,0.1,0.1,0.3,0.4,0.2,0.3,0.3,0.4,0.1,0.1,0.1,0.1,0.1,0.1,0.2,0.2,0.3,0.3,0.3,0.4,0.1,0.1,0.1,0.1,0.1,0.2,0.2,0.2,0.2,0.2,0.2,0.2,0.3,0.3,0.3,0.3,0.3,0.3,0.3,0.3,0.3,0.4,0.4,0.4,0.4,0.4,0.4,0.4,12.100000000000005,0.20166666666666674
665,11:05,11,5,665,0.1,0.1,0.1,0.1,0.1,0.3,0.4,0.2,0.3,0.3,0.4,0.1,0.1,0.1,0.1,0.1,0.1,0.2,0.2,0.3,0.3,0.3,0.4,0.1,0.1,0.1,0.1,0.1,0.2,0.2,0.2,0.2,0.2,0.2,0.2,0.3,0.3,0.3,0.3,0.3,0.3,0.3,0.3,0.3,0.4,0.4,0.4,0.4,0.4,0.4,0.4,12.100000000000005,0.20166666666666674
666,11:06,11,6,666,0.1,0.1,0.1,0.1,0.1,0.3,0.4,0.2,0.3,0.3,0.4,0.1,0.1,0.1,0.1,0.1,0.1,0.2,0.2,0.3,0.3,0.3,0.4,0.1,0.1,0.1,0.1,0.1,0.2,0.2,0.2,0.2,0.2,0.2,0.2,0.3,0.3,0.3,0.3,0.3,0.3,0.3,0.3,0.3,0.4,0.4,0.4,0.4,0.4,0.4,0.4,12.100000000000005,0.20166666666666674
667,11:07,11,7,667,0.1,0.1,0.1,0.1,0.1,0.3,0.4,0.2,0.3,0.3,0.4,0.1,0.1,0.1,0.1,0.1,0.1,0.2,0.2,0.3,0.3,0.3,0.4,0.1,0.1,0.1,0.1,0.1,0.2,0.2,0.2,0.2,0.2,0.2,0.2,0.3,0.3,0.3,0.3,0.3,0.3,0.3,0.3,0.3,0.4,0.4,0.4,0.4,0.4,0.4,0.4,12.100000000000005,0.20166666666666674
668,11:08,11,8,668,0.1,0.1,0.1,0.1,0.1,0.3,0.4,0.2,0.3,0.3,0.4,0.1,0.1,0.1,0.1,0.1,0.1,0.2,0.2,0.3,0.3,0.3,0.4,0.1,0.1,0.1,0.1,0.1,0.2,0.2,0.2,0.2,0.2,0.2,0.2,0.3,0.3,0.3,0.3,0.3,0.3,0.3,0.3,0.3,0.4,0.4,0.4,0.4,0.4,0.4,0.4,12.100000000000005,0.20166666666666674
669,11:09,11,9,669,0.1,0.1,0.1,0.1,0.1,0.3,0.4,0.2,0.3,0.3,0.4,0.1,0.1,0.1,0.1,0.1,0.1,0.2,0.2,0.3,0.3,0.3,0.4,0.1,0.1,0.1,0.1,0.1,0.2,0.2,0.2,0.2,0.2,0.2,0.2,0.3,0.3,0.3,0.3,0.3,0.3,0.3,0.3,0.3,0.4,0.4,0.4,0.4,0.4,0.4,0.4,12.100000000000005,0.20166666666666674
670,11:10,11,10,670,0.1,0.1,0.1,0.1,0.1,0.3,0.4,0.2,0.3,0.3,0.4,0.1,0.1,0.1,0.1,0.1,0.1,0.2,0.2,0.3,0.3,0.3,0.4,0.1,0.1,0.1,0.1,0.1,0.2,0.2,0.2,0.2,0.2,0.2,0.2,0.3,0.3,0.3,0.3,0.3,0.3,0.3,0.3,0.3,0.4,0.4,0.4,0.4,0.4,0.4,0.4,12.100000000000005,0.20166666666666674
671,11:11,11,11,671,0.1,0.1,0.1,0.1,0.1,0.3,0.4,0.2,0.3,0.3,0.4,0.1,0.1,0.1,0.1,0.1,0.1,0.2,0.2,0.3,0.3,0.3,0.4,0.1,0.1,0.1,0.1,0.1,0.2,0.2,0.2,0.2,0.2,0.2,0.2,0.3,0.3,0.3,0.3,0.3,0.3,0.3,0.3,0.3,0.4,0.4,0.4,0.4,0.4,0.4,0.4,12.100000000000005,0.20166666666666674
672,11:12,11,12,672,0.1,0.1,0.1,0.1,0.1,0.3,0.4,0.2,0.3,0.3,0.4,0.1,0.1,0.1,0.1,0.1,0.1,0.2,0.2,0.3,0.3,0.3,0.4,0.1,0.1,0.1,0.1,0.1,0.2,0.2,0.2,0.2,0.2,0.2,0.2,0.3,0.3,0.3,0.3,0.3,0.3,0.3,0.3,0.3,0.4,0.4,0.4,0.4,0.4,0.4,0.4,12.100000000000005,0.20166666666666674
673,11:13,11,13,673,0.1,0.1,0.1,0.1,0.1,0.3,0.4,0.2,0.3,0.3,0.4,0.1,0.1,0.1,0.1,0.1,0.1,0.2,0.2,0.3,0.3,0.3,0.4,0.1,0.1,0.1,0.1,0.1,0.2,0.2,0.2,0.2,0.2,0.2,0.2,0.3,0.3,0.3,0.3,0.3,0.3,0.3,0.3,0.3,0.4,0.4,0.4,0.4,0.4,0.4,0.4,12.100000000000005,0.20166666666666674
674,11:14,11,14,674,0.1,0.1,0.1,0.1,0.1,0.3,0.4,0.2,0.3,0.3,0.4,0.1,0.1,0.1,0.1,0.1,0.1,0.2,0.2,0.3,0.3,0.3,0.4,0.1,0.1,0.1,0.1,0.1,0.2,0.2,0.2,0.2,0.2,0.2,0.2,0.3,0.3,0.3,0.3,0.3,0.3,0.3,0.3,0.3,0.4,0.4,0.4,0.4,0.4,0.4,0.4,12.100000000000005,0.20166666666666674
675,11:15,11,15,675,0.1,0.1,0.1,0.1,0.1,0.3,0.4,0.2,0.3,0.3,0.4,0.1,0.1,0.1,0.1,0.1,0.1,0.2,0.2,0.3,0.3,0.3,0.4,0.1,0.1,0.1,0.1,0.1,0.2,0.2,0.2,0.2,0.2,0.2,0.2,0.3,0.3,0.3,0.3,0.3,0.3,0.3,0.3,0.3,0.4,0.4,0.4,0.4,0.4,0.4,0.4,12.100000000000005,0.20166666666666674
676,11:16,11,16,676,0.1,0.1,0.1,0.1,0.1,0.3,0.4,0.2,0.3,0.3,0.4,0.1,0.1,0.1,0.1,0.1,0.1,0.2,0.2,0.3,0.3,0.3,0.4,0.1,0.1,0.1,0.1,0.1,0.2,0.2,0.2,0.2,0.2,0.2,0.2,0.3,0.3,0.3,0.3,0.3,0.3,0.3,0.3,0.3,0.4,0.4,0.4,0.4,0.4,0.4,0.4,12.100000000000005,0.20166666666666674
677,11:17,11,17,677,0.1,0.1,0.1,0.1,0.1,0.3,0.4,0.2,0.3,0.3,0.4,0.1,0.1,0.1,0.1,0.1,0.1,0.2,0.2,0.3,0.3,0.3,0.4,0.1,0.1,0.1,0.1,0.1,0.2,0.2,0.2,0.2,0.2,0.2,0.2,0.3,0.3,0.3,0.3,0.3,0.3,0.3,0.3,0.3,0.4,0.4,0.4,0.4,0.4,0.4,0.4,12.100000000000005,0.20166666666666674
678,11:18,11,18,678,0.1,0.1,0.1,0.1,0.1,0.3,0.4,0.2,0.3,0.3,0.4,0.1,0.1,0.1,0.1,0.1,0.1,0.2,0.2,0.3,0.3,0.3,0.4,0.1,0.1,0.1,0.1,0.1,0.2,0.2,0.2,0.2,0.2,0.2,0.2,0.3,0.3,0.3,0.3,0.3,0.3,0.3,0.3,0.3,0.4,0.4,0.4,0.4,0.4,0.4,0.4,12.100000000000005,0.20166666666666674
679,11:19,11,19,679,0.1,0.1,0.1,0.1,0.1,0.3,0.4,0.2,0.3,0.3,0.4,0.1,0.1,0.1,0.1,0.1,0.1,0.2,0.2,0.3,0.3,0.3,0.4,0.1,0.1,0.1,0.1,0.1,0.2,0.2,0.2,0.2,0.2,0.2,0.2,0.3,0.3,0.3,0.3,0.3,0.3,0.3,0.3,0.3,0.4,0.4,0.4,0.4,0.4,0.4,0.4,12.100000000000005,0.20166666666666674
680,11:20,11,20,680,0.1,0.1,0.1,0.1,0.1,0.3,0.4,0.2,0.3,0.3,0.4,0.1,0.1,0.1,0.1,0.1,0.1,0.2,0.2,0.3,0.3,0.3,0.4,0.1,0.1,0.1,0.1,0.1,0.2,0.2,0.2,0.2,0.2,0.2,0.2,0.3,0.3,0.3,0.3,0.3,0.3,0.3,0.3,0.3,0.4,0.4,0.4,0.4,0.4,0.4,0.4,12.100000000000005,0.20166666666666674
681,11:21,11,21,681,0.1,0.1,0.1,0.1,0.1,0.3,0.4,0.2,0.3,0.3,0.4,0.1,0.1,0.1,0.1,0.1,0.1,0.2,0.2,0.3,0.3,0.3,0.4,0.1,0.1,0.1,0.1,0.1,0.2,0.2,0.2,0.2,0.2,0.2,0.2,0.3,0.3,0.3,0.3,0.3,0.3,0.3,0.3,0.3,0.4,0.4,0.4,0.4,0.4,0.4,0.4,12.100000000000005,0.20166666666666674
682,11:22,11,22,682,0.1,0.1,0.1,0.1,0.1,0.3,0.4,0.2,0.3,0.3,0.4,0.1,0.1,0.1,0.1,0.1,0.1,0.2,0.2,0.3,0.3,0.3,0.4,0.1,0.1,0.1,0.1,0.1,0.2,0.2,0.2,0.2,0.2,0.2,0.2,0.3,0.3,0.3,0.3,0.3,0.3,0.3,0.3,0.3,0.4,0.4,0.4,0.4,0.4,0.4,0.4,12.100000000000005,0.20166666666666674
683,11:23,11,23,683,0.1,0.1,0.1,0.1,0.1,0.3,0.4,0.2,0.3,0.3,0.4,0.1,0.1,0.1,0.1,0.1,0.1,0.2,0.2,0.3,0.3,0.3,0.4,0.1,0.1,0.1,0.1,0.1,0.2,0.2,0.2,0.2,0.2,0.2,0.2,0.3,0.3,0.3,0.3,0.3,0.3,0.3,0.3,0.3,0.4,0.4,0.4,0.4,0.4,0.4,0.4,12.100000000000005,0.20166666666666674
684,11:24,11,24,684,0.1,0.1,0.1,0.1,0.1,0.3,0.4,0.2,0.3,0.3,0.4,0.1,0.1,0.1,0.1,0.1,0.1,0.2,0.2,0.3,0.3,0.3,0.4,0.1,0.1,0.1,0.1,0.1,0.2,0.2,0.2,0.2,0.2,0.2,0.2,0.3,0.3,0.3,0.3,0.3,0.3,0.3,0.3,0.3,0.4,0.4,0.4,0.4,0.4,0.4,0.4,12.100000000000005,0.20166666666666674
685,11:25,11,25,685,0.1,0.1,0.1,0.1,0.1,0.3,0.4,0.2,0.3,0.3,0.4,0.1,0.1,0.1,0.1,0.1,0.1,0.2,0.2,0.3,0.3,0.3,0.4,0.1,0.1,0.1,0.1,0.1,0.2,0.2,0.2,0.2,0.2,0.2,0.2,0.3,0.3,0.3,0.3,0.3,0.3,0.3,0.3,0.3,0.4,0.4,0.4,0.4,0.4,0.4,0.4,12.100000000000005,0.20166666666666674
686,11:26,11,26,686,0.1,0.1,0.1,0.1,0.1,0.3,0.4,0.2,0.3,0.3,0.4,0.1,0.1,0.1,0.1,0.1,0.1,0.2,0.2,0.3,0.3,0.3,0.4,0.1,0.1,0.1,0.1,0.1,0.2,0.2,0.2,0.2,0.2,0.2,0.2,0.3,0.3,0.3,0.3,0.3,0.3,0.3,0.3,0.3,0.4,0.4,0.4,0.4,0.4,0.4,0.4,12.100000000000005,0.20166666666666674
687,11:27,11,27,687,0.1,0.1,0.1,0.1,0.1,0.3,0.4,0.2,0.3,0.3,0.4,0.1,0.1,0.1,0.1,0.1,0.1,0.2,0.2,0.3,0.3,0.3,0.4,0.1,0.1,0.1,0.1,0.1,0.2,0.2,0.2,0.2,0.2,0.2,0.2,0.3,0.3,0.3,0.3,0.3,0.3,0.3,0.3,0.3,0.4,0.4,0.4,0.4,0.4,0.4,0.4,12.100000000000005,0.20166666666666674
688,11:28,11,28,688,0.1,0.1,0.1,0.1,0.1,0.3,0.4,0.2,0.3,0.3,0.4,0.1,0.1,0.1,0.1,0.1,0.1,0.2,0.2,0.3,0.3,0.3,0.4,0.1,0.1,0.1,0.1,0.1,0.2,0.2,0.2,0.2,0.2,0.2,0.2,0.3,0.3,0.3,0.3,0.3,0.3,0.3,0.3,0.3,0.4,0.4,0.4,0.4,0.4,0.4,0.4,12.100000000000005,0.20166666666666674
689,11:29,11,29,689,0.1,0.1,0.1,0.1,0.1,0.3,0.4,0.2,0.3,0.3,0.4,0.1,0.1,0.1,0.1,0.1,0.1,0.2,0.2,0.3,0.3,0.3,0.4,0.1,0.1,0.1,0.1,0.1,0.2,0.2,0.2,0.2,0.2,0.2,0.2,0.3,0.3,0.3,0.3,0.3,0.3,0.3,0.3,0.3,0.4,0.4,0.4,0.4,0.4,0.4,0.4,12.100000000000005,0.20166666666666674
690,11:30,11,30,690,0.1,0.1,0.1,0.1,0.1,0.3,0.4,0.2,0.3,0.3,0.4,0.1,0.1,0.1,0.1,0.1,0.1,0.2,0.2,0.3,0.3,0.3,0.4,0.1,0.1,0.1,0.1,0.1,0.2,0.2,0.2,0.2,0.2,0.2,0.2,0.3,0.3,0.3,0.3,0.3,0.3,0.3,0.3,0.3,0.4,0.4,0.4,0.4,0.4,0.4,0.4,12.100000000000005,0.20166666666666674
691,11:31,11,31,691,0.1,0.1,0.1,0.1,0.1,0.3,0.4,0.2,0.3,0.3,0.4,0.1,0.1,0.1,0.1,0.1,0.1,0.2,0.2,0.3,0.3,0.3,0.4,0.1,0.1,0.1,0.1,0.1,0.2,0.2,0.2,0.2,0.2,0.2,0.2,0.3,0.3,0.3,0.3,0.3,0.3,0.3,0.3,0.3,0.4,0.4,0.4,0.4,0.4,0.4,0.4,12.100000000000005,0.20166666666666674
692,11:32,11,32,692,0.1,0.1,0.1,0.1,0.1,0.3,0.4,0.2,0.3,0.3,0.4,0.1,0.1,0.1,0.1,0.1,0.1,0.2,0.2,0.3,0.3,0.3,0.4,0.1,0.1,0.1,0.1,0.1,0.2,0.2,0.2,0.2,0.2,0.2,0.2,0.3,0.3,0.3,0.3,0.3,0.3,0.3,0.3,0.3,0.4,0.4,0.4,0.4,0.4,0.4,0.4,12.100000000000005,0.20166666666666674
693,11:33,11,33,693,0.1,0.1,0.1,0.1,0.1,0.3,0.4,0.2,0.3,0.3,0.4,0.1,0.1,0.1,0.1,0.1,0.1,0.2,0.2,0.3,0.3,0.3,0.4,0.1,0.1,0.1,0.1,0.1,0.2,0.2,0.2,0.2,0.2,0.2,0.2,0.3,0.3,0.3,0.3,0.3,0.3,0.3,0.3,0.3,0.4,0.4,0.4,0.4,0.4,0.4,0.4,12.100000000000005,0.20166666666666674
694,11:34,11,34,694,0.1,0.1,0.1,0.1,0.1,0.3,0.4,0.2,0.3,0.3,0.4,0.1,0.1,0.1,0.1,0.1,0.1,0.2,0.2,0.3,0.3,0.3,0.4,0.1,0.1,0.1,0.1,0.1,0.2,0.2,0.2,0.2,0.2,0.2,0.2,0.3,0.3,0.3,0.3,0.3,0.3,0.3,0.3,0.3,0.4,0.4,0.4,0.4,0.4,0.4,0.4,12.100000000000005,0.20166666666666674
695,11:35,11,35,695,0.1,0.1,0.1,0.1,0.1,0.3,0.4,0.2,0.3,0.3,0.4,0.1,0.1,0.1,0.1,0.1,0.1,0.2,0.2,0.3,0.3,0.3,0.4,0.1,0.1,0.1,0.1,0.1,0.2,0.2,0.2,0.2,0.2,0.2,0.2,0.3,0.3,0.3,0.3,0.3,0.3,0.3,0.3,0.3,0.4,0.4,0.4,0.4,0.4,0.4,0.4,12.100000000000005,0.20166666666666674
696,11:36,11,36,696,0.1,0.1,0.1,0.1,0.1,0.3,0.4,0.2,0.3,0.3,0.4,0.1,0.1,0.1,0.1,0.1,0.1,0.2,0.2,0.3,0.3,0.3,0.4,0.1,0.1,0.1,0.1,0.1,0.2,0.2,0.2,0.2,0.2,0.2,0.2,0.3,0.3,0.3,0.3,0.3,0.3,0.3,0.3,0.3,0.4,0.4,0.4,0.4,0.4,0.4,0.4,12.100000000000005,0.20166666666666674
697,11:37,11,37,697,0.1,0.1,0.1,0.1,0.1,0.3,0.4,0.2,0.3,0.3,0.4,0.1,0.1,0.1,0.1,0.1,0.1,0.2,0.2,0.3,0.3,0.3,0.4,0.1,0.1,0.1,0.1,0.1,0.2,0.2,0.2,0.2,0.2,0.2,0.2,0.3,0.3,0.3,0.3,0.3,0.3,0.3,0.3,0.3,0.4,0.4,0.4,0.4,0.4,0.4,0.4,12.100000000000005,0.20166666666666674
698,11:38,11,38,698,0.1,0.1,0.1,0.1,0.1,0.3,0.4,0.2,0.3,0.3,0.4,0.1,0.1,0.1,0.1,0.1,0.1,0.2,0.2,0.3,0.3,0.3,0.4,0.1,0.1,0.1,0.1,0.1,0.2,0.2,0.2,0.2,0.2,0.2,0.2,0.3,0.3,0.3,0.3,0.3,0.3,0.3,0.3,0.3,0.4,0.4,0.4,0.4,0.4,0.4,0.4,12.100000000000005,0.20166666666666674
699,11:39,11,39,699,0.1,0.1,0.1,0.1,0.1,0.3,0.4,0.2,0.3,0.3,0.4,0.1,0.1,0.1,0.1,0.1,0.1,0.2,0.2,0.3,0.3,0.3,0.4,0.1,0.1,0.1,0.1,0.1,0.2,0.2,0.2,0.2,0.2,0.2,0.2,0.3,0.3,0.3,0.3,0.3,0.3,0.3,0.3,0.3,0.4,0.4,0.4,0.4,0.4,0.4,0.4,12.100000000000005,0.20166666666666674
700,11:40,11,40,700,0.1,0.1,0.1,0.1,0.1,0.3,0.4,0.2,0.3,0.3,0.4,0.1,0.1,0.1,0.1,0.1,0.1,0.2,0.2,0.3,0.3,0.3,0.4,0.1,0.1,0.1,0.1,0.1,0.2,0.2,0.2,0.2,0.2,0.2,0.2,0.3,0.3,0.3,0.3,0.3,0.3,0.3,0.3,0.3,0.4,0.4,0.4,0.4,0.4,0.4,0.4,12.100000000000005,0.20166666666666674
701,11:41,11,41,701,0.1,0.1,0.1,0.1,0.1,0.3,0.4,0.2,0.3,0.3,0.4,0.1,0.1,0.1,0.1,0.1,0.1,0.2,0.2,0.3,0.3,0.3,0.4,0.1,0.1,0.1,0.1,0.1,0.2,0.2,0.2,0.2,0.2,0.2,0.2,0.3,0.3,0.3,0.3,0.3,0.3,0.3,0.3,0.3,0.4,0.4,0.4,0.4,0.4,0.4,0.4,12.100000000000005,0.20166666666666674
702,11:42,11,42,702,0.1,0.1,0.1,0.1,0.1,0.3,0.4,0.2,0.3,0.3,0.4,0.1,0.1,0.1,0.1,0.1,0.1,0.2,0.2,0.3,0.3,0.3,0.4,0.1,0.1,0.1,0.1,0.1,0.2,0.2,0.2,0.2,0.2,0.2,0.2,0.3,0.3,0.3,0.3,0.3,0.3,0.3,0.3,0.3,0.4,0.4,0.4,0.4,0.4,0.4,0.4,12.100000000000005,0.20166666666666674
703,11:43,11,43,703,0.1,0.1,0.1,0.1,0.1,0.3,0.4,0.2,0.3,0.3,0.4,0.1,0.1,0.1,0.1,0.1,0.1,0.2,0.2,0.3,0.3,0.3,0.4,0.1,0.1,0.1,0.1,0.1,0.2,0.2,0.2,0.2,0.2,0.2,0.2,0.3,0.3,0.3,0.3,0.3,0.3,0.3,0.3,0.3,0.4,0.4,0.4,0.4,0.4,0.4,0.4,12.100000000000005,0.20166666666666674
704,11:44,11,44,704,0.1,0.1,0.1,0.1,0.1,0.3,0.4,0.2,0.3,0.3,0.4,0.1,0.1,0.1,0.1,0.1,0.1,0.2,0.2,0.3,0.3,0.3,0.4,0.1,0.1,0.1,0.1,0.1,0.2,0.2,0.2,0.2,0.2,0.2,0.2,0.3,0.3,0.3,0.3,0.3,0.3,0.3,0.3,0.3,0.4,0.4,0.4,0.4,0.4,0.4,0.4,12.100000000000005,0.20166666666666674
705,11:45,11,45,705,0.1,0.1,0.1,0.1,0.1,0.3,0.4,0.2,0.3,0.3,0.4,0.1,0.1,0.1,0.1,0.1,0.1,0.2,0.2,0.3,0.3,0.3,0.4,0.1,0.1,0.1,0.1,0.1,0.2,0.2,0.2,0.2,0.2,0.2,0.2,0.3,0.3,0.3,0.3,0.3,0.3,0.3,0.3,0.3,0.4,0.4,0.4,0.4,0.4,0.4,0.4,12.100000000000005,0.20166666666666674
706,11:46,11,46,706,0.1,0.1,0.1,0.1,0.1,0.3,0.4,0.2,0.3,0.3,0.4,0.1,0.1,0.1,0.1,0.1,0.1,0.2,0.2,0.3,0.3,0.3,0.4,0.1,0.1,0.1,0.1,0.1,0.2,0.2,0.2,0.2,0.2,0.2,0.2,0.3,0.3,0.3,0.3,0.3,0.3,0.3,0.3,0.3,0.4,0.4,0.4,0.4,0.4,0.4,0.4,12.100000000000005,0.20166666666666674
707,11:47,11,47,707,0.1,0.1,0.1,0.1,0.1,0.3,0.4,0.2,0.3,0.3,0.4,0.1,0.1,0.1,0.1,0.1,0.1,0.2,0.2,0.3,0.3,0.3,0.4,0.1,0.1,0.1,0.1,0.1,0.2,0.2,0.2,0.2,0.2,0.2,0.2,0.3,0.3,0.3,0.3,0.3,0.3,0.3,0.3,0.3,0.4,0.4,0.4,0.4,0.4,0.4,0.4,12.100000000000005,0.20166666666666674
708,11:48,11,48,708,0.1,0.1,0.1,0.1,0.1,0.3,0.4,0.2,0.3,0.3,0.4,0.1,0.1,0.1,0.1,0.1,0.1,0.2,0.2,0.3,0.3,0.3,0.4,0.1,0.1,0.1,0.1,0.1,0.2,0.2,0.2,0.2,0.2,0.2,0.2,0.3,0.3,0.3,0.3,0.3,0.3,0.3,0.3,0.3,0.4,0.4,0.4,0.4,0.4,0.4,0.4,12.100000000000005,0.20166666666666674
709,11:49,11,49,709,0.1,0.1,0.1,0.1,0.1,0.3,0.4,0.2,0.3,0.3,0.4,0.1,0.1,0.1,0.1,0.1,0.1,0.2,0.2,0.3,0.3,0.3,0.4,0.1,0.1,0.1,0.1,0.1,0.2,0.2,0.2,0.2,0.2,0.2,0.2,0.3,0.3,0.3,0.3,0.3,0.3,0.3,0.3,0.3,0.4,0.4,0.4,0.4,0.4,0.4,0.4,12.100000000000005,0.20166666666666674
710,11:50,11,50,710,0.1,0.1,0.1,0.1,0.1,0.3,0.4,0.2,0.3,0.3,0.4,0.1,0.1,0.1,0.1,0.1,0.1,0.2,0.2,0.3,0.3,0.3,0.4,0.1,0.1,0.1,0.1,0.1,0.2,0.2,0.2,0.2,0.2,0.2,0.2,0.3,0.3,0.3,0.3,0.3,0.3,0.3,0.3,0.3,0.4,0.4,0.4,0.4,0.4,0.4,0.4,12.100000000000005,0.20166666666666674
711,11:51,11,51,711,0.1,0.1,0.1,0.1,0.1,0.3,0.4,0.2,0.3,0.3,0.4,0.1,0.1,0.1,0.1,0.1,0.1,0.2,0.2,0.3,0.3,0.3,0.4,0.1,0.1,0.1,0.1,0.1,0.2,0.2,0.2,0.2,0.2,0.2,0.2,0.3,0.3,0.3,0.3,0.3,0.3,0.3,0.3,0.3,0.4,0.4,0.4,0.4,0.4,0.4,0.4,12.100000000000005,0.20166666666666674
712,11:52,11,52,712,0.1,0.1,0.1,0.1,0.1,0.3,0.4,0.2,0.3,0.3,0.4,0.1,0.1,0.1,0.1,0.1,0.1,0.2,0.2,0.3,0.3,0.3,0.4,0.1,0.1,0.1,0.1,0.1,0.2,0.2,0.2,0.2,0.2,0.2,0.2,0.3,0.3,0.3,0.3,0.3,0.3,0.3,0.3,0.3,0.4,0.4,0.4,0.4,0.4,0.4,0.4,12.100000000000005,0.20166666666666674
713,11:53,11,53,713,0.1,0.1,0.1,0.1,0.1,0.3,0.4,0.2,0.3,0.3,0.4,0.1,0.1,0.1,0.1,0.1,0.1,0.2,0.2,0.3,0.3,0.3,0.4,0.1,0.1,0.1,0.1,0.1,0.2,0.2,0.2,0.2,0.2,0.2,0.2,0.3,0.3,0.3,0.3,0.3,0.3,0.3,0.3,0.3,0.4,0.4,0.4,0.4,0.4,0.4,0.4,12.100000000000005,0.20166666666666674
714,11:54,11,54,714,0.1,0.1,0.1,0.1,0.1,0.3,0.4,0.2,0.3,0.3,0.4,0.1,0.1,0.1,0.1,0.1,0.1,0.2,0.2,0.3,0.3,0.3,0.4,0.1,0.1,0.1,0.1,0.1,0.2,0.2,0.2,0.2,0.2,0.2,0.2,0.3,0.3,0.3,0.3,0.3,0.3,0.3,0.3,0.3,0.4,0.4,0.4,0.4,0.4,0.4,0.4,12.100000000000005,0.20166666666666674
715,11:55,11,55,715,0.1,0.1,0.1,0.1,0.1,0.3,0.4,0.2,0.3,0.3,0.4,0.1,0.1,0.1,0.1,0.1,0.1,0.2,0.2,0.3,0.3,0.3,0.4,0.1,0.1,0.1,0.1,0.1,0.2,0.2,0.2,0.2,0.2,0.2,0.2,0.3,0.3,0.3,0.3,0.3,0.3,0.3,0.3,0.3,0.4,0.4,0.4,0.4,0.4,0.4,0.4,12.100000000000005,0.20166666666666674
716,11:56,11,56,716,0.1,0.1,0.1,0.1,0.1,0.3,0.4,0.2,0.3,0.3,0.4,0.1,0.1,0.1,0.1,0.1,0.1,0.2,0.2,0.3,0.3,0.3,0.4,0.1,0.1,0.1,0.1,0.1,0.2,0.2,0.2,0.2,0.2,0.2,0.2,0.3,0.3,0.3,0.3,0.3,0.3,0.3,0.3,0.3,0.4,0.4,0.4,0.4,0.4,0.4,0.4,12.100000000000005,0.20166666666666674
717,11:57,11,57,717,0.1,0.1,0.1,0.1,0.1,0.3,0.4,0.2,0.3,0.3,0.4,0.1,0.1,0.1,0.1,0.1,0.1,0.2,0.2,0.3,0.3,0.3,0.4,0.1,0.1,0.1,0.1,0.1,0.2,0.2,0.2,0.2,0.2,0.2,0.2,0.3,0.3,0.3,0.3,0.3,0.3,0.3,0.3,0.3,0.4,0.4,0.4,0.4,0.4,0.4,0.4,12.100000000000005,0.20166666666666674
718,11:58,11,58,718,0.1,0.1,0.1,0.1,0.1,0.3,0.4,0.2,0.3,0.3,0.4,0.1,0.1,0.1,0.1,0.1,0.1,0.2,0.2,0.3,0.3,0.3,0.4,0.1,0.1,0.1,0.1,0.1,0.2,0.2,0.2,0.2,0.2,0.2,0.2,0.3,0.3,0.3,0.3,0.3,0.3,0.3,0.3,0.3,0.4,0.4,0.4,0.4,0.4,0.4,0.4,12.100000000000005,0.20166666666666674
719,11:59,11,59,719,0.1,0.1,0.1,0.1,0.1,0.3,0.4,0.2,0.3,0.3,0.4,0.1,0.1,0.1,0.1,0.1,0.1,0.2,0.2,0.3,0.3,0.3,0.4,0.1,0.1,0.1,0.1,0.1,0.2,0.2,0.2,0.2,0.2,0.2,0.2,0.3,0.3,0.3,0.3,0.3,0.3,0.3,0.3,0.3,0.4,0.4,0.4,0.4,0.4,0.4,0.4,12.100000000000005,0.20166666666666674
720,12:00,12,0,720,0.1,0.1,0.1,0.1,0.1,0.3,0.4,0.2,0.3,0.3,0.4,0.1,0.1,0.1,0.1,0.1,0.1,0.2,0.2,0.3,0.3,0.3,0.4,0.1,0.1,0.1,0.1,0.1,0.2,0.2,0.2,0.2,0.2,0.2,0.2,0.3,0.3,0.3,0.3,0.3,0.3,0.3,0.3,0.3,0.4,0.4,0.4,0.4,0.4,0.4,0.4,12.100000000000005,0.20166666666666674
721,12:01,12,1,721,0.1,0.1,0.1,0.1,0.1,0.3,0.4,0.2,0.3,0.3,0.4,0.1,0.1,0.1,0.1,0.1,0.1,0.2,0.2,0.3,0.3,0.3,0.4,0.1,0.1,0.1,0.1,0.1,0.2,0.2,0.2,0.2,0.2,0.2,0.2,0.3,0.3,0.3,0.3,0.3,0.3,0.3,0.3,0.3,0.4,0.4,0.4,0.4,0.4,0.4,0.4,12.100000000000005,0.20166666666666674
722,12:02,12,2,722,0.1,0.1,0.1,0.1,0.1,0.3,0.4,0.2,0.3,0.3,0.4,0.1,0.1,0.1,0.1,0.1,0.1,0.2,0.2,0.3,0.3,0.3,0.4,0.1,0.1,0.1,0.1,0.1,0.2,0.2,0.2,0.2,0.2,0.2,0.2,0.3,0.3,0.3,0.3,0.3,0.3,0.3,0.3,0.3,0.4,0.4,0.4,0.4,0.4,0.4,0.4,12.100000000000005,0.20166666666666674
723,12:03,12,3,723,0.1,0.1,0.1,0.1,0.1,0.3,0.4,0.2,0.3,0.3,0.4,0.1,0.1,0.1,0.1,0.1,0.1,0.2,0.2,0.3,0.3,0.3,0.4,0.1,0.1,0.1,0.1,0.1,0.2,0.2,0.2,0.2,0.2,0.2,0.2,0.3,0.3,0.3,0.3,0.3,0.3,0.3,0.3,0.3,0.4,0.4,0.4,0.4,0.4,0.4,0.4,12.100000000000005,0.20166666666666674
724,12:04,12,4,724,0.1,0.1,0.1,0.1,0.1,0.3,0.4,0.2,0.3,0.3,0.4,0.1,0.1,0.1,0.1,0.1,0.1,0.2,0.2,0.3,0.3,0.3,0.4,0.1,0.1,0.1,0.1,0.1,0.2,0.2,0.2,0.2,0.2,0.2,0.2,0.3,0.3,0.3,0.3,0.3,0.3,0.3,0.3,0.3,0.4,0.4,0.4,0.4,0.4,0.4,0.4,12.100000000000005,0.20166666666666674
725,12:05,12,5,725,0.1,0.1,0.1,0.1,0.1,0.3,0.4,0.2,0.3,0.3,0.4,0.1,0.1,0.1,0.1,0.1,0.1,0.2,0.2,0.3,0.3,0.3,0.4,0.1,0.1,0.1,0.1,0.1,0.2,0.2,0.2,0.2,0.2,0.2,0.2,0.3,0.3,0.3,0.3,0.3,0.3,0.3,0.3,0.3,0.4,0.4,0.4,0.4,0.4,0.4,0.4,12.100000000000005,0.20166666666666674
726,12:06,12,6,726,0.1,0.1,0.1,0.1,0.1,0.3,0.4,0.2,0.3,0.3,0.4,0.1,0.1,0.1,0.1,0.1,0.1,0.2,0.2,0.3,0.3,0.3,0.4,0.1,0.1,0.1,0.1,0.1,0.2,0.2,0.2,0.2,0.2,0.2,0.2,0.3,0.3,0.3,0.3,0.3,0.3,0.3,0.3,0.3,0.4,0.4,0.4,0.4,0.4,0.4,0.4,12.100000000000005,0.20166666666666674
727,12:07,12,7,727,0.1,0.1,0.1,0.1,0.1,0.3,0.4,0.2,0.3,0.3,0.4,0.1,0.1,0.1,0.1,0.1,0.1,0.2,0.2,0.3,0.3,0.3,0.4,0.1,0.1,0.1,0.1,0.1,0.2,0.2,0.2,0.2,0.2,0.2,0.2,0.3,0.3,0.3,0.3,0.3,0.3,0.3,0.3,0.3,0.4,0.4,0.4,0.4,0.4,0.4,0.4,12.100000000000005,0.20166666666666674
728,12:08,12,8,728,0.1,0.1,0.1,0.1,0.1,0.3,0.4,0.2,0.3,0.3,0.4,0.1,0.1,0.1,0.1,0.1,0.1,0.2,0.2,0.3,0.3,0.3,0.4,0.1,0.1,0.1,0.1,0.1,0.2,0.2,0.2,0.2,0.2,0.2,0.2,0.3,0.3,0.3,0.3,0.3,0.3,0.3,0.3,0.3,0.4,0.4,0.4,0.4,0.4,0.4,0.4,12.100000000000005,0.20166666666666674
729,12:09,12,9,729,0.1,0.1,0.1,0.1,0.1,0.3,0.4,0.2,0.3,0.3,0.4,0.1,0.1,0.1,0.1,0.1,0.1,0.2,0.2,0.3,0.3,0.3,0.4,0.1,0.1,0.1,0.1,0.1,0.2,0.2,0.2,0.2,0.2,0.2,0.2,0.3,0.3,0.3,0.3,0.3,0.3,0.3,0.3,0.3,0.4,0.4,0.4,0.4,0.4,0.4,0.4,12.100000000000005,0.20166666666666674
730,12:10,12,10,730,0.1,0.1,0.1,0.1,0.1,0.3,0.4,0.2,0.3,0.3,0.4,0.1,0.1,0.1,0.1,0.1,0.1,0.2,0.2,0.3,0.3,0.3,0.4,0.1,0.1,0.1,0.1,0.1,0.2,0.2,0.2,0.2,0.2,0.2,0.2,0.3,0.3,0.3,0.3,0.3,0.3,0.3,0.3,0.3,0.4,0.4,0.4,0.4,0.4,0.4,0.4,12.100000000000005,0.20166666666666674
731,12:11,12,11,731,0.1,0.1,0.1,0.1,0.1,0.3,0.4,0.2,0.3,0.3,0.4,0.1,0.1,0.1,0.1,0.1,0.1,0.2,0.2,0.3,0.3,0.3,0.4,0.1,0.1,0.1,0.1,0.1,0.2,0.2,0.2,0.2,0.2,0.2,0.2,0.3,0.3,0.3,0.3,0.3,0.3,0.3,0.3,0.3,0.4,0.4,0.4,0.4,0.4,0.4,0.4,12.100000000000005,0.20166666666666674
732,12:12,12,12,732,0.1,0.1,0.1,0.1,0.1,0.3,0.4,0.2,0.3,0.3,0.4,0.1,0.1,0.1,0.1,0.1,0.1,0.2,0.2,0.3,0.3,0.3,0.4,0.1,0.1,0.1,0.1,0.1,0.2,0.2,0.2,0.2,0.2,0.2,0.2,0.3,0.3,0.3,0.3,0.3,0.3,0.3,0.3,0.3,0.4,0.4,0.4,0.4,0.4,0.4,0.4,12.100000000000005,0.20166666666666674
733,12:13,12,13,733,0.1,0.1,0.1,0.1,0.1,0.3,0.4,0.2,0.3,0.3,0.4,0.1,0.1,0.1,0.1,0.1,0.1,0.2,0.2,0.3,0.3,0.3,0.4,0.1,0.1,0.1,0.1,0.1,0.2,0.2,0.2,0.2,0.2,0.2,0.2,0.3,0.3,0.3,0.3,0.3,0.3,0.3,0.3,0.3,0.4,0.4,0.4,0.4,0.4,0.4,0.4,12.100000000000005,0.20166666666666674
734,12:14,12,14,734,0.1,0.1,0.1,0.1,0.1,0.3,0.4,0.2,0.3,0.3,0.4,0.1,0.1,0.1,0.1,0.1,0.1,0.2,0.2,0.3,0.3,0.3,0.4,0.1,0.1,0.1,0.1,0.1,0.2,0.2,0.2,0.2,0.2,0.2,0.2,0.3,0.3,0.3,0.3,0.3,0.3,0.3,0.3,0.3,0.4,0.4,0.4,0.4,0.4,0.4,0.4,12.100000000000005,0.20166666666666674
735,12:15,12,15,735,0.1,0.1,0.1,0.1,0.1,0.3,0.4,0.2,0.3,0.3,0.4,0.1,0.1,0.1,0.1,0.1,0.1,0.2,0.2,0.3,0.3,0.3,0.4,0.1,0.1,0.1,0.1,0.1,0.2,0.2,0.2,0.2,0.2,0.2,0.2,0.3,0.3,0.3,0.3,0.3,0.3,0.3,0.3,0.3,0.4,0.4,0.4,0.4,0.4,0.4,0.4,12.100000000000005,0.20166666666666674
736,12:16,12,16,736,0.1,0.1,0.1,0.1,0.1,0.3,0.4,0.2,0.3,0.3,0.4,0.1,0.1,0.1,0.1,0.1,0.1,0.2,0.2,0.3,0.3,0.3,0.4,0.1,0.1,0.1,0.1,0.1,0.2,0.2,0.2,0.2,0.2,0.2,0.2,0.3,0.3,0.3,0.3,0.3,0.3,0.3,0.3,0.3,0.4,0.4,0.4,0.4,0.4,0.4,0.4,12.100000000000005,0.20166666666666674
737,12:17,12,17,737,0.1,0.1,0.1,0.1,0.1,0.3,0.4,0.2,0.3,0.3,0.4,0.1,0.1,0.1,0.1,0.1,0.1,0.2,0.2,0.3,0.3,0.3,0.4,0.1,0.1,0.1,0.1,0.1,0.2,0.2,0.2,0.2,0.2,0.2,0.2,0.3,0.3,0.3,0.3,0.3,0.3,0.3,0.3,0.3,0.4,0.4,0.4,0.4,0.4,0.4,0.4,12.100000000000005,0.20166666666666674
738,12:18,12,18,738,0.1,0.1,0.1,0.1,0.1,0.3,0.4,0.2,0.3,0.3,0.4,0.1,0.1,0.1,0.1,0.1,0.1,0.2,0.2,0.3,0.3,0.3,0.4,0.1,0.1,0.1,0.1,0.1,0.2,0.2,0.2,0.2,0.2,0.2,0.2,0.3,0.3,0.3,0.3,0.3,0.3,0.3,0.3,0.3,0.4,0.4,0.4,0.4,0.4,0.4,0.4,12.100000000000005,0.20166666666666674
739,12:19,12,19,739,0.1,0.1,0.1,0.1,0.1,0.3,0.4,0.2,0.3,0.3,0.4,0.1,0.1,0.1,0.1,0.1,0.1,0.2,0.2,0.3,0.3,0.3,0.4,0.1,0.1,0.1,0.1,0.1,0.2,0.2,0.2,0.2,0.2,0.2,0.2,0.3,0.3,0.3,0.3,0.3,0.3,0.3,0.3,0.3,0.4,0.4,0.4,0.4,0.4,0.4,0.4,12.100000000000005,0.20166666666666674
740,12:20,12,20,740,0.1,0.1,0.1,0.1,0.1,0.3,0.4,0.2,0.3,0.3,0.4,0.1,0.1,0.1,0.1,0.1,0.1,0.2,0.2,0.3,0.3,0.3,0.4,0.1,0.1,0.1,0.1,0.1,0.2,0.2,0.2,0.2,0.2,0.2,0.2,0.3,0.3,0.3,0.3,0.3,0.3,0.3,0.3,0.3,0.4,0.4,0.4,0.4,0.4,0.4,0.4,12.100000000000005,0.20166666666666674
741,12:21,12,21,741,0.1,0.1,0.1,0.1,0.1,0.3,0.4,0.2,0.3,0.3,0.4,0.1,0.1,0.1,0.1,0.1,0.1,0.2,0.2,0.3,0.3,0.3,0.4,0.1,0.1,0.1,0.1,0.1,0.2,0.2,0.2,0.2,0.2,0.2,0.2,0.3,0.3,0.3,0.3,0.3,0.3,0.3,0.3,0.3,0.4,0.4,0.4,0.4,0.4,0.4,0.4,12.100000000000005,0.20166666666666674
742,12:22,12,22,742,0.1,0.1,0.1,0.1,0.1,0.3,0.4,0.2,0.3,0.3,0.4,0.1,0.1,0.1,0.1,0.1,0.1,0.2,0.2,0.3,0.3,0.3,0.4,0.1,0.1,0.1,0.1,0.1,0.2,0.2,0.2,0.2,0.2,0.2,0.2,0.3,0.3,0.3,0.3,0.3,0.3,0.3,0.3,0.3,0.4,0.4,0.4,0.4,0.4,0.4,0.4,12.100000000000005,0.20166666666666674
743,12:23,12,23,743,0.1,0.1,0.1,0.1,0.1,0.3,0.4,0.2,0.3,0.3,0.4,0.1,0.1,0.1,0.1,0.1,0.1,0.2,0.2,0.3,0.3,0.3,0.4,0.1,0.1,0.1,0.1,0.1,0.2,0.2,0.2,0.2,0.2,0.2,0.2,0.3,0.3,0.3,0.3,0.3,0.3,0.3,0.3,0.3,0.4,0.4,0.4,0.4,0.4,0.4,0.4,12.100000000000005,0.20166666666666674
744,12:24,12,24,744,0.1,0.1,0.1,0.1,0.1,0.3,0.4,0.2,0.3,0.3,0.4,0.1,0.1,0.1,0.1,0.1,0.1,0.2,0.2,0.3,0.3,0.3,0.4,0.1,0.1,0.1,0.1,0.1,0.2,0.2,0.2,0.2,0.2,0.2,0.2,0.3,0.3,0.3,0.3,0.3,0.3,0.3,0.3,0.3,0.4,0.4,0.4,0.4,0.4,0.4,0.4,12.100000000000005,0.20166666666666674
745,12:25,12,25,745,0.1,0.1,0.1,0.1,0.1,0.3,0.4,0.2,0.3,0.3,0.4,0.1,0.1,0.1,0.1,0.1,0.1,0.2,0.2,0.3,0.3,0.3,0.4,0.1,0.1,0.1,0.1,0.1,0.2,0.2,0.2,0.2,0.2,0.2,0.2,0.3,0.3,0.3,0.3,0.3,0.3,0.3,0.3,0.3,0.4,0.4,0.4,0.4,0.4,0.4,0.4,12.100000000000005,0.20166666666666674
746,12:26,12,26,746,0.1,0.1,0.1,0.1,0.1,0.3,0.4,0.2,0.3,0.3,0.4,0.1,0.1,0.1,0.1,0.1,0.1,0.2,0.2,0.3,0.3,0.3,0.4,0.1,0.1,0.1,0.1,0.1,0.2,0.2,0.2,0.2,0.2,0.2,0.2,0.3,0.3,0.3,0.3,0.3,0.3,0.3,0.3,0.3,0.4,0.4,0.4,0.4,0.4,0.4,0.4,12.100000000000005,0.20166666666666674
747,12:27,12,27,747,0.1,0.1,0.1,0.1,0.1,0.3,0.4,0.2,0.3,0.3,0.4,0.1,0.1,0.1,0.1,0.1,0.1,0.2,0.2,0.3,0.3,0.3,0.4,0.1,0.1,0.1,0.1,0.1,0.2,0.2,0.2,0.2,0.2,0.2,0.2,0.3,0.3,0.3,0.3,0.3,0.3,0.3,0.3,0.3,0.4,0.4,0.4,0.4,0.4,0.4,0.4,12.100000000000005,0.20166666666666674
748,12:28,12,28,748,0.1,0.1,0.1,0.1,0.1,0.3,0.4,0.2,0.3,0.3,0.4,0.1,0.1,0.1,0.1,0.1,0.1,0.2,0.2,0.3,0.3,0.3,0.4,0.1,0.1,0.1,0.1,0.1,0.2,0.2,0.2,0.2,0.2,0.2,0.2,0.3,0.3,0.3,0.3,0.3,0.3,0.3,0.3,0.3,0.4,0.4,0.4,0.4,0.4,0.4,0.4,12.100000000000005,0.20166666666666674
749,12:29,12,29,749,0.1,0.1,0.1,0.1,0.1,0.3,0.4,0.2,0.3,0.3,0.4,0.1,0.1,0.1,0.1,0.1,0.1,0.2,0.2,0.3,0.3,0.3,0.4,0.1,0.1,0.1,0.1,0.1,0.2,0.2,0.2,0.2,0.2,0.2,0.2,0.3,0.3,0.3,0.3,0.3,0.3,0.3,0.3,0.3,0.4,0.4,0.4,0.4,0.4,0.4,0.4,12.100000000000005,0.20166666666666674
750,12:30,12,30,750,0.1,0.1,0.1,0.1,0.1,0.3,0.4,0.2,0.3,0.3,0.4,0.1,0.1,0.1,0.1,0.1,0.1,0.2,0.2,0.3,0.3,0.3,0.4,0.1,0.1,0.1,0.1,0.1,0.2,0.2,0.2,0.2,0.2,0.2,0.2,0.3,0.3,0.3,0.3,0.3,0.3,0.3,0.3,0.3,0.4,0.4,0.4,0.4,0.4,0.4,0.4,12.100000000000005,0.20166666666666674
751,12:31,12,31,751,0.1,0.1,0.1,0.1,0.1,0.3,0.4,0.2,0.3,0.3,0.4,0.1,0.1,0.1,0.1,0.1,0.1,0.2,0.2,0.3,0.3,0.3,0.4,0.1,0.1,0.1,0.1,0.1,0.2,0.2,0.2,0.2,0.2,0.2,0.2,0.3,0.3,0.3,0.3,0.3,0.3,0.3,0.3,0.3,0.4,0.4,0.4,0.4,0.4,0.4,0.4,12.100000000000005,0.20166666666666674
752,12:32,12,32,752,0.1,0.1,0.1,0.1,0.1,0.3,0.4,0.2,0.3,0.3,0.4,0.1,0.1,0.1,0.1,0.1,0.1,0.2,0.2,0.3,0.3,0.3,0.4,0.1,0.1,0.1,0.1,0.1,0.2,0.2,0.2,0.2,0.2,0.2,0.2,0.3,0.3,0.3,0.3,0.3,0.3,0.3,0.3,0.3,0.4,0.4,0.4,0.4,0.4,0.4,0.4,12.100000000000005,0.20166666666666674
753,12:33,12,33,753,0.1,0.1,0.1,0.1,0.1,0.3,0.4,0.2,0.3,0.3,0.4,0.1,0.1,0.1,0.1,0.1,0.1,0.2,0.2,0.3,0.3,0.3,0.4,0.1,0.1,0.1,0.1,0.1,0.2,0.2,0.2,0.2,0.2,0.2,0.2,0.3,0.3,0.3,0.3,0.3,0.3,0.3,0.3,0.3,0.4,0.4,0.4,0.4,0.4,0.4,0.4,12.100000000000005,0.20166666666666674
754,12:34,12,34,754,0.1,0.1,0.1,0.1,0.1,0.3,0.4,0.2,0.3,0.3,0.4,0.1,0.1,0.1,0.1,0.1,0.1,0.2,0.2,0.3,0.3,0.3,0.4,0.1,0.1,0.1,0.1,0.1,0.2,0.2,0.2,0.2,0.2,0.2,0.2,0.3,0.3,0.3,0.3,0.3,0.3,0.3,0.3,0.3,0.4,0.4,0.4,0.4,0.4,0.4,0.4,12.100000000000005,0.20166666666666674
755,12:35,12,35,755,0.1,0.1,0.1,0.1,0.1,0.3,0.4,0.2,0.3,0.3,0.4,0.1,0.1,0.1,0.1,0.1,0.1,0.2,0.2,0.3,0.3,0.3,0.4,0.1,0.1,0.1,0.1,0.1,0.2,0.2,0.2,0.2,0.2,0.2,0.2,0.3,0.3,0.3,0.3,0.3,0.3,0.3,0.3,0.3,0.4,0.4,0.4,0.4,0.4,0.4,0.4,12.100000000000005,0.20166666666666674
756,12:36,12,36,756,0.1,0.1,0.1,0.1,0.1,0.3,0.4,0.2,0.3,0.3,0.4,0.1,0.1,0.1,0.1,0.1,0.1,0.2,0.2,0.3,0.3,0.3,0.4,0.1,0.1,0.1,0.1,0.1,0.2,0.2,0.2,0.2,0.2,0.2,0.2,0.3,0.3,0.3,0.3,0.3,0.3,0.3,0.3,0.3,0.4,0.4,0.4,0.4,0.4,0.4,0.4,12.100000000000005,0.20166666666666674
757,12:37,12,37,757,0.1,0.1,0.1,0.1,0.1,0.3,0.4,0.2,0.3,0.3,0.4,0.1,0.1,0.1,0.1,0.1,0.1,0.2,0.2,0.3,0.3,0.3,0.4,0.1,0.1,0.1,0.1,0.1,0.2,0.2,0.2,0.2,0.2,0.2,0.2,0.3,0.3,0.3,0.3,0.3,0.3,0.3,0.3,0.3,0.4,0.4,0.4,0.4,0.4,0.4,0.4,12.100000000000005,0.20166666666666674
758,12:38,12,38,758,0.1,0.1,0.1,0.1,0.1,0.3,0.4,0.2,0.3,0.3,0.4,0.1,0.1,0.1,0.1,0.1,0.1,0.2,0.2,0.3,0.3,0.3,0.4,0.1,0.1,0.1,0.1,0.1,0.2,0.2,0.2,0.2,0.2,0.2,0.2,0.3,0.3,0.3,0.3,0.3,0.3,0.3,0.3,0.3,0.4,0.4,0.4,0.4,0.4,0.4,0.4,12.100000000000005,0.20166666666666674
759,12:39,12,39,759,0.1,0.1,0.1,0.1,0.1,0.3,0.4,0.2,0.3,0.3,0.4,0.1,0.1,0.1,0.1,0.1,0.1,0.2,0.2,0.3,0.3,0.3,0.4,0.1,0.1,0.1,0.1,0.1,0.2,0.2,0.2,0.2,0.2,0.2,0.2,0.3,0.3,0.3,0.3,0.3,0.3,0.3,0.3,0.3,0.4,0.4,0.4,0.4,0.4,0.4,0.4,12.100000000000005,0.20166666666666674
760,12:40,12,40,760,0.1,0.1,0.1,0.1,0.1,0.3,0.4,0.2,0.3,0.3,0.4,0.1,0.1,0.1,0.1,0.1,0.1,0.2,0.2,0.3,0.3,0.3,0.4,0.1,0.1,0.1,0.1,0.1,0.2,0.2,0.2,0.2,0.2,0.2,0.2,0.3,0.3,0.3,0.3,0.3,0.3,0.3,0.3,0.3,0.4,0.4,0.4,0.4,0.4,0.4,0.4,12.100000000000005,0.20166666666666674
761,12:41,12,41,761,0.1,0.1,0.1,0.1,0.1,0.3,0.4,0.2,0.3,0.3,0.4,0.1,0.1,0.1,0.1,0.1,0.1,0.2,0.2,0.3,0.3,0.3,0.4,0.1,0.1,0.1,0.1,0.1,0.2,0.2,0.2,0.2,0.2,0.2,0.2,0.3,0.3,0.3,0.3,0.3,0.3,0.3,0.3,0.3,0.4,0.4,0.4,0.4,0.4,0.4,0.4,12.100000000000005,0.20166666666666674
762,12:42,12,42,762,0.1,0.1,0.1,0.1,0.1,0.3,0.4,0.2,0.3,0.3,0.4,0.1,0.1,0.1,0.1,0.1,0.1,0.2,0.2,0.3,0.3,0.3,0.4,0.1,0.1,0.1,0.1,0.1,0.2,0.2,0.2,0.2,0.2,0.2,0.2,0.3,0.3,0.3,0.3,0.3,0.3,0.3,0.3,0.3,0.4,0.4,0.4,0.4,0.4,0.4,0.4,12.100000000000005,0.20166666666666674
763,12:43,12,43,763,0.1,0.1,0.1,0.1,0.1,0.3,0.4,0.2,0.3,0.3,0.4,0.1,0.1,0.1,0.1,0.1,0.1,0.2,0.2,0.3,0.3,0.3,0.4,0.1,0.1,0.1,0.1,0.1,0.2,0.2,0.2,0.2,0.2,0.2,0.2,0.3,0.3,0.3,0.3,0.3,0.3,0.3,0.3,0.3,0.4,0.4,0.4,0.4,0.4,0.4,0.4,12.100000000000005,0.20166666666666674
764,12:44,12,44,764,0.1,0.1,0.1,0.1,0.1,0.3,0.4,0.2,0.3,0.3,0.4,0.1,0.1,0.1,0.1,0.1,0.1,0.2,0.2,0.3,0.3,0.3,0.4,0.1,0.1,0.1,0.1,0.1,0.2,0.2,0.2,0.2,0.2,0.2,0.2,0.3,0.3,0.3,0.3,0.3,0.3,0.3,0.3,0.3,0.4,0.4,0.4,0.4,0.4,0.4,0.4,12.100000000000005,0.20166666666666674
765,12:45,12,45,765,0.1,0.1,0.1,0.1,0.1,0.3,0.4,0.2,0.3,0.3,0.4,0.1,0.1,0.1,0.1,0.1,0.1,0.2,0.2,0.3,0.3,0.3,0.4,0.1,0.1,0.1,0.1,0.1,0.2,0.2,0.2,0.2,0.2,0.2,0.2,0.3,0.3,0.3,0.3,0.3,0.3,0.3,0.3,0.3,0.4,0.4,0.4,0.4,0.4,0.4,0.4,12.100000000000005,0.20166666666666674
766,12:46,12,46,766,0.1,0.1,0.1,0.1,0.1,0.3,0.4,0.2,0.3,0.3,0.4,0.1,0.1,0.1,0.1,0.1,0.1,0.2,0.2,0.3,0.3,0.3,0.4,0.1,0.1,0.1,0.1,0.1,0.2,0.2,0.2,0.2,0.2,0.2,0.2,0.3,0.3,0.3,0.3,0.3,0.3,0.3,0.3,0.3,0.4,0.4,0.4,0.4,0.4,0.4,0.4,12.100000000000005,0.20166666666666674
767,12:47,12,47,767,0.1,0.1,0.1,0.1,0.1,0.3,0.4,0.2,0.3,0.3,0.4,0.1,0.1,0.1,0.1,0.1,0.1,0.2,0.2,0.3,0.3,0.3,0.4,0.1,0.1,0.1,0.1,0.1,0.2,0.2,0.2,0.2,0.2,0.2,0.2,0.3,0.3,0.3,0.3,0.3,0.3,0.3,0.3,0.3,0.4,0.4,0.4,0.4,0.4,0.4,0.4,12.100000000000005,0.20166666666666674
768,12:48,12,48,768,0.1,0.1,0.1,0.1,0.1,0.3,0.4,0.2,0.3,0.3,0.4,0.1,0.1,0.1,0.1,0.1,0.1,0.2,0.2,0.3,0.3,0.3,0.4,0.1,0.1,0.1,0.1,0.1,0.2,0.2,0.2,0.2,0.2,0.2,0.2,0.3,0.3,0.3,0.3,0.3,0.3,0.3,0.3,0.3,0.4,0.4,0.4,0.4,0.4,0.4,0.4,12.100000000000005,0.20166666666666674
769,12:49,12,49,769,0.1,0.1,0.1,0.1,0.1,0.3,0.4,0.2,0.3,0.3,0.4,0.1,0.1,0.1,0.1,0.1,0.1,0.2,0.2,0.3,0.3,0.3,0.4,0.1,0.1,0.1,0.1,0.1,0.2,0.2,0.2,0.2,0.2,0.2,0.2,0.3,0.3,0.3,0.3,0.3,0.3,0.3,0.3,0.3,0.4,0.4,0.4,0.4,0.4,0.4,0.4,12.100000000000005,0.20166666666666674
770,12:50,12,50,770,0.1,0.1,0.1,0.1,0.1,0.3,0.4,0.2,0.3,0.3,0.4,0.1,0.1,0.1,0.1,0.1,0.1,0.2,0.2,0.3,0.3,0.3,0.4,0.1,0.1,0.1,0.1,0.1,0.2,0.2,0.2,0.2,0.2,0.2,0.2,0.3,0.3,0.3,0.3,0.3,0.3,0.3,0.3,0.3,0.4,0.4,0.4,0.4,0.4,0.4,0.4,12.100000000000005,0.20166666666666674
771,12:51,12,51,771,0.1,0.1,0.1,0.1,0.1,0.3,0.4,0.2,0.3,0.3,0.4,0.1,0.1,0.1,0.1,0.1,0.1,0.2,0.2,0.3,0.3,0.3,0.4,0.1,0.1,0.1,0.1,0.1,0.2,0.2,0.2,0.2,0.2,0.2,0.2,0.3,0.3,0.3,0.3,0.3,0.3,0.3,0.3,0.3,0.4,0.4,0.4,0.4,0.4,0.4,0.4,12.100000000000005,0.20166666666666674
772,12:52,12,52,772,0.1,0.1,0.1,0.1,0.1,0.3,0.4,0.2,0.3,0.3,0.4,0.1,0.1,0.1,0.1,0.1,0.1,0.2,0.2,0.3,0.3,0.3,0.4,0.1,0.1,0.1,0.1,0.1,0.2,0.2,0.2,0.2,0.2,0.2,0.2,0.3,0.3,0.3,0.3,0.3,0.3,0.3,0.3,0.3,0.4,0.4,0.4,0.4,0.4,0.4,0.4,12.100000000000005,0.20166666666666674
773,12:53,12,53,773,0.1,0.1,0.1,0.1,0.1,0.3,0.4,0.2,0.3,0.3,0.4,0.1,0.1,0.1,0.1,0.1,0.1,0.2,0.2,0.3,0.3,0.3,0.4,0.1,0.1,0.1,0.1,0.1,0.2,0.2,0.2,0.2,0.2,0.2,0.2,0.3,0.3,0.3,0.3,0.3,0.3,0.3,0.3,0.3,0.4,0.4,0.4,0.4,0.4,0.4,0.4,12.100000000000005,0.20166666666666674
774,12:54,12,54,774,0.1,0.1,0.1,0.1,0.1,0.3,0.4,0.2,0.3,0.3,0.4,0.1,0.1,0.1,0.1,0.1,0.1,0.2,0.2,0.3,0.3,0.3,0.4,0.1,0.1,0.1,0.1,0.1,0.2,0.2,0.2,0.2,0.2,0.2,0.2,0.3,0.3,0.3,0.3,0.3,0.3,0.3,0.3,0.3,0.4,0.4,0.4,0.4,0.4,0.4,0.4,12.100000000000005,0.20166666666666674
775,12:55,12,55,775,0.1,0.1,0.1,0.1,0.1,0.3,0.4,0.2,0.3,0.3,0.4,0.1,0.1,0.1,0.1,0.1,0.1,0.2,0.2,0.3,0.3,0.3,0.4,0.1,0.1,0.1,0.1,0.1,0.2,0.2,0.2,0.2,0.2,0.2,0.2,0.3,0.3,0.3,0.3,0.3,0.3,0.3,0.3,0.3,0.4,0.4,0.4,0.4,0.4,0.4,0.4,12.100000000000005,0.20166666666666674
776,12:56,12,56,776,0.1,0.1,0.1,0.1,0.1,0.3,0.4,0.2,0.3,0.3,0.4,0.1,0.1,0.1,0.1,0.1,0.1,0.2,0.2,0.3,0.3,0.3,0.4,0.1,0.1,0.1,0.1,0.1,0.2,0.2,0.2,0.2,0.2,0.2,0.2,0.3,0.3,0.3,0.3,0.3,0.3,0.3,0.3,0.3,0.4,0.4,0.4,0.4,0.4,0.4,0.4,12.100000000000005,0.20166666666666674
777,12:57,12,57,777,0.1,0.1,0.1,0.1,0.1,0.3,0.4,0.2,0.3,0.3,0.4,0.1,0.1,0.1,0.1,0.1,0.1,0.2,0.2,0.3,0.3,0.3,0.4,0.1,0.1,0.1,0.1,0.1,0.2,0.2,0.2,0.2,0.2,0.2,0.2,0.3,0.3,0.3,0.3,0.3,0.3,0.3,0.3,0.3,0.4,0.4,0.4,0.4,0.4,0.4,0.4,12.100000000000005,0.20166666666666674
778,12:58,12,58,778,0.1,0.1,0.1,0.1,0.1,0.3,0.4,0.2,0.3,0.3,0.4,0.1,0.1,0.1,0.1,0.1,0.1,0.2,0.2,0.3,0.3,0.3,0.4,0.1,0.1,0.1,0.1,0.1,0.2,0.2,0.2,0.2,0.2,0.2,0.2,0.3,0.3,0.3,0.3,0.3,0.3,0.3,0.3,0.3,0.4,0.4,0.4,0.4,0.4,0.4,0.4,12.100000000000005,0.20166666666666674
779,12:59,12,59,779,0.1,0.1,0.1,0.1,0.1,0.3,0.4,0.2,0.3,0.3,0.4,0.1,0.1,0.1,0.1,0.1,0.1,0.2,0.2,0.3,0.3,0.3,0.4,0.1,0.1,0.1,0.1,0.1,0.2,0.2,0.2,0.2,0.2,0.2,0.2,0.3,0.3,0.3,0.3,0.3,0.3,0.3,0.3,0.3,0.4,0.4,0.4,0.4,0.4,0.4,0.4,12.100000000000005,0.20166666666666674
780,13:00,13,0,780,0.1,0.1,0.1,0.1,0.1,0.3,0.4,0.2,0.3,0.3,0.4,0.1,0.1,0.1,0.1,0.1,0.1,0.2,0.2,0.3,0.3,0.3,0.4,0.1,0.1,0.1,0.1,0.1,0.2,0.2,0.2,0.2,0.2,0.2,0.2,0.3,0.3,0.3,0.3,0.3,0.3,0.3,0.3,0.3,0.4,0.4,0.4,0.4,0.4,0.4,0.4,12.100000000000005,0.20166666666666674
781,13:01,13,1,781,0.1,0.1,0.1,0.1,0.1,0.3,0.4,0.2,0.3,0.3,0.4,0.1,0.1,0.1,0.1,0.1,0.1,0.2,0.2,0.3,0.3,0.3,0.4,0.1,0.1,0.1,0.1,0.1,0.2,0.2,0.2,0.2,0.2,0.2,0.2,0.3,0.3,0.3,0.3,0.3,0.3,0.3,0.3,0.3,0.4,0.4,0.4,0.4,0.4,0.4,0.4,12.100000000000005,0.20166666666666674
782,13:02,13,2,782,0.1,0.1,0.1,0.1,0.1,0.3,0.4,0.2,0.3,0.3,0.4,0.1,0.1,0.1,0.1,0.1,0.1,0.2,0.2,0.3,0.3,0.3,0.4,0.1,0.1,0.1,0.1,0.1,0.2,0.2,0.2,0.2,0.2,0.2,0.2,0.3,0.3,0.3,0.3,0.3,0.3,0.3,0.3,0.3,0.4,0.4,0.4,0.4,0.4,0.4,0.4,12.100000000000005,0.20166666666666674
783,13:03,13,3,783,0.1,0.1,0.1,0.1,0.1,0.3,0.4,0.2,0.3,0.3,0.4,0.1,0.1,0.1,0.1,0.1,0.1,0.2,0.2,0.3,0.3,0.3,0.4,0.1,0.1,0.1,0.1,0.1,0.2,0.2,0.2,0.2,0.2,0.2,0.2,0.3,0.3,0.3,0.3,0.3,0.3,0.3,0.3,0.3,0.4,0.4,0.4,0.4,0.4,0.4,0.4,12.100000000000005,0.20166666666666674
784,13:04,13,4,784,0.1,0.1,0.1,0.1,0.1,0.3,0.4,0.2,0.3,0.3,0.4,0.1,0.1,0.1,0.1,0.1,0.1,0.2,0.2,0.3,0.3,0.3,0.4,0.1,0.1,0.1,0.1,0.1,0.2,0.2,0.2,0.2,0.2,0.2,0.2,0.3,0.3,0.3,0.3,0.3,0.3,0.3,0.3,0.3,0.4,0.4,0.4,0.4,0.4,0.4,0.4,12.100000000000005,0.20166666666666674
785,13:05,13,5,785,0.1,0.1,0.1,0.1,0.1,0.3,0.4,0.2,0.3,0.3,0.4,0.1,0.1,0.1,0.1,0.1,0.1,0.2,0.2,0.3,0.3,0.3,0.4,0.1,0.1,0.1,0.1,0.1,0.2,0.2,0.2,0.2,0.2,0.2,0.2,0.3,0.3,0.3,0.3,0.3,0.3,0.3,0.3,0.3,0.4,0.4,0.4,0.4,0.4,0.4,0.4,12.100000000000005,0.20166666666666674
786,13:06,13,6,786,0.1,0.1,0.1,0.1,0.1,0.3,0.4,0.2,0.3,0.3,0.4,0.1,0.1,0.1,0.1,0.1,0.1,0.2,0.2,0.3,0.3,0.3,0.4,0.1,0.1,0.1,0.1,0.1,0.2,0.2,0.2,0.2,0.2,0.2,0.2,0.3,0.3,0.3,0.3,0.3,0.3,0.3,0.3,0.3,0.4,0.4,0.4,0.4,0.4,0.4,0.4,12.100000000000005,0.20166666666666674
787,13:07,13,7,787,0.1,0.1,0.1,0.1,0.1,0.3,0.4,0.2,0.3,0.3,0.4,0.1,0.1,0.1,0.1,0.1,0.1,0.2,0.2,0.3,0.3,0.3,0.4,0.1,0.1,0.1,0.1,0.1,0.2,0.2,0.2,0.2,0.2,0.2,0.2,0.3,0.3,0.3,0.3,0.3,0.3,0.3,0.3,0.3,0.4,0.4,0.4,0.4,0.4,0.4,0.4,12.100000000000005,0.20166666666666674
788,13:08,13,8,788,0.1,0.1,0.1,0.1,0.1,0.3,0.4,0.2,0.3,0.3,0.4,0.1,0.1,0.1,0.1,0.1,0.1,0.2,0.2,0.3,0.3,0.3,0.4,0.1,0.1,0.1,0.1,0.1,0.2,0.2,0.2,0.2,0.2,0.2,0.2,0.3,0.3,0.3,0.3,0.3,0.3,0.3,0.3,0.3,0.4,0.4,0.4,0.4,0.4,0.4,0.4,12.100000000000005,0.20166666666666674
789,13:09,13,9,789,0.1,0.1,0.1,0.1,0.1,0.3,0.4,0.2,0.3,0.3,0.4,0.1,0.1,0.1,0.1,0.1,0.1,0.2,0.2,0.3,0.3,0.3,0.4,0.1,0.1,0.1,0.1,0.1,0.2,0.2,0.2,0.2,0.2,0.2,0.2,0.3,0.3,0.3,0.3,0.3,0.3,0.3,0.3,0.3,0.4,0.4,0.4,0.4,0.4,0.4,0.4,12.100000000000005,0.20166666666666674
790,13:10,13,10,790,0.1,0.1,0.1,0.1,0.1,0.3,0.4,0.2,0.3,0.3,0.4,0.1,0.1,0.1,0.1,0.1,0.1,0.2,0.2,0.3,0.3,0.3,0.4,0.1,0.1,0.1,0.1,0.1,0.2,0.2,0.2,0.2,0.2,0.2,0.2,0.3,0.3,0.3,0.3,0.3,0.3,0.3,0.3,0.3,0.4,0.4,0.4,0.4,0.4,0.4,0.4,12.100000000000005,0.20166666666666674
791,13:11,13,11,791,0.1,0.1,0.1,0.1,0.1,0.3,0.4,0.2,0.3,0.3,0.4,0.1,0.1,0.1,0.1,0.1,0.1,0.2,0.2,0.3,0.3,0.3,0.4,0.1,0.1,0.1,0.1,0.1,0.2,0.2,0.2,0.2,0.2,0.2,0.2,0.3,0.3,0.3,0.3,0.3,0.3,0.3,0.3,0.3,0.4,0.4,0.4,0.4,0.4,0.4,0.4,12.100000000000005,0.20166666666666674
792,13:12,13,12,792,0.1,0.1,0.1,0.1,0.1,0.3,0.4,0.2,0.3,0.3,0.4,0.1,0.1,0.1,0.1,0.1,0.1,0.2,0.2,0.3,0.3,0.3,0.4,0.1,0.1,0.1,0.1,0.1,0.2,0.2,0.2,0.2,0.2,0.2,0.2,0.3,0.3,0.3,0.3,0.3,0.3,0.3,0.3,0.3,0.4,0.4,0.4,0.4,0.4,0.4,0.4,12.100000000000005,0.20166666666666674
793,13:13,13,13,793,0.1,0.1,0.1,0.1,0.1,0.3,0.4,0.2,0.3,0.3,0.4,0.1,0.1,0.1,0.1,0.1,0.1,0.2,0.2,0.3,0.3,0.3,0.4,0.1,0.1,0.1,0.1,0.1,0.2,0.2,0.2,0.2,0.2,0.2,0.2,0.3,0.3,0.3,0.3,0.3,0.3,0.3,0.3,0.3,0.4,0.4,0.4,0.4,0.4,0.4,0.4,12.100000000000005,0.20166666666666674
794,13:14,13,14,794,0.1,0.1,0.1,0.1,0.1,0.3,0.4,0.2,0.3,0.3,0.4,0.1,0.1,0.1,0.1,0.1,0.1,0.2,0.2,0.3,0.3,0.3,0.4,0.1,0.1,0.1,0.1,0.1,0.2,0.2,0.2,0.2,0.2,0.2,0.2,0.3,0.3,0.3,0.3,0.3,0.3,0.3,0.3,0.3,0.4,0.4,0.4,0.4,0.4,0.4,0.4,12.100000000000005,0.20166666666666674
795,13:15,13,15,795,0.1,0.1,0.1,0.1,0.1,0.3,0.4,0.2,0.3,0.3,0.4,0.1,0.1,0.1,0.1,0.1,0.1,0.2,0.2,0.3,0.3,0.3,0.4,0.1,0.1,0.1,0.1,0.1,0.2,0.2,0.2,0.2,0.2,0.2,0.2,0.3,0.3,0.3,0.3,0.3,0.3,0.3,0.3,0.3,0.4,0.4,0.4,0.4,0.4,0.4,0.4,12.100000000000005,0.20166666666666674
796,13:16,13,16,796,0.1,0.1,0.1,0.1,0.1,0.3,0.4,0.2,0.3,0.3,0.4,0.1,0.1,0.1,0.1,0.1,0.1,0.2,0.2,0.3,0.3,0.3,0.4,0.1,0.1,0.1,0.1,0.1,0.2,0.2,0.2,0.2,0.2,0.2,0.2,0.3,0.3,0.3,0.3,0.3,0.3,0.3,0.3,0.3,0.4,0.4,0.4,0.4,0.4,0.4,0.4,12.100000000000005,0.20166666666666674
797,13:17,13,17,797,0.1,0.1,0.1,0.1,0.1,0.3,0.4,0.2,0.3,0.3,0.4,0.1,0.1,0.1,0.1,0.1,0.1,0.2,0.2,0.3,0.3,0.3,0.4,0.1,0.1,0.1,0.1,0.1,0.2,0.2,0.2,0.2,0.2,0.2,0.2,0.3,0.3,0.3,0.3,0.3,0.3,0.3,0.3,0.3,0.4,0.4,0.4,0.4,0.4,0.4,0.4,12.100000000000005,0.20166666666666674
798,13:18,13,18,798,0.1,0.1,0.1,0.1,0.1,0.3,0.4,0.2,0.3,0.3,0.4,0.1,0.1,0.1,0.1,0.1,0.1,0.2,0.2,0.3,0.3,0.3,0.4,0.1,0.1,0.1,0.1,0.1,0.2,0.2,0.2,0.2,0.2,0.2,0.2,0.3,0.3,0.3,0.3,0.3,0.3,0.3,0.3,0.3,0.4,0.4,0.4,0.4,0.4,0.4,0.4,12.100000000000005,0.20166666666666674
799,13:19,13,19,799,0.1,0.1,0.1,0.1,0.1,0.3,0.4,0.2,0.3,0.3,0.4,0.1,0.1,0.1,0.1,0.1,0.1,0.2,0.2,0.3,0.3,0.3,0.4,0.1,0.1,0.1,0.1,0.1,0.2,0.2,0.2,0.2,0.2,0.2,0.2,0.3,0.3,0.3,0.3,0.3,0.3,0.3,0.3,0.3,0.4,0.4,0.4,0.4,0.4,0.4,0.4,12.100000000000005,0.20166666666666674
800,13:20,13,20,800,0.1,0.1,0.1,0.1,0.1,0.3,0.4,0.2,0.3,0.3,0.4,0.1,0.1,0.1,0.1,0.1,0.1,0.2,0.2,0.3,0.3,0.3,0.4,0.1,0.1,0.1,0.1,0.1,0.2,0.2,0.2,0.2,0.2,0.2,0.2,0.3,0.3,0.3,0.3,0.3,0.3,0.3,0.3,0.3,0.4,0.4,0.4,0.4,0.4,0.4,0.4,12.100000000000005,0.20166666666666674
801,13:21,13,21,801,0.1,0.1,0.1,0.1,0.1,0.3,0.4,0.2,0.3,0.3,0.4,0.1,0.1,0.1,0.1,0.1,0.1,0.2,0.2,0.3,0.3,0.3,0.4,0.1,0.1,0.1,0.1,0.1,0.2,0.2,0.2,0.2,0.2,0.2,0.2,0.3,0.3,0.3,0.3,0.3,0.3,0.3,0.3,0.3,0.4,0.4,0.4,0.4,0.4,0.4,0.4,12.100000000000005,0.20166666666666674
802,13:22,13,22,802,0.1,0.1,0.1,0.1,0.1,0.3,0.4,0.2,0.3,0.3,0.4,0.1,0.1,0.1,0.1,0.1,0.1,0.2,0.2,0.3,0.3,0.3,0.4,0.1,0.1,0.1,0.1,0.1,0.2,0.2,0.2,0.2,0.2,0.2,0.2,0.3,0.3,0.3,0.3,0.3,0.3,0.3,0.3,0.3,0.4,0.4,0.4,0.4,0.4,0.4,0.4,12.100000000000005,0.20166666666666674
803,13:23,13,23,803,0.1,0.1,0.1,0.1,0.1,0.3,0.4,0.2,0.3,0.3,0.4,0.1,0.1,0.1,0.1,0.1,0.1,0.2,0.2,0.3,0.3,0.3,0.4,0.1,0.1,0.1,0.1,0.1,0.2,0.2,0.2,0.2,0.2,0.2,0.2,0.3,0.3,0.3,0.3,0.3,0.3,0.3,0.3,0.3,0.4,0.4,0.4,0.4,0.4,0.4,0.4,12.100000000000005,0.20166666666666674
804,13:24,13,24,804,0.1,0.1,0.1,0.1,0.1,0.3,0.4,0.2,0.3,0.3,0.4,0.1,0.1,0.1,0.1,0.1,0.1,0.2,0.2,0.3,0.3,0.3,0.4,0.1,0.1,0.1,0.1,0.1,0.2,0.2,0.2,0.2,0.2,0.2,0.2,0.3,0.3,0.3,0.3,0.3,0.3,0.3,0.3,0.3,0.4,0.4,0.4,0.4,0.4,0.4,0.4,12.100000000000005,0.20166666666666674
805,13:25,13,25,805,0.1,0.1,0.1,0.1,0.1,0.3,0.4,0.2,0.3,0.3,0.4,0.1,0.1,0.1,0.1,0.1,0.1,0.2,0.2,0.3,0.3,0.3,0.4,0.1,0.1,0.1,0.1,0.1,0.2,0.2,0.2,0.2,0.2,0.2,0.2,0.3,0.3,0.3,0.3,0.3,0.3,0.3,0.3,0.3,0.4,0.4,0.4,0.4,0.4,0.4,0.4,12.100000000000005,0.20166666666666674
806,13:26,13,26,806,0.1,0.1,0.1,0.1,0.1,0.3,0.4,0.2,0.3,0.3,0.4,0.1,0.1,0.1,0.1,0.1,0.1,0.2,0.2,0.3,0.3,0.3,0.4,0.1,0.1,0.1,0.1,0.1,0.2,0.2,0.2,0.2,0.2,0.2,0.2,0.3,0.3,0.3,0.3,0.3,0.3,0.3,0.3,0.3,0.4,0.4,0.4,0.4,0.4,0.4,0.4,12.100000000000005,0.20166666666666674
807,13:27,13,27,807,0.1,0.1,0.1,0.1,0.1,0.3,0.4,0.2,0.3,0.3,0.4,0.1,0.1,0.1,0.1,0.1,0.1,0.2,0.2,0.3,0.3,0.3,0.4,0.1,0.1,0.1,0.1,0.1,0.2,0.2,0.2,0.2,0.2,0.2,0.2,0.3,0.3,0.3,0.3,0.3,0.3,0.3,0.3,0.3,0.4,0.4,0.4,0.4,0.4,0.4,0.4,12.100000000000005,0.20166666666666674
808,13:28,13,28,808,0.1,0.1,0.1,0.1,0.1,0.3,0.4,0.2,0.3,0.3,0.4,0.1,0.1,0.1,0.1,0.1,0.1,0.2,0.2,0.3,0.3,0.3,0.4,0.1,0.1,0.1,0.1,0.1,0.2,0.2,0.2,0.2,0.2,0.2,0.2,0.3,0.3,0.3,0.3,0.3,0.3,0.3,0.3,0.3,0.4,0.4,0.4,0.4,0.4,0.4,0.4,12.100000000000005,0.20166666666666674
809,13:29,13,29,809,0.1,0.1,0.1,0.1,0.1,0.3,0.4,0.2,0.3,0.3,0.4,0.1,0.1,0.1,0.1,0.1,0.1,0.2,0.2,0.3,0.3,0.3,0.4,0.1,0.1,0.1,0.1,0.1,0.2,0.2,0.2,0.2,0.2,0.2,0.2,0.3,0.3,0.3,0.3,0.3,0.3,0.3,0.3,0.3,0.4,0.4,0.4,0.4,0.4,0.4,0.4,12.100000000000005,0.20166666666666674
810,13:30,13,30,810,0.1,0.1,0.1,0.1,0.1,0.3,0.4,0.2,0.3,0.3,0.4,0.1,0.1,0.1,0.1,0.1,0.1,0.2,0.2,0.3,0.3,0.3,0.4,0.1,0.1,0.1,0.1,0.1,0.2,0.2,0.2,0.2,0.2,0.2,0.2,0.3,0.3,0.3,0.3,0.3,0.3,0.3,0.3,0.3,0.4,0.4,0.4,0.4,0.4,0.4,0.4,12.100000000000005,0.20166666666666674
811,13:31,13,31,811,0.1,0.1,0.1,0.1,0.1,0.3,0.4,0.2,0.3,0.3,0.4,0.1,0.1,0.1,0.1,0.1,0.1,0.2,0.2,0.3,0.3,0.3,0.4,0.1,0.1,0.1,0.1,0.1,0.2,0.2,0.2,0.2,0.2,0.2,0.2,0.3,0.3,0.3,0.3,0.3,0.3,0.3,0.3,0.3,0.4,0.4,0.4,0.4,0.4,0.4,0.4,12.100000000000005,0.20166666666666674
812,13:32,13,32,812,0.1,0.1,0.1,0.1,0.1,0.3,0.4,0.2,0.3,0.3,0.4,0.1,0.1,0.1,0.1,0.1,0.1,0.2,0.2,0.3,0.3,0.3,0.4,0.1,0.1,0.1,0.1,0.1,0.2,0.2,0.2,0.2,0.2,0.2,0.2,0.3,0.3,0.3,0.3,0.3,0.3,0.3,0.3,0.3,0.4,0.4,0.4,0.4,0.4,0.4,0.4,12.100000000000005,0.20166666666666674
813,13:33,13,33,813,0.1,0.1,0.1,0.1,0.1,0.3,0.4,0.2,0.3,0.3,0.4,0.1,0.1,0.1,0.1,0.1,0.1,0.2,0.2,0.3,0.3,0.3,0.4,0.1,0.1,0.1,0.1,0.1,0.2,0.2,0.2,0.2,0.2,0.2,0.2,0.3,0.3,0.3,0.3,0.3,0.3,0.3,0.3,0.3,0.4,0.4,0.4,0.4,0.4,0.4,0.4,12.100000000000005,0.20166666666666674
814,13:34,13,34,814,0.1,0.1,0.1,0.1,0.1,0.3,0.4,0.2,0.3,0.3,0.4,0.1,0.1,0.1,0.1,0.1,0.1,0.2,0.2,0.3,0.3,0.3,0.4,0.1,0.1,0.1,0.1,0.1,0.2,0.2,0.2,0.2,0.2,0.2,0.2,0.3,0.3,0.3,0.3,0.3,0.3,0.3,0.3,0.3,0.4,0.4,0.4,0.4,0.4,0.4,0.4,12.100000000000005,0.20166666666666674
815,13:35,13,35,815,0.1,0.1,0.1,0.1,0.1,0.3,0.4,0.2,0.3,0.3,0.4,0.1,0.1,0.1,0.1,0.1,0.1,0.2,0.2,0.3,0.3,0.3,0.4,0.1,0.1,0.1,0.1,0.1,0.2,0.2,0.2,0.2,0.2,0.2,0.2,0.3,0.3,0.3,0.3,0.3,0.3,0.3,0.3,0.3,0.4,0.4,0.4,0.4,0.4,0.4,0.4,12.100000000000005,0.20166666666666674
816,13:36,13,36,816,0.1,0.1,0.1,0.1,0.1,0.3,0.4,0.2,0.3,0.3,0.4,0.1,0.1,0.1,0.1,0.1,0.1,0.2,0.2,0.3,0.3,0.3,0.4,0.1,0.1,0.1,0.1,0.1,0.2,0.2,0.2,0.2,0.2,0.2,0.2,0.3,0.3,0.3,0.3,0.3,0.3,0.3,0.3,0.3,0.4,0.4,0.4,0.4,0.4,0.4,0.4,12.100000000000005,0.20166666666666674
817,13:37,13,37,817,0.1,0.1,0.1,0.1,0.1,0.3,0.4,0.2,0.3,0.3,0.4,0.1,0.1,0.1,0.1,0.1,0.1,0.2,0.2,0.3,0.3,0.3,0.4,0.1,0.1,0.1,0.1,0.1,0.2,0.2,0.2,0.2,0.2,0.2,0.2,0.3,0.3,0.3,0.3,0.3,0.3,0.3,0.3,0.3,0.4,0.4,0.4,0.4,0.4,0.4,0.4,12.100000000000005,0.20166666666666674
818,13:38,13,38,818,0.1,0.1,0.1,0.1,0.1,0.3,0.4,0.2,0.3,0.3,0.4,0.1,0.1,0.1,0.1,0.1,0.1,0.2,0.2,0.3,0.3,0.3,0.4,0.1,0.1,0.1,0.1,0.1,0.2,0.2,0.2,0.2,0.2,0.2,0.2,0.3,0.3,0.3,0.3,0.3,0.3,0.3,0.3,0.3,0.4,0.4,0.4,0.4,0.4,0.4,0.4,12.100000000000005,0.20166666666666674
819,13:39,13,39,819,0.1,0.1,0.1,0.1,0.1,0.3,0.4,0.2,0.3,0.3,0.4,0.1,0.1,0.1,0.1,0.1,0.1,0.2,0.2,0.3,0.3,0.3,0.4,0.1,0.1,0.1,0.1,0.1,0.2,0.2,0.2,0.2,0.2,0.2,0.2,0.3,0.3,0.3,0.3,0.3,0.3,0.3,0.3,0.3,0.4,0.4,0.4,0.4,0.4,0.4,0.4,12.100000000000005,0.20166666666666674
820,13:40,13,40,820,0.1,0.1,0.1,0.1,0.1,0.3,0.4,0.2,0.3,0.3,0.4,0.1,0.1,0.1,0.1,0.1,0.1,0.2,0.2,0.3,0.3,0.3,0.4,0.1,0.1,0.1,0.1,0.1,0.2,0.2,0.2,0.2,0.2,0.2,0.2,0.3,0.3,0.3,0.3,0.3,0.3,0.3,0.3,0.3,0.4,0.4,0.4,0.4,0.4,0.4,0.4,12.100000000000005,0.20166666666666674
821,13:41,13,41,821,0.1,0.1,0.1,0.1,0.1,0.3,0.4,0.2,0.3,0.3,0.4,0.1,0.1,0.1,0.1,0.1,0.1,0.2,0.2,0.3,0.3,0.3,0.4,0.1,0.1,0.1,0.1,0.1,0.2,0.2,0.2,0.2,0.2,0.2,0.2,0.3,0.3,0.3,0.3,0.3,0.3,0.3,0.3,0.3,0.4,0.4,0.4,0.4,0.4,0.4,0.4,12.100000000000005,0.20166666666666674
822,13:42,13,42,822,0.1,0.1,0.1,0.1,0.1,0.3,0.4,0.2,0.3,0.3,0.4,0.1,0.1,0.1,0.1,0.1,0.1,0.2,0.2,0.3,0.3,0.3,0.4,0.1,0.1,0.1,0.1,0.1,0.2,0.2,0.2,0.2,0.2,0.2,0.2,0.3,0.3,0.3,0.3,0.3,0.3,0.3,0.3,0.3,0.4,0.4,0.4,0.4,0.4,0.4,0.4,12.100000000000005,0.20166666666666674
823,13:43,13,43,823,0.1,0.1,0.1,0.1,0.1,0.3,0.4,0.2,0.3,0.3,0.4,0.1,0.1,0.1,0.1,0.1,0.1,0.2,0.2,0.3,0.3,0.3,0.4,0.1,0.1,0.1,0.1,0.1,0.2,0.2,0.2,0.2,0.2,0.2,0.2,0.3,0.3,0.3,0.3,0.3,0.3,0.3,0.3,0.3,0.4,0.4,0.4,0.4,0.4,0.4,0.4,12.100000000000005,0.20166666666666674
824,13:44,13,44,824,0.1,0.1,0.1,0.1,0.1,0.3,0.4,0.2,0.3,0.3,0.4,0.1,0.1,0.1,0.1,0.1,0.1,0.2,0.2,0.3,0.3,0.3,0.4,0.1,0.1,0.1,0.1,0.1,0.2,0.2,0.2,0.2,0.2,0.2,0.2,0.3,0.3,0.3,0.3,0.3,0.3,0.3,0.3,0.3,0.4,0.4,0.4,0.4,0.4,0.4,0.4,12.100000000000005,0.20166666666666674
825,13:45,13,45,825,0.1,0.1,0.1,0.1,0.1,0.3,0.4,0.2,0.3,0.3,0.4,0.1,0.1,0.1,0.1,0.1,0.1,0.2,0.2,0.3,0.3,0.3,0.4,0.1,0.1,0.1,0.1,0.1,0.2,0.2,0.2,0.2,0.2,0.2,0.2,0.3,0.3,0.3,0.3,0.3,0.3,0.3,0.3,0.3,0.4,0.4,0.4,0.4,0.4,0.4,0.4,12.100000000000005,0.20166666666666674
826,13:46,13,46,826,0.1,0.1,0.1,0.1,0.1,0.3,0.4,0.2,0.3,0.3,0.4,0.1,0.1,0.1,0.1,0.1,0.1,0.2,0.2,0.3,0.3,0.3,0.4,0.1,0.1,0.1,0.1,0.1,0.2,0.2,0.2,0.2,0.2,0.2,0.2,0.3,0.3,0.3,0.3,0.3,0.3,0.3,0.3,0.3,0.4,0.4,0.4,0.4,0.4,0.4,0.4,12.100000000000005,0.20166666666666674
827,13:47,13,47,827,0.1,0.1,0.1,0.1,0.1,0.3,0.4,0.2,0.3,0.3,0.4,0.1,0.1,0.1,0.1,0.1,0.1,0.2,0.2,0.3,0.3,0.3,0.4,0.1,0.1,0.1,0.1,0.1,0.2,0.2,0.2,0.2,0.2,0.2,0.2,0.3,0.3,0.3,0.3,0.3,0.3,0.3,0.3,0.3,0.4,0.4,0.4,0.4,0.4,0.4,0.4,12.100000000000005,0.20166666666666674
828,13:48,13,48,828,0.1,0.1,0.1,0.1,0.1,0.3,0.4,0.2,0.3,0.3,0.4,0.1,0.1,0.1,0.1,0.1,0.1,0.2,0.2,0.3,0.3,0.3,0.4,0.1,0.1,0.1,0.1,0.1,0.2,0.2,0.2,0.2,0.2,0.2,0.2,0.3,0.3,0.3,0.3,0.3,0.3,0.3,0.3,0.3,0.4,0.4,0.4,0.4,0.4,0.4,0.4,12.100000000000005,0.20166666666666674
829,13:49,13,49,829,0.1,0.1,0.1,0.1,0.1,0.3,0.4,0.2,0.3,0.3,0.4,0.1,0.1,0.1,0.1,0.1,0.1,0.2,0.2,0.3,0.3,0.3,0.4,0.1,0.1,0.1,0.1,0.1,0.2,0.2,0.2,0.2,0.2,0.2,0.2,0.3,0.3,0.3,0.3,0.3,0.3,0.3,0.3,0.3,0.4,0.4,0.4,0.4,0.4,0.4,0.4,12.100000000000005,0.20166666666666674
830,13:50,13,50,830,0.1,0.1,0.1,0.1,0.1,0.3,0.4,0.2,0.3,0.3,0.4,0.1,0.1,0.1,0.1,0.1,0.1,0.2,0.2,0.3,0.3,0.3,0.4,0.1,0.1,0.1,0.1,0.1,0.2,0.2,0.2,0.2,0.2,0.2,0.2,0.3,0.3,0.3,0.3,0.3,0.3,0.3,0.3,0.3,0.4,0.4,0.4,0.4,0.4,0.4,0.4,12.100000000000005,0.20166666666666674
831,13:51,13,51,831,0.1,0.1,0.1,0.1,0.1,0.3,0.4,0.2,0.3,0.3,0.4,0.1,0.1,0.1,0.1,0.1,0.1,0.2,0.2,0.3,0.3,0.3,0.4,0.1,0.1,0.1,0.1,0.1,0.2,0.2,0.2,0.2,0.2,0.2,0.2,0.3,0.3,0.3,0.3,0.3,0.3,0.3,0.3,0.3,0.4,0.4,0.4,0.4,0.4,0.4,0.4,12.100000000000005,0.20166666666666674
832,13:52,13,52,832,0.1,0.1,0.1,0.1,0.1,0.3,0.4,0.2,0.3,0.3,0.4,0.1,0.1,0.1,0.1,0.1,0.1,0.2,0.2,0.3,0.3,0.3,0.4,0.1,0.1,0.1,0.1,0.1,0.2,0.2,0.2,0.2,0.2,0.2,0.2,0.3,0.3,0.3,0.3,0.3,0.3,0.3,0.3,0.3,0.4,0.4,0.4,0.4,0.4,0.4,0.4,12.100000000000005,0.20166666666666674
833,13:53,13,53,833,0.1,0.1,0.1,0.1,0.1,0.3,0.4,0.2,0.3,0.3,0.4,0.1,0.1,0.1,0.1,0.1,0.1,0.2,0.2,0.3,0.3,0.3,0.4,0.1,0.1,0.1,0.1,0.1,0.2,0.2,0.2,0.2,0.2,0.2,0.2,0.3,0.3,0.3,0.3,0.3,0.3,0.3,0.3,0.3,0.4,0.4,0.4,0.4,0.4,0.4,0.4,12.100000000000005,0.20166666666666674
834,13:54,13,54,834,0.1,0.1,0.1,0.1,0.1,0.3,0.4,0.2,0.3,0.3,0.4,0.1,0.1,0.1,0.1,0.1,0.1,0.2,0.2,0.3,0.3,0.3,0.4,0.1,0.1,0.1,0.1,0.1,0.2,0.2,0.2,0.2,0.2,0.2,0.2,0.3,0.3,0.3,0.3,0.3,0.3,0.3,0.3,0.3,0.4,0.4,0.4,0.4,0.4,0.4,0.4,12.100000000000005,0.20166666666666674
835,13:55,13,55,835,0.1,0.1,0.1,0.1,0.1,0.3,0.4,0.2,0.3,0.3,0.4,0.1,0.1,0.1,0.1,0.1,0.1,0.2,0.2,0.3,0.3,0.3,0.4,0.1,0.1,0.1,0.1,0.1,0.2,0.2,0.2,0.2,0.2,0.2,0.2,0.3,0.3,0.3,0.3,0.3,0.3,0.3,0.3,0.3,0.4,0.4,0.4,0.4,0.4,0.4,0.4,12.100000000000005,0.20166666666666674
836,13:56,13,56,836,0.1,0.1,0.1,0.1,0.1,0.3,0.4,0.2,0.3,0.3,0.4,0.1,0.1,0.1,0.1,0.1,0.1,0.2,0.2,0.3,0.3,0.3,0.4,0.1,0.1,0.1,0.1,0.1,0.2,0.2,0.2,0.2,0.2,0.2,0.2,0.3,0.3,0.3,0.3,0.3,0.3,0.3,0.3,0.3,0.4,0.4,0.4,0.4,0.4,0.4,0.4,12.100000000000005,0.20166666666666674
837,13:57,13,57,837,0.1,0.1,0.1,0.1,0.1,0.3,0.4,0.2,0.3,0.3,0.4,0.1,0.1,0.1,0.1,0.1,0.1,0.2,0.2,0.3,0.3,0.3,0.4,0.1,0.1,0.1,0.1,0.1,0.2,0.2,0.2,0.2,0.2,0.2,0.2,0.3,0.3,0.3,0.3,0.3,0.3,0.3,0.3,0.3,0.4,0.4,0.4,0.4,0.4,0.4,0.4,12.100000000000005,0.20166666666666674
838,13:58,13,58,838,0.1,0.1,0.1,0.1,0.1,0.3,0.4,0.2,0.3,0.3,0.4,0.1,0.1,0.1,0.1,0.1,0.1,0.2,0.2,0.3,0.3,0.3,0.4,0.1,0.1,0.1,0.1,0.1,0.2,0.2,0.2,0.2,0.2,0.2,0.2,0.3,0.3,0.3,0.3,0.3,0.3,0.3,0.3,0.3,0.4,0.4,0.4,0.4,0.4,0.4,0.4,12.100000000000005,0.20166666666666674
839,13:59,13,59,839,0.1,0.1,0.1,0.1,0.1,0.3,0.4,0.2,0.3,0.3,0.4,0.1,0.1,0.1,0.1,0.1,0.1,0.2,0.2,0.3,0.3,0.3,0.4,0.1,0.1,0.1,0.1,0.1,0.2,0.2,0.2,0.2,0.2,0.2,0.2,0.3,0.3,0.3,0.3,0.3,0.3,0.3,0.3,0.3,0.4,0.4,0.4,0.4,0.4,0.4,0.4,12.100000000000005,0.20166666666666674
840,14:00,14,0,840,0.1,0.1,0.1,0.1,0.1,0.3,0.4,0.2,0.3,0.3,0.4,0.1,0.1,0.1,0.1,0.1,0.1,0.2,0.2,0.3,0.3,0.3,0.4,0.1,0.1,0.1,0.1,0.1,0.2,0.2,0.2,0.2,0.2,0.2,0.2,0.3,0.3,0.3,0.3,0.3,0.3,0.3,0.3,0.3,0.4,0.4,0.4,0.4,0.4,0.4,0.4,12.100000000000005,0.20166666666666674
841,14:01,14,1,841,0.1,0.1,0.1,0.1,0.1,0.3,0.4,0.2,0.3,0.3,0.4,0.1,0.1,0.1,0.1,0.1,0.1,0.2,0.2,0.3,0.3,0.3,0.4,0.1,0.1,0.1,0.1,0.1,0.2,0.2,0.2,0.2,0.2,0.2,0.2,0.3,0.3,0.3,0.3,0.3,0.3,0.3,0.3,0.3,0.4,0.4,0.4,0.4,0.4,0.4,0.4,12.100000000000005,0.20166666666666674
842,14:02,14,2,842,0.1,0.1,0.1,0.1,0.1,0.3,0.4,0.2,0.3,0.3,0.4,0.1,0.1,0.1,0.1,0.1,0.1,0.2,0.2,0.3,0.3,0.3,0.4,0.1,0.1,0.1,0.1,0.1,0.2,0.2,0.2,0.2,0.2,0.2,0.2,0.3,0.3,0.3,0.3,0.3,0.3,0.3,0.3,0.3,0.4,0.4,0.4,0.4,0.4,0.4,0.4,12.100000000000005,0.20166666666666674
843,14:03,14,3,843,0.1,0.1,0.1,0.1,0.1,0.3,0.4,0.2,0.3,0.3,0.4,0.1,0.1,0.1,0.1,0.1,0.1,0.2,0.2,0.3,0.3,0.3,0.4,0.1,0.1,0.1,0.1,0.1,0.2,0.2,0.2,0.2,0.2,0.2,0.2,0.3,0.3,0.3,0.3,0.3,0.3,0.3,0.3,0.3,0.4,0.4,0.4,0.4,0.4,0.4,0.4,12.100000000000005,0.20166666666666674
844,14:04,14,4,844,0.1,0.1,0.1,0.1,0.1,0.3,0.4,0.2,0.3,0.3,0.4,0.1,0.1,0.1,0.1,0.1,0.1,0.2,0.2,0.3,0.3,0.3,0.4,0.1,0.1,0.1,0.1,0.1,0.2,0.2,0.2,0.2,0.2,0.2,0.2,0.3,0.3,0.3,0.3,0.3,0.3,0.3,0.3,0.3,0.4,0.4,0.4,0.4,0.4,0.4,0.4,12.100000000000005,0.20166666666666674
845,14:05,14,5,845,0.1,0.1,0.1,0.1,0.1,0.3,0.4,0.2,0.3,0.3,0.4,0.1,0.1,0.1,0.1,0.1,0.1,0.2,0.2,0.3,0.3,0.3,0.4,0.1,0.1,0.1,0.1,0.1,0.2,0.2,0.2,0.2,0.2,0.2,0.2,0.3,0.3,0.3,0.3,0.3,0.3,0.3,0.3,0.3,0.4,0.4,0.4,0.4,0.4,0.4,0.4,12.100000000000005,0.20166666666666674
846,14:06,14,6,846,0.1,0.1,0.1,0.1,0.1,0.3,0.4,0.2,0.3,0.3,0.4,0.1,0.1,0.1,0.1,0.1,0.1,0.2,0.2,0.3,0.3,0.3,0.4,0.1,0.1,0.1,0.1,0.1,0.2,0.2,0.2,0.2,0.2,0.2,0.2,0.3,0.3,0.3,0.3,0.3,0.3,0.3,0.3,0.3,0.4,0.4,0.4,0.4,0.4,0.4,0.4,12.100000000000005,0.20166666666666674
847,14:07,14,7,847,0.1,0.1,0.1,0.1,0.1,0.3,0.4,0.2,0.3,0.3,0.4,0.1,0.1,0.1,0.1,0.1,0.1,0.2,0.2,0.3,0.3,0.3,0.4,0.1,0.1,0.1,0.1,0.1,0.2,0.2,0.2,0.2,0.2,0.2,0.2,0.3,0.3,0.3,0.3,0.3,0.3,0.3,0.3,0.3,0.4,0.4,0.4,0.4,0.4,0.4,0.4,12.100000000000005,0.20166666666666674
848,14:08,14,8,848,0.1,0.1,0.1,0.1,0.1,0.3,0.4,0.2,0.3,0.3,0.4,0.1,0.1,0.1,0.1,0.1,0.1,0.2,0.2,0.3,0.3,0.3,0.4,0.1,0.1,0.1,0.1,0.1,0.2,0.2,0.2,0.2,0.2,0.2,0.2,0.3,0.3,0.3,0.3,0.3,0.3,0.3,0.3,0.3,0.4,0.4,0.4,0.4,0.4,0.4,0.4,12.100000000000005,0.20166666666666674
849,14:09,14,9,849,0.1,0.1,0.1,0.1,0.1,0.3,0.4,0.2,0.3,0.3,0.4,0.1,0.1,0.1,0.1,0.1,0.1,0.2,0.2,0.3,0.3,0.3,0.4,0.1,0.1,0.1,0.1,0.1,0.2,0.2,0.2,0.2,0.2,0.2,0.2,0.3,0.3,0.3,0.3,0.3,0.3,0.3,0.3,0.3,0.4,0.4,0.4,0.4,0.4,0.4,0.4,12.100000000000005,0.20166666666666674
850,14:10,14,10,850,0.1,0.1,0.1,0.1,0.1,0.3,0.4,0.2,0.3,0.3,0.4,0.1,0.1,0.1,0.1,0.1,0.1,0.2,0.2,0.3,0.3,0.3,0.4,0.1,0.1,0.1,0.1,0.1,0.2,0.2,0.2,0.2,0.2,0.2,0.2,0.3,0.3,0.3,0.3,0.3,0.3,0.3,0.3,0.3,0.4,0.4,0.4,0.4,0.4,0.4,0.4,12.100000000000005,0.20166666666666674
851,14:11,14,11,851,0.1,0.1,0.1,0.1,0.1,0.3,0.4,0.2,0.3,0.3,0.4,0.1,0.1,0.1,0.1,0.1,0.1,0.2,0.2,0.3,0.3,0.3,0.4,0.1,0.1,0.1,0.1,0.1,0.2,0.2,0.2,0.2,0.2,0.2,0.2,0.3,0.3,0.3,0.3,0.3,0.3,0.3,0.3,0.3,0.4,0.4,0.4,0.4,0.4,0.4,0.4,12.100000000000005,0.20166666666666674
852,14:12,14,12,852,0.1,0.1,0.1,0.1,0.1,0.3,0.4,0.2,0.3,0.3,0.4,0.1,0.1,0.1,0.1,0.1,0.1,0.2,0.2,0.3,0.3,0.3,0.4,0.1,0.1,0.1,0.1,0.1,0.2,0.2,0.2,0.2,0.2,0.2,0.2,0.3,0.3,0.3,0.3,0.3,0.3,0.3,0.3,0.3,0.4,0.4,0.4,0.4,0.4,0.4,0.4,12.100000000000005,0.20166666666666674
853,14:13,14,13,853,0.1,0.1,0.1,0.1,0.1,0.3,0.4,0.2,0.3,0.3,0.4,0.1,0.1,0.1,0.1,0.1,0.1,0.2,0.2,0.3,0.3,0.3,0.4,0.1,0.1,0.1,0.1,0.1,0.2,0.2,0.2,0.2,0.2,0.2,0.2,0.3,0.3,0.3,0.3,0.3,0.3,0.3,0.3,0.3,0.4,0.4,0.4,0.4,0.4,0.4,0.4,12.100000000000005,0.20166666666666674
854,14:14,14,14,854,0.1,0.1,0.1,0.1,0.1,0.3,0.4,0.2,0.3,0.3,0.4,0.1,0.1,0.1,0.1,0.1,0.1,0.2,0.2,0.3,0.3,0.3,0.4,0.1,0.1,0.1,0.1,0.1,0.2,0.2,0.2,0.2,0.2,0.2,0.2,0.3,0.3,0.3,0.3,0.3,0.3,0.3,0.3,0.3,0.4,0.4,0.4,0.4,0.4,0.4,0.4,12.100000000000005,0.20166666666666674
855,14:15,14,15,855,0.1,0.1,0.1,0.1,0.1,0.3,0.4,0.2,0.3,0.3,0.4,0.1,0.1,0.1,0.1,0.1,0.1,0.2,0.2,0.3,0.3,0.3,0.4,0.1,0.1,0.1,0.1,0.1,0.2,0.2,0.2,0.2,0.2,0.2,0.2,0.3,0.3,0.3,0.3,0.3,0.3,0.3,0.3,0.3,0.4,0.4,0.4,0.4,0.4,0.4,0.4,12.100000000000005,0.20166666666666674
856,14:16,14,16,856,0.1,0.1,0.1,0.1,0.1,0.3,0.4,0.2,0.3,0.3,0.4,0.1,0.1,0.1,0.1,0.1,0.1,0.2,0.2,0.3,0.3,0.3,0.4,0.1,0.1,0.1,0.1,0.1,0.2,0.2,0.2,0.2,0.2,0.2,0.2,0.3,0.3,0.3,0.3,0.3,0.3,0.3,0.3,0.3,0.4,0.4,0.4,0.4,0.4,0.4,0.4,12.100000000000005,0.20166666666666674
857,14:17,14,17,857,0.1,0.1,0.1,0.1,0.1,0.3,0.4,0.2,0.3,0.3,0.4,0.1,0.1,0.1,0.1,0.1,0.1,0.2,0.2,0.3,0.3,0.3,0.4,0.1,0.1,0.1,0.1,0.1,0.2,0.2,0.2,0.2,0.2,0.2,0.2,0.3,0.3,0.3,0.3,0.3,0.3,0.3,0.3,0.3,0.4,0.4,0.4,0.4,0.4,0.4,0.4,12.100000000000005,0.20166666666666674
858,14:18,14,18,858,0.1,0.1,0.1,0.1,0.1,0.3,0.4,0.2,0.3,0.3,0.4,0.1,0.1,0.1,0.1,0.1,0.1,0.2,0.2,0.3,0.3,0.3,0.4,0.1,0.1,0.1,0.1,0.1,0.2,0.2,0.2,0.2,0.2,0.2,0.2,0.3,0.3,0.3,0.3,0.3,0.3,0.3,0.3,0.3,0.4,0.4,0.4,0.4,0.4,0.4,0.4,12.100000000000005,0.20166666666666674
859,14:19,14,19,859,0.1,0.1,0.1,0.1,0.1,0.3,0.4,0.2,0.3,0.3,0.4,0.1,0.1,0.1,0.1,0.1,0.1,0.2,0.2,0.3,0.3,0.3,0.4,0.1,0.1,0.1,0.1,0.1,0.2,0.2,0.2,0.2,0.2,0.2,0.2,0.3,0.3,0.3,0.3,0.3,0.3,0.3,0.3,0.3,0.4,0.4,0.4,0.4,0.4,0.4,0.4,12.100000000000005,0.20166666666666674
860,14:20,14,20,860,0.1,0.1,0.1,0.1,0.1,0.3,0.4,0.2,0.3,0.3,0.4,0.1,0.1,0.1,0.1,0.1,0.1,0.2,0.2,0.3,0.3,0.3,0.4,0.1,0.1,0.1,0.1,0.1,0.2,0.2,0.2,0.2,0.2,0.2,0.2,0.3,0.3,0.3,0.3,0.3,0.3,0.3,0.3,0.3,0.4,0.4,0.4,0.4,0.4,0.4,0.4,12.100000000000005,0.20166666666666674
861,14:21,14,21,861,0.1,0.1,0.1,0.1,0.1,0.3,0.4,0.2,0.3,0.3,0.4,0.1,0.1,0.1,0.1,0.1,0.1,0.2,0.2,0.3,0.3,0.3,0.4,0.1,0.1,0.1,0.1,0.1,0.2,0.2,0.2,0.2,0.2,0.2,0.2,0.3,0.3,0.3,0.3,0.3,0.3,0.3,0.3,0.3,0.4,0.4,0.4,0.4,0.4,0.4,0.4,12.100000000000005,0.20166666666666674
862,14:22,14,22,862,0.1,0.1,0.1,0.1,0.1,0.3,0.4,0.2,0.3,0.3,0.4,0.1,0.1,0.1,0.1,0.1,0.1,0.2,0.2,0.3,0.3,0.3,0.4,0.1,0.1,0.1,0.1,0.1,0.2,0.2,0.2,0.2,0.2,0.2,0.2,0.3,0.3,0.3,0.3,0.3,0.3,0.3,0.3,0.3,0.4,0.4,0.4,0.4,0.4,0.4,0.4,12.100000000000005,0.20166666666666674
863,14:23,14,23,863,0.1,0.1,0.1,0.1,0.1,0.3,0.4,0.2,0.3,0.3,0.4,0.1,0.1,0.1,0.1,0.1,0.1,0.2,0.2,0.3,0.3,0.3,0.4,0.1,0.1,0.1,0.1,0.1,0.2,0.2,0.2,0.2,0.2,0.2,0.2,0.3,0.3,0.3,0.3,0.3,0.3,0.3,0.3,0.3,0.4,0.4,0.4,0.4,0.4,0.4,0.4,12.100000000000005,0.20166666666666674
864,14:24,14,24,864,0.1,0.1,0.1,0.1,0.1,0.3,0.4,0.2,0.3,0.3,0.4,0.1,0.1,0.1,0.1,0.1,0.1,0.2,0.2,0.3,0.3,0.3,0.4,0.1,0.1,0.1,0.1,0.1,0.2,0.2,0.2,0.2,0.2,0.2,0.2,0.3,0.3,0.3,0.3,0.3,0.3,0.3,0.3,0.3,0.4,0.4,0.4,0.4,0.4,0.4,0.4,12.100000000000005,0.20166666666666674
865,14:25,14,25,865,0.1,0.1,0.1,0.1,0.1,0.3,0.4,0.2,0.3,0.3,0.4,0.1,0.1,0.1,0.1,0.1,0.1,0.2,0.2,0.3,0.3,0.3,0.4,0.1,0.1,0.1,0.1,0.1,0.2,0.2,0.2,0.2,0.2,0.2,0.2,0.3,0.3,0.3,0.3,0.3,0.3,0.3,0.3,0.3,0.4,0.4,0.4,0.4,0.4,0.4,0.4,12.100000000000005,0.20166666666666674
866,14:26,14,26,866,0.1,0.1,0.1,0.1,0.1,0.3,0.4,0.2,0.3,0.3,0.4,0.1,0.1,0.1,0.1,0.1,0.1,0.2,0.2,0.3,0.3,0.3,0.4,0.1,0.1,0.1,0.1,0.1,0.2,0.2,0.2,0.2,0.2,0.2,0.2,0.3,0.3,0.3,0.3,0.3,0.3,0.3,0.3,0.3,0.4,0.4,0.4,0.4,0.4,0.4,0.4,12.100000000000005,0.20166666666666674
867,14:27,14,27,867,0.1,0.1,0.1,0.1,0.1,0.3,0.4,0.2,0.3,0.3,0.4,0.1,0.1,0.1,0.1,0.1,0.1,0.2,0.2,0.3,0.3,0.3,0.4,0.1,0.1,0.1,0.1,0.1,0.2,0.2,0.2,0.2,0.2,0.2,0.2,0.3,0.3,0.3,0.3,0.3,0.3,0.3,0.3,0.3,0.4,0.4,0.4,0.4,0.4,0.4,0.4,12.100000000000005,0.20166666666666674
868,14:28,14,28,868,0.1,0.1,0.1,0.1,0.1,0.3,0.4,0.2,0.3,0.3,0.4,0.1,0.1,0.1,0.1,0.1,0.1,0.2,0.2,0.3,0.3,0.3,0.4,0.1,0.1,0.1,0.1,0.1,0.2,0.2,0.2,0.2,0.2,0.2,0.2,0.3,0.3,0.3,0.3,0.3,0.3,0.3,0.3,0.3,0.4,0.4,0.4,0.4,0.4,0.4,0.4,12.100000000000005,0.20166666666666674
869,14:29,14,29,869,0.1,0.1,0.1,0.1,0.1,0.3,0.4,0.2,0.3,0.3,0.4,0.1,0.1,0.1,0.1,0.1,0.1,0.2,0.2,0.3,0.3,0.3,0.4,0.1,0.1,0.1,0.1,0.1,0.2,0.2,0.2,0.2,0.2,0.2,0.2,0.3,0.3,0.3,0.3,0.3,0.3,0.3,0.3,0.3,0.4,0.4,0.4,0.4,0.4,0.4,0.4,12.100000000000005,0.20166666666666674
870,14:30,14,30,870,0.1,0.1,0.1,0.1,0.1,0.3,0.4,0.2,0.3,0.3,0.4,0.1,0.1,0.1,0.1,0.1,0.1,0.2,0.2,0.3,0.3,0.3,0.4,0.1,0.1,0.1,0.1,0.1,0.2,0.2,0.2,0.2,0.2,0.2,0.2,0.3,0.3,0.3,0.3,0.3,0.3,0.3,0.3,0.3,0.4,0.4,0.4,0.4,0.4,0.4,0.4,12.100000000000005,0.20166666666666674
871,14:31,14,31,871,0.1,0.1,0.1,0.1,0.1,0.3,0.4,0.2,0.3,0.3,0.4,0.1,0.1,0.1,0.1,0.1,0.1,0.2,0.2,0.3,0.3,0.3,0.4,0.1,0.1,0.1,0.1,0.1,0.2,0.2,0.2,0.2,0.2,0.2,0.2,0.3,0.3,0.3,0.3,0.3,0.3,0.3,0.3,0.3,0.4,0.4,0.4,0.4,0.4,0.4,0.4,12.100000000000005,0.20166666666666674
872,14:32,14,32,872,0.1,0.1,0.1,0.1,0.1,0.3,0.4,0.2,0.3,0.3,0.4,0.1,0.1,0.1,0.1,0.1,0.1,0.2,0.2,0.3,0.3,0.3,0.4,0.1,0.1,0.1,0.1,0.1,0.2,0.2,0.2,0.2,0.2,0.2,0.2,0.3,0.3,0.3,0.3,0.3,0.3,0.3,0.3,0.3,0.4,0.4,0.4,0.4,0.4,0.4,0.4,12.100000000000005,0.20166666666666674
873,14:33,14,33,873,0.1,0.1,0.1,0.1,0.1,0.3,0.4,0.2,0.3,0.3,0.4,0.1,0.1,0.1,0.1,0.1,0.1,0.2,0.2,0.3,0.3,0.3,0.4,0.1,0.1,0.1,0.1,0.1,0.2,0.2,0.2,0.2,0.2,0.2,0.2,0.3,0.3,0.3,0.3,0.3,0.3,0.3,0.3,0.3,0.4,0.4,0.4,0.4,0.4,0.4,0.4,12.100000000000005,0.20166666666666674
874,14:34,14,34,874,0.1,0.1,0.1,0.1,0.1,0.3,0.4,0.2,0.3,0.3,0.4,0.1,0.1,0.1,0.1,0.1,0.1,0.2,0.2,0.3,0.3,0.3,0.4,0.1,0.1,0.1,0.1,0.1,0.2,0.2,0.2,0.2,0.2,0.2,0.2,0.3,0.3,0.3,0.3,0.3,0.3,0.3,0.3,0.3,0.4,0.4,0.4,0.4,0.4,0.4,0.4,12.100000000000005,0.20166666666666674
875,14:35,14,35,875,0.1,0.1,0.1,0.1,0.1,0.3,0.4,0.2,0.3,0.3,0.4,0.1,0.1,0.1,0.1,0.1,0.1,0.2,0.2,0.3,0.3,0.3,0.4,0.1,0.1,0.1,0.1,0.1,0.2,0.2,0.2,0.2,0.2,0.2,0.2,0.3,0.3,0.3,0.3,0.3,0.3,0.3,0.3,0.3,0.4,0.4,0.4,0.4,0.4,0.4,0.4,12.100000000000005,0.20166666666666674
876,14:36,14,36,876,0.1,0.1,0.1,0.1,0.1,0.3,0.4,0.2,0.3,0.3,0.4,0.1,0.1,0.1,0.1,0.1,0.1,0.2,0.2,0.3,0.3,0.3,0.4,0.1,0.1,0.1,0.1,0.1,0.2,0.2,0.2,0.2,0.2,0.2,0.2,0.3,0.3,0.3,0.3,0.3,0.3,0.3,0.3,0.3,0.4,0.4,0.4,0.4,0.4,0.4,0.4,12.100000000000005,0.20166666666666674
877,14:37,14,37,877,0.1,0.1,0.1,0.1,0.1,0.3,0.4,0.2,0.3,0.3,0.4,0.1,0.1,0.1,0.1,0.1,0.1,0.2,0.2,0.3,0.3,0.3,0.4,0.1,0.1,0.1,0.1,0.1,0.2,0.2,0.2,0.2,0.2,0.2,0.2,0.3,0.3,0.3,0.3,0.3,0.3,0.3,0.3,0.3,0.4,0.4,0.4,0.4,0.4,0.4,0.4,12.100000000000005,0.20166666666666674
878,14:38,14,38,878,0.1,0.1,0.1,0.1,0.1,0.3,0.4,0.2,0.3,0.3,0.4,0.1,0.1,0.1,0.1,0.1,0.1,0.2,0.2,0.3,0.3,0.3,0.4,0.1,0.1,0.1,0.1,0.1,0.2,0.2,0.2,0.2,0.2,0.2,0.2,0.3,0.3,0.3,0.3,0.3,0.3,0.3,0.3,0.3,0.4,0.4,0.4,0.4,0.4,0.4,0.4,12.100000000000005,0.20166666666666674
879,14:39,14,39,879,0.1,0.1,0.1,0.1,0.1,0.3,0.4,0.2,0.3,0.3,0.4,0.1,0.1,0.1,0.1,0.1,0.1,0.2,0.2,0.3,0.3,0.3,0.4,0.1,0.1,0.1,0.1,0.1,0.2,0.2,0.2,0.2,0.2,0.2,0.2,0.3,0.3,0.3,0.3,0.3,0.3,0.3,0.3,0.3,0.4,0.4,0.4,0.4,0.4,0.4,0.4,12.100000000000005,0.20166666666666674
880,14:40,14,40,880,0.1,0.1,0.1,0.1,0.1,0.3,0.4,0.2,0.3,0.3,0.4,0.1,0.1,0.1,0.1,0.1,0.1,0.2,0.2,0.3,0.3,0.3,0.4,0.1,0.1,0.1,0.1,0.1,0.2,0.2,0.2,0.2,0.2,0.2,0.2,0.3,0.3,0.3,0.3,0.3,0.3,0.3,0.3,0.3,0.4,0.4,0.4,0.4,0.4,0.4,0.4,12.100000000000005,0.20166666666666674
881,14:41,14,41,881,0.1,0.1,0.1,0.1,0.1,0.3,0.4,0.2,0.3,0.3,0.4,0.1,0.1,0.1,0.1,0.1,0.1,0.2,0.2,0.3,0.3,0.3,0.4,0.1,0.1,0.1,0.1,0.1,0.2,0.2,0.2,0.2,0.2,0.2,0.2,0.3,0.3,0.3,0.3,0.3,0.3,0.3,0.3,0.3,0.4,0.4,0.4,0.4,0.4,0.4,0.4,12.100000000000005,0.20166666666666674
882,14:42,14,42,882,0.1,0.1,0.1,0.1,0.1,0.3,0.4,0.2,0.3,0.3,0.4,0.1,0.1,0.1,0.1,0.1,0.1,0.2,0.2,0.3,0.3,0.3,0.4,0.1,0.1,0.1,0.1,0.1,0.2,0.2,0.2,0.2,0.2,0.2,0.2,0.3,0.3,0.3,0.3,0.3,0.3,0.3,0.3,0.3,0.4,0.4,0.4,0.4,0.4,0.4,0.4,12.100000000000005,0.20166666666666674
883,14:43,14,43,883,0.1,0.1,0.1,0.1,0.1,0.3,0.4,0.2,0.3,0.3,0.4,0.1,0.1,0.1,0.1,0.1,0.1,0.2,0.2,0.3,0.3,0.3,0.4,0.1,0.1,0.1,0.1,0.1,0.2,0.2,0.2,0.2,0.2,0.2,0.2,0.3,0.3,0.3,0.3,0.3,0.3,0.3,0.3,0.3,0.4,0.4,0.4,0.4,0.4,0.4,0.4,12.100000000000005,0.20166666666666674
884,14:44,14,44,884,0.1,0.1,0.1,0.1,0.1,0.3,0.4,0.2,0.3,0.3,0.4,0.1,0.1,0.1,0.1,0.1,0.1,0.2,0.2,0.3,0.3,0.3,0.4,0.1,0.1,0.1,0.1,0.1,0.2,0.2,0.2,0.2,0.2,0.2,0.2,0.3,0.3,0.3,0.3,0.3,0.3,0.3,0.3,0.3,0.4,0.4,0.4,0.4,0.4,0.4,0.4,12.100000000000005,0.20166666666666674
885,14:45,14,45,885,0.1,0.1,0.1,0.1,0.1,0.3,0.4,0.2,0.3,0.3,0.4,0.1,0.1,0.1,0.1,0.1,0.1,0.2,0.2,0.3,0.3,0.3,0.4,0.1,0.1,0.1,0.1,0.1,0.2,0.2,0.2,0.2,0.2,0.2,0.2,0.3,0.3,0.3,0.3,0.3,0.3,0.3,0.3,0.3,0.4,0.4,0.4,0.4,0.4,0.4,0.4,12.100000000000005,0.20166666666666674
886,14:46,14,46,886,0.1,0.1,0.1,0.1,0.1,0.3,0.4,0.2,0.3,0.3,0.4,0.1,0.1,0.1,0.1,0.1,0.1,0.2,0.2,0.3,0.3,0.3,0.4,0.1,0.1,0.1,0.1,0.1,0.2,0.2,0.2,0.2,0.2,0.2,0.2,0.3,0.3,0.3,0.3,0.3,0.3,0.3,0.3,0.3,0.4,0.4,0.4,0.4,0.4,0.4,0.4,12.100000000000005,0.20166666666666674
887,14:47,14,47,887,0.1,0.1,0.1,0.1,0.1,0.3,0.4,0.2,0.3,0.3,0.4,0.1,0.1,0.1,0.1,0.1,0.1,0.2,0.2,0.3,0.3,0.3,0.4,0.1,0.1,0.1,0.1,0.1,0.2,0.2,0.2,0.2,0.2,0.2,0.2,0.3,0.3,0.3,0.3,0.3,0.3,0.3,0.3,0.3,0.4,0.4,0.4,0.4,0.4,0.4,0.4,12.100000000000005,0.20166666666666674
888,14:48,14,48,888,0.1,0.1,0.1,0.1,0.1,0.3,0.4,0.2,0.3,0.3,0.4,0.1,0.1,0.1,0.1,0.1,0.1,0.2,0.2,0.3,0.3,0.3,0.4,0.1,0.1,0.1,0.1,0.1,0.2,0.2,0.2,0.2,0.2,0.2,0.2,0.3,0.3,0.3,0.3,0.3,0.3,0.3,0.3,0.3,0.4,0.4,0.4,0.4,0.4,0.4,0.4,12.100000000000005,0.20166666666666674
889,14:49,14,49,889,0.1,0.1,0.1,0.1,0.1,0.3,0.4,0.2,0.3,0.3,0.4,0.1,0.1,0.1,0.1,0.1,0.1,0.2,0.2,0.3,0.3,0.3,0.4,0.1,0.1,0.1,0.1,0.1,0.2,0.2,0.2,0.2,0.2,0.2,0.2,0.3,0.3,0.3,0.3,0.3,0.3,0.3,0.3,0.3,0.4,0.4,0.4,0.4,0.4,0.4,0.4,12.100000000000005,0.20166666666666674
890,14:50,14,50,890,0.1,0.1,0.1,0.1,0.1,0.3,0.4,0.2,0.3,0.3,0.4,0.1,0.1,0.1,0.1,0.1,0.1,0.2,0.2,0.3,0.3,0.3,0.4,0.1,0.1,0.1,0.1,0.1,0.2,0.2,0.2,0.2,0.2,0.2,0.2,0.3,0.3,0.3,0.3,0.3,0.3,0.3,0.3,0.3,0.4,0.4,0.4,0.4,0.4,0.4,0.4,12.100000000000005,0.20166666666666674
891,14:51,14,51,891,0.1,0.1,0.1,0.1,0.1,0.3,0.4,0.2,0.3,0.3,0.4,0.1,0.1,0.1,0.1,0.1,0.1,0.2,0.2,0.3,0.3,0.3,0.4,0.1,0.1,0.1,0.1,0.1,0.2,0.2,0.2,0.2,0.2,0.2,0.2,0.3,0.3,0.3,0.3,0.3,0.3,0.3,0.3,0.3,0.4,0.4,0.4,0.4,0.4,0.4,0.4,12.100000000000005,0.20166666666666674
892,14:52,14,52,892,0.1,0.1,0.1,0.1,0.1,0.3,0.4,0.2,0.3,0.3,0.4,0.1,0.1,0.1,0.1,0.1,0.1,0.2,0.2,0.3,0.3,0.3,0.4,0.1,0.1,0.1,0.1,0.1,0.2,0.2,0.2,0.2,0.2,0.2,0.2,0.3,0.3,0.3,0.3,0.3,0.3,0.3,0.3,0.3,0.4,0.4,0.4,0.4,0.4,0.4,0.4,12.100000000000005,0.20166666666666674
893,14:53,14,53,893,0.1,0.1,0.1,0.1,0.1,0.3,0.4,0.2,0.3,0.3,0.4,0.1,0.1,0.1,0.1,0.1,0.1,0.2,0.2,0.3,0.3,0.3,0.4,0.1,0.1,0.1,0.1,0.1,0.2,0.2,0.2,0.2,0.2,0.2,0.2,0.3,0.3,0.3,0.3,0.3,0.3,0.3,0.3,0.3,0.4,0.4,0.4,0.4,0.4,0.4,0.4,12.100000000000005,0.20166666666666674
894,14:54,14,54,894,0.1,0.1,0.1,0.1,0.1,0.3,0.4,0.2,0.3,0.3,0.4,0.1,0.1,0.1,0.1,0.1,0.1,0.2,0.2,0.3,0.3,0.3,0.4,0.1,0.1,0.1,0.1,0.1,0.2,0.2,0.2,0.2,0.2,0.2,0.2,0.3,0.3,0.3,0.3,0.3,0.3,0.3,0.3,0.3,0.4,0.4,0.4,0.4,0.4,0.4,0.4,12.100000000000005,0.20166666666666674
895,14:55,14,55,895,0.1,0.1,0.1,0.1,0.1,0.3,0.4,0.2,0.3,0.3,0.4,0.1,0.1,0.1,0.1,0.1,0.1,0.2,0.2,0.3,0.3,0.3,0.4,0.1,0.1,0.1,0.1,0.1,0.2,0.2,0.2,0.2,0.2,0.2,0.2,0.3,0.3,0.3,0.3,0.3,0.3,0.3,0.3,0.3,0.4,0.4,0.4,0.4,0.4,0.4,0.4,12.100000000000005,0.20166666666666674
896,14:56,14,56,896,0.1,0.1,0.1,0.1,0.1,0.3,0.4,0.2,0.3,0.3,0.4,0.1,0.1,0.1,0.1,0.1,0.1,0.2,0.2,0.3,0.3,0.3,0.4,0.1,0.1,0.1,0.1,0.1,0.2,0.2,0.2,0.2,0.2,0.2,0.2,0.3,0.3,0.3,0.3,0.3,0.3,0.3,0.3,0.3,0.4,0.4,0.4,0.4,0.4,0.4,0.4,12.100000000000005,0.20166666666666674
897,14:57,14,57,897,0.1,0.1,0.1,0.1,0.1,0.3,0.4,0.2,0.3,0.3,0.4,0.1,0.1,0.1,0.1,0.1,0.1,0.2,0.2,0.3,0.3,0.3,0.4,0.1,0.1,0.1,0.1,0.1,0.2,0.2,0.2,0.2,0.2,0.2,0.2,0.3,0.3,0.3,0.3,0.3,0.3,0.3,0.3,0.3,0.4,0.4,0.4,0.4,0.4,0.4,0.4,12.100000000000005,0.20166666666666674
898,14:58,14,58,898,0.1,0.1,0.1,0.1,0.1,0.3,0.4,0.2,0.3,0.3,0.4,0.1,0.1,0.1,0.1,0.1,0.1,0.2,0.2,0.3,0.3,0.3,0.4,0.1,0.1,0.1,0.1,0.1,0.2,0.2,0.2,0.2,0.2,0.2,0.2,0.3,0.3,0.3,0.3,0.3,0.3,0.3,0.3,0.3,0.4,0.4,0.4,0.4,0.4,0.4,0.4,12.100000000000005,0.20166666666666674
899,14:59,14,59,899,0.1,0.1,0.1,0.1,0.1,0.3,0.4,0.2,0.3,0.3,0.4,0.1,0.1,0.1,0.1,0.1,0.1,0.2,0.2,0.3,0.3,0.3,0.4,0.1,0.1,0.1,0.1,0.1,0.2,0.2,0.2,0.2,0.2,0.2,0.2,0.3,0.3,0.3,0.3,0.3,0.3,0.3,0.3,0.3,0.4,0.4,0.4,0.4,0.4,0.4,0.4,12.100000000000005,0.20166666666666674
900,15:00,15,0,900,0.1,0.1,0.1,0.1,0.1,0.3,0.4,0.2,0.3,0.3,0.4,0.1,0.1,0.1,0.1,0.1,0.1,0.2,0.2,0.3,0.3,0.3,0.4,0.1,0.1,0.1,0.1,0.1,0.2,0.2,0.2,0.2,0.2,0.2,0.2,0.3,0.3,0.3,0.3,0.3,0.3,0.3,0.3,0.3,0.4,0.4,0.4,0.4,0.4,0.4,0.4,12.100000000000005,0.20166666666666674
901,15:01,15,1,901,0.1,0.1,0.1,0.1,0.1,0.3,0.4,0.2,0.3,0.3,0.4,0.1,0.1,0.1,0.1,0.1,0.1,0.2,0.2,0.3,0.3,0.3,0.4,0.1,0.1,0.1,0.1,0.1,0.2,0.2,0.2,0.2,0.2,0.2,0.2,0.3,0.3,0.3,0.3,0.3,0.3,0.3,0.3,0.3,0.4,0.4,0.4,0.4,0.4,0.4,0.4,12.100000000000005,0.20166666666666674
902,15:02,15,2,902,0.1,0.1,0.1,0.1,0.1,0.3,0.4,0.2,0.3,0.3,0.4,0.1,0.1,0.1,0.1,0.1,0.1,0.2,0.2,0.3,0.3,0.3,0.4,0.1,0.1,0.1,0.1,0.1,0.2,0.2,0.2,0.2,0.2,0.2,0.2,0.3,0.3,0.3,0.3,0.3,0.3,0.3,0.3,0.3,0.4,0.4,0.4,0.4,0.4,0.4,0.4,12.100000000000005,0.20166666666666674
903,15:03,15,3,903,0.1,0.1,0.1,0.1,0.1,0.3,0.4,0.2,0.3,0.3,0.4,0.1,0.1,0.1,0.1,0.1,0.1,0.2,0.2,0.3,0.3,0.3,0.4,0.1,0.1,0.1,0.1,0.1,0.2,0.2,0.2,0.2,0.2,0.2,0.2,0.3,0.3,0.3,0.3,0.3,0.3,0.3,0.3,0.3,0.4,0.4,0.4,0.4,0.4,0.4,0.4,12.100000000000005,0.20166666666666674
904,15:04,15,4,904,0.1,0.1,0.1,0.1,0.1,0.3,0.4,0.2,0.3,0.3,0.4,0.1,0.1,0.1,0.1,0.1,0.1,0.2,0.2,0.3,0.3,0.3,0.4,0.1,0.1,0.1,0.1,0.1,0.2,0.2,0.2,0.2,0.2,0.2,0.2,0.3,0.3,0.3,0.3,0.3,0.3,0.3,0.3,0.3,0.4,0.4,0.4,0.4,0.4,0.4,0.4,12.100000000000005,0.20166666666666674
905,15:05,15,5,905,0.1,0.1,0.1,0.1,0.1,0.3,0.4,0.2,0.3,0.3,0.4,0.1,0.1,0.1,0.1,0.1,0.1,0.2,0.2,0.3,0.3,0.3,0.4,0.1,0.1,0.1,0.1,0.1,0.2,0.2,0.2,0.2,0.2,0.2,0.2,0.3,0.3,0.3,0.3,0.3,0.3,0.3,0.3,0.3,0.4,0.4,0.4,0.4,0.4,0.4,0.4,12.100000000000005,0.20166666666666674
906,15:06,15,6,906,0.1,0.1,0.1,0.1,0.1,0.3,0.4,0.2,0.3,0.3,0.4,0.1,0.1,0.1,0.1,0.1,0.1,0.2,0.2,0.3,0.3,0.3,0.4,0.1,0.1,0.1,0.1,0.1,0.2,0.2,0.2,0.2,0.2,0.2,0.2,0.3,0.3,0.3,0.3,0.3,0.3,0.3,0.3,0.3,0.4,0.4,0.4,0.4,0.4,0.4,0.4,12.100000000000005,0.20166666666666674
907,15:07,15,7,907,0.1,0.1,0.1,0.1,0.1,0.3,0.4,0.2,0.3,0.3,0.4,0.1,0.1,0.1,0.1,0.1,0.1,0.2,0.2,0.3,0.3,0.3,0.4,0.1,0.1,0.1,0.1,0.1,0.2,0.2,0.2,0.2,0.2,0.2,0.2,0.3,0.3,0.3,0.3,0.3,0.3,0.3,0.3,0.3,0.4,0.4,0.4,0.4,0.4,0.4,0.4,12.100000000000005,0.20166666666666674
908,15:08,15,8,908,0.1,0.1,0.1,0.1,0.1,0.3,0.4,0.2,0.3,0.3,0.4,0.1,0.1,0.1,0.1,0.1,0.1,0.2,0.2,0.3,0.3,0.3,0.4,0.1,0.1,0.1,0.1,0.1,0.2,0.2,0.2,0.2,0.2,0.2,0.2,0.3,0.3,0.3,0.3,0.3,0.3,0.3,0.3,0.3,0.4,0.4,0.4,0.4,0.4,0.4,0.4,12.100000000000005,0.20166666666666674
909,15:09,15,9,909,0.1,0.1,0.1,0.1,0.1,0.3,0.4,0.2,0.3,0.3,0.4,0.1,0.1,0.1,0.1,0.1,0.1,0.2,0.2,0.3,0.3,0.3,0.4,0.1,0.1,0.1,0.1,0.1,0.2,0.2,0.2,0.2,0.2,0.2,0.2,0.3,0.3,0.3,0.3,0.3,0.3,0.3,0.3,0.3,0.4,0.4,0.4,0.4,0.4,0.4,0.4,12.100000000000005,0.20166666666666674
910,15:10,15,10,910,0.1,0.1,0.1,0.1,0.1,0.3,0.4,0.2,0.3,0.3,0.4,0.1,0.1,0.1,0.1,0.1,0.1,0.2,0.2,0.3,0.3,0.3,0.4,0.1,0.1,0.1,0.1,0.1,0.2,0.2,0.2,0.2,0.2,0.2,0.2,0.3,0.3,0.3,0.3,0.3,0.3,0.3,0.3,0.3,0.4,0.4,0.4,0.4,0.4,0.4,0.4,12.100000000000005,0.20166666666666674
911,15:11,15,11,911,0.1,0.1,0.1,0.1,0.1,0.3,0.4,0.2,0.3,0.3,0.4,0.1,0.1,0.1,0.1,0.1,0.1,0.2,0.2,0.3,0.3,0.3,0.4,0.1,0.1,0.1,0.1,0.1,0.2,0.2,0.2,0.2,0.2,0.2,0.2,0.3,0.3,0.3,0.3,0.3,0.3,0.3,0.3,0.3,0.4,0.4,0.4,0.4,0.4,0.4,0.4,12.100000000000005,0.20166666666666674
912,15:12,15,12,912,0.1,0.1,0.1,0.1,0.1,0.3,0.4,0.2,0.3,0.3,0.4,0.1,0.1,0.1,0.1,0.1,0.1,0.2,0.2,0.3,0.3,0.3,0.4,0.1,0.1,0.1,0.1,0.1,0.2,0.2,0.2,0.2,0.2,0.2,0.2,0.3,0.3,0.3,0.3,0.3,0.3,0.3,0.3,0.3,0.4,0.4,0.4,0.4,0.4,0.4,0.4,12.100000000000005,0.20166666666666674
913,15:13,15,13,913,0.1,0.1,0.1,0.1,0.1,0.3,0.4,0.2,0.3,0.3,0.4,0.1,0.1,0.1,0.1,0.1,0.1,0.2,0.2,0.3,0.3,0.3,0.4,0.1,0.1,0.1,0.1,0.1,0.2,0.2,0.2,0.2,0.2,0.2,0.2,0.3,0.3,0.3,0.3,0.3,0.3,0.3,0.3,0.3,0.4,0.4,0.4,0.4,0.4,0.4,0.4,12.100000000000005,0.20166666666666674
914,15:14,15,14,914,0.1,0.1,0.1,0.1,0.1,0.3,0.4,0.2,0.3,0.3,0.4,0.1,0.1,0.1,0.1,0.1,0.1,0.2,0.2,0.3,0.3,0.3,0.4,0.1,0.1,0.1,0.1,0.1,0.2,0.2,0.2,0.2,0.2,0.2,0.2,0.3,0.3,0.3,0.3,0.3,0.3,0.3,0.3,0.3,0.4,0.4,0.4,0.4,0.4,0.4,0.4,12.100000000000005,0.20166666666666674
915,15:15,15,15,915,0.1,0.1,0.1,0.1,0.1,0.3,0.4,0.2,0.3,0.3,0.4,0.1,0.1,0.1,0.1,0.1,0.1,0.2,0.2,0.3,0.3,0.3,0.4,0.1,0.1,0.1,0.1,0.1,0.2,0.2,0.2,0.2,0.2,0.2,0.2,0.3,0.3,0.3,0.3,0.3,0.3,0.3,0.3,0.3,0.4,0.4,0.4,0.4,0.4,0.4,0.4,12.100000000000005,0.20166666666666674
916,15:16,15,16,916,0.1,0.1,0.1,0.1,0.1,0.3,0.4,0.2,0.3,0.3,0.4,0.1,0.1,0.1,0.1,0.1,0.1,0.2,0.2,0.3,0.3,0.3,0.4,0.1,0.1,0.1,0.1,0.1,0.2,0.2,0.2,0.2,0.2,0.2,0.2,0.3,0.3,0.3,0.3,0.3,0.3,0.3,0.3,0.3,0.4,0.4,0.4,0.4,0.4,0.4,0.4,12.100000000000005,0.20166666666666674
917,15:17,15,17,917,0.1,0.1,0.1,0.1,0.1,0.3,0.4,0.2,0.3,0.3,0.4,0.1,0.1,0.1,0.1,0.1,0.1,0.2,0.2,0.3,0.3,0.3,0.4,0.1,0.1,0.1,0.1,0.1,0.2,0.2,0.2,0.2,0.2,0.2,0.2,0.3,0.3,0.3,0.3,0.3,0.3,0.3,0.3,0.3,0.4,0.4,0.4,0.4,0.4,0.4,0.4,12.100000000000005,0.20166666666666674
918,15:18,15,18,918,0.1,0.1,0.1,0.1,0.1,0.3,0.4,0.2,0.3,0.3,0.4,0.1,0.1,0.1,0.1,0.1,0.1,0.2,0.2,0.3,0.3,0.3,0.4,0.1,0.1,0.1,0.1,0.1,0.2,0.2,0.2,0.2,0.2,0.2,0.2,0.3,0.3,0.3,0.3,0.3,0.3,0.3,0.3,0.3,0.4,0.4,0.4,0.4,0.4,0.4,0.4,12.100000000000005,0.20166666666666674
919,15:19,15,19,919,0.1,0.1,0.1,0.1,0.1,0.3,0.4,0.2,0.3,0.3,0.4,0.1,0.1,0.1,0.1,0.1,0.1,0.2,0.2,0.3,0.3,0.3,0.4,0.1,0.1,0.1,0.1,0.1,0.2,0.2,0.2,0.2,0.2,0.2,0.2,0.3,0.3,0.3,0.3,0.3,0.3,0.3,0.3,0.3,0.4,0.4,0.4,0.4,0.4,0.4,0.4,12.100000000000005,0.20166666666666674
920,15:20,15,20,920,0.1,0.1,0.1,0.1,0.1,0.3,0.4,0.2,0.3,0.3,0.4,0.1,0.1,0.1,0.1,0.1,0.1,0.2,0.2,0.3,0.3,0.3,0.4,0.1,0.1,0.1,0.1,0.1,0.2,0.2,0.2,0.2,0.2,0.2,0.2,0.3,0.3,0.3,0.3,0.3,0.3,0.3,0.3,0.3,0.4,0.4,0.4,0.4,0.4,0.4,0.4,12.100000000000005,0.20166666666666674
921,15:21,15,21,921,0.1,0.1,0.1,0.1,0.1,0.3,0.4,0.2,0.3,0.3,0.4,0.1,0.1,0.1,0.1,0.1,0.1,0.2,0.2,0.3,0.3,0.3,0.4,0.1,0.1,0.1,0.1,0.1,0.2,0.2,0.2,0.2,0.2,0.2,0.2,0.3,0.3,0.3,0.3,0.3,0.3,0.3,0.3,0.3,0.4,0.4,0.4,0.4,0.4,0.4,0.4,12.100000000000005,0.20166666666666674
922,15:22,15,22,922,0.1,0.1,0.1,0.1,0.1,0.3,0.4,0.2,0.3,0.3,0.4,0.1,0.1,0.1,0.1,0.1,0.1,0.2,0.2,0.3,0.3,0.3,0.4,0.1,0.1,0.1,0.1,0.1,0.2,0.2,0.2,0.2,0.2,0.2,0.2,0.3,0.3,0.3,0.3,0.3,0.3,0.3,0.3,0.3,0.4,0.4,0.4,0.4,0.4,0.4,0.4,12.100000000000005,0.20166666666666674
923,15:23,15,23,923,0.1,0.1,0.1,0.1,0.1,0.3,0.4,0.2,0.3,0.3,0.4,0.1,0.1,0.1,0.1,0.1,0.1,0.2,0.2,0.3,0.3,0.3,0.4,0.1,0.1,0.1,0.1,0.1,0.2,0.2,0.2,0.2,0.2,0.2,0.2,0.3,0.3,0.3,0.3,0.3,0.3,0.3,0.3,0.3,0.4,0.4,0.4,0.4,0.4,0.4,0.4,12.100000000000005,0.20166666666666674
924,15:24,15,24,924,0.1,0.1,0.1,0.1,0.1,0.3,0.4,0.2,0.3,0.3,0.4,0.1,0.1,0.1,0.1,0.1,0.1,0.2,0.2,0.3,0.3,0.3,0.4,0.1,0.1,0.1,0.1,0.1,0.2,0.2,0.2,0.2,0.2,0.2,0.2,0.3,0.3,0.3,0.3,0.3,0.3,0.3,0.3,0.3,0.4,0.4,0.4,0.4,0.4,0.4,0.4,12.100000000000005,0.20166666666666674
925,15:25,15,25,925,0.1,0.1,0.1,0.1,0.1,0.3,0.4,0.2,0.3,0.3,0.4,0.1,0.1,0.1,0.1,0.1,0.1,0.2,0.2,0.3,0.3,0.3,0.4,0.1,0.1,0.1,0.1,0.1,0.2,0.2,0.2,0.2,0.2,0.2,0.2,0.3,0.3,0.3,0.3,0.3,0.3,0.3,0.3,0.3,0.4,0.4,0.4,0.4,0.4,0.4,0.4,12.100000000000005,0.20166666666666674
926,15:26,15,26,926,0.1,0.1,0.1,0.1,0.1,0.3,0.4,0.2,0.3,0.3,0.4,0.1,0.1,0.1,0.1,0.1,0.1,0.2,0.2,0.3,0.3,0.3,0.4,0.1,0.1,0.1,0.1,0.1,0.2,0.2,0.2,0.2,0.2,0.2,0.2,0.3,0.3,0.3,0.3,0.3,0.3,0.3,0.3,0.3,0.4,0.4,0.4,0.4,0.4,0.4,0.4,12.100000000000005,0.20166666666666674
927,15:27,15,27,927,0.1,0.1,0.1,0.1,0.1,0.3,0.4,0.2,0.3,0.3,0.4,0.1,0.1,0.1,0.1,0.1,0.1,0.2,0.2,0.3,0.3,0.3,0.4,0.1,0.1,0.1,0.1,0.1,0.2,0.2,0.2,0.2,0.2,0.2,0.2,0.3,0.3,0.3,0.3,0.3,0.3,0.3,0.3,0.3,0.4,0.4,0.4,0.4,0.4,0.4,0.4,12.100000000000005,0.20166666666666674
928,15:28,15,28,928,0.1,0.1,0.1,0.1,0.1,0.3,0.4,0.2,0.3,0.3,0.4,0.1,0.1,0.1,0.1,0.1,0.1,0.2,0.2,0.3,0.3,0.3,0.4,0.1,0.1,0.1,0.1,0.1,0.2,0.2,0.2,0.2,0.2,0.2,0.2,0.3,0.3,0.3,0.3,0.3,0.3,0.3,0.3,0.3,0.4,0.4,0.4,0.4,0.4,0.4,0.4,12.100000000000005,0.20166666666666674
929,15:29,15,29,929,0.1,0.1,0.1,0.1,0.1,0.3,0.4,0.2,0.3,0.3,0.4,0.1,0.1,0.1,0.1,0.1,0.1,0.2,0.2,0.3,0.3,0.3,0.4,0.1,0.1,0.1,0.1,0.1,0.2,0.2,0.2,0.2,0.2,0.2,0.2,0.3,0.3,0.3,0.3,0.3,0.3,0.3,0.3,0.3,0.4,0.4,0.4,0.4,0.4,0.4,0.4,12.100000000000005,0.20166666666666674
930,15:30,15,30,930,0.1,0.1,0.1,0.1,0.1,0.3,0.4,0.2,0.3,0.3,0.4,0.1,0.1,0.1,0.1,0.1,0.1,0.2,0.2,0.3,0.3,0.3,0.4,0.1,0.1,0.1,0.1,0.1,0.2,0.2,0.2,0.2,0.2,0.2,0.2,0.3,0.3,0.3,0.3,0.3,0.3,0.3,0.3,0.3,0.4,0.4,0.4,0.4,0.4,0.4,0.4,12.100000000000005,0.20166666666666674
931,15:31,15,31,931,0.1,0.1,0.1,0.1,0.1,0.3,0.4,0.2,0.3,0.3,0.4,0.1,0.1,0.1,0.1,0.1,0.1,0.2,0.2,0.3,0.3,0.3,0.4,0.1,0.1,0.1,0.1,0.1,0.2,0.2,0.2,0.2,0.2,0.2,0.2,0.3,0.3,0.3,0.3,0.3,0.3,0.3,0.3,0.3,0.4,0.4,0.4,0.4,0.4,0.4,0.4,12.100000000000005,0.20166666666666674
932,15:32,15,32,932,0.1,0.1,0.1,0.1,0.1,0.3,0.4,0.2,0.3,0.3,0.4,0.1,0.1,0.1,0.1,0.1,0.1,0.2,0.2,0.3,0.3,0.3,0.4,0.1,0.1,0.1,0.1,0.1,0.2,0.2,0.2,0.2,0.2,0.2,0.2,0.3,0.3,0.3,0.3,0.3,0.3,0.3,0.3,0.3,0.4,0.4,0.4,0.4,0.4,0.4,0.4,12.100000000000005,0.20166666666666674
933,15:33,15,33,933,0.1,0.1,0.1,0.1,0.1,0.3,0.4,0.2,0.3,0.3,0.4,0.1,0.1,0.1,0.1,0.1,0.1,0.2,0.2,0.3,0.3,0.3,0.4,0.1,0.1,0.1,0.1,0.1,0.2,0.2,0.2,0.2,0.2,0.2,0.2,0.3,0.3,0.3,0.3,0.3,0.3,0.3,0.3,0.3,0.4,0.4,0.4,0.4,0.4,0.4,0.4,12.100000000000005,0.20166666666666674
934,15:34,15,34,934,0.1,0.1,0.1,0.1,0.1,0.3,0.4,0.2,0.3,0.3,0.4,0.1,0.1,0.1,0.1,0.1,0.1,0.2,0.2,0.3,0.3,0.3,0.4,0.1,0.1,0.1,0.1,0.1,0.2,0.2,0.2,0.2,0.2,0.2,0.2,0.3,0.3,0.3,0.3,0.3,0.3,0.3,0.3,0.3,0.4,0.4,0.4,0.4,0.4,0.4,0.4,12.100000000000005,0.20166666666666674
935,15:35,15,35,935,0.1,0.1,0.1,0.1,0.1,0.3,0.4,0.2,0.3,0.3,0.4,0.1,0.1,0.1,0.1,0.1,0.1,0.2,0.2,0.3,0.3,0.3,0.4,0.1,0.1,0.1,0.1,0.1,0.2,0.2,0.2,0.2,0.2,0.2,0.2,0.3,0.3,0.3,0.3,0.3,0.3,0.3,0.3,0.3,0.4,0.4,0.4,0.4,0.4,0.4,0.4,12.100000000000005,0.20166666666666674
936,15:36,15,36,936,0.1,0.1,0.1,0.1,0.1,0.3,0.4,0.2,0.3,0.3,0.4,0.1,0.1,0.1,0.1,0.1,0.1,0.2,0.2,0.3,0.3,0.3,0.4,0.1,0.1,0.1,0.1,0.1,0.2,0.2,0.2,0.2,0.2,0.2,0.2,0.3,0.3,0.3,0.3,0.3,0.3,0.3,0.3,0.3,0.4,0.4,0.4,0.4,0.4,0.4,0.4,12.100000000000005,0.20166666666666674
937,15:37,15,37,937,0.1,0.1,0.1,0.1,0.1,0.3,0.4,0.2,0.3,0.3,0.4,0.1,0.1,0.1,0.1,0.1,0.1,0.2,0.2,0.3,0.3,0.3,0.4,0.1,0.1,0.1,0.1,0.1,0.2,0.2,0.2,0.2,0.2,0.2,0.2,0.3,0.3,0.3,0.3,0.3,0.3,0.3,0.3,0.3,0.4,0.4,0.4,0.4,0.4,0.4,0.4,12.100000000000005,0.20166666666666674
938,15:38,15,38,938,0.1,0.1,0.1,0.1,0.1,0.3,0.4,0.2,0.3,0.3,0.4,0.1,0.1,0.1,0.1,0.1,0.1,0.2,0.2,0.3,0.3,0.3,0.4,0.1,0.1,0.1,0.1,0.1,0.2,0.2,0.2,0.2,0.2,0.2,0.2,0.3,0.3,0.3,0.3,0.3,0.3,0.3,0.3,0.3,0.4,0.4,0.4,0.4,0.4,0.4,0.4,12.100000000000005,0.20166666666666674
939,15:39,15,39,939,0.1,0.1,0.1,0.1,0.1,0.3,0.4,0.2,0.3,0.3,0.4,0.1,0.1,0.1,0.1,0.1,0.1,0.2,0.2,0.3,0.3,0.3,0.4,0.1,0.1,0.1,0.1,0.1,0.2,0.2,0.2,0.2,0.2,0.2,0.2,0.3,0.3,0.3,0.3,0.3,0.3,0.3,0.3,0.3,0.4,0.4,0.4,0.4,0.4,0.4,0.4,12.100000000000005,0.20166666666666674
940,15:40,15,40,940,0.1,0.1,0.1,0.1,0.1,0.3,0.4,0.2,0.3,0.3,0.4,0.1,0.1,0.1,0.1,0.1,0.1,0.2,0.2,0.3,0.3,0.3,0.4,0.1,0.1,0.1,0.1,0.1,0.2,0.2,0.2,0.2,0.2,0.2,0.2,0.3,0.3,0.3,0.3,0.3,0.3,0.3,0.3,0.3,0.4,0.4,0.4,0.4,0.4,0.4,0.4,12.100000000000005,0.20166666666666674
941,15:41,15,41,941,0.1,0.1,0.1,0.1,0.1,0.3,0.4,0.2,0.3,0.3,0.4,0.1,0.1,0.1,0.1,0.1,0.1,0.2,0.2,0.3,0.3,0.3,0.4,0.1,0.1,0.1,0.1,0.1,0.2,0.2,0.2,0.2,0.2,0.2,0.2,0.3,0.3,0.3,0.3,0.3,0.3,0.3,0.3,0.3,0.4,0.4,0.4,0.4,0.4,0.4,0.4,12.100000000000005,0.20166666666666674
942,15:42,15,42,942,0.1,0.1,0.1,0.1,0.1,0.3,0.4,0.2,0.3,0.3,0.4,0.1,0.1,0.1,0.1,0.1,0.1,0.2,0.2,0.3,0.3,0.3,0.4,0.1,0.1,0.1,0.1,0.1,0.2,0.2,0.2,0.2,0.2,0.2,0.2,0.3,0.3,0.3,0.3,0.3,0.3,0.3,0.3,0.3,0.4,0.4,0.4,0.4,0.4,0.4,0.4,12.100000000000005,0.20166666666666674
943,15:43,15,43,943,0.1,0.1,0.1,0.1,0.1,0.3,0.4,0.2,0.3,0.3,0.4,0.1,0.1,0.1,0.1,0.1,0.1,0.2,0.2,0.3,0.3,0.3,0.4,0.1,0.1,0.1,0.1,0.1,0.2,0.2,0.2,0.2,0.2,0.2,0.2,0.3,0.3,0.3,0.3,0.3,0.3,0.3,0.3,0.3,0.4,0.4,0.4,0.4,0.4,0.4,0.4,12.100000000000005,0.20166666666666674
944,15:44,15,44,944,0.1,0.1,0.1,0.1,0.1,0.3,0.4,0.2,0.3,0.3,0.4,0.1,0.1,0.1,0.1,0.1,0.1,0.2,0.2,0.3,0.3,0.3,0.4,0.1,0.1,0.1,0.1,0.1,0.2,0.2,0.2,0.2,0.2,0.2,0.2,0.3,0.3,0.3,0.3,0.3,0.3,0.3,0.3,0.3,0.4,0.4,0.4,0.4,0.4,0.4,0.4,12.100000000000005,0.20166666666666674
945,15:45,15,45,945,0.1,0.1,0.1,0.1,0.1,0.3,0.4,0.2,0.3,0.3,0.4,0.1,0.1,0.1,0.1,0.1,0.1,0.2,0.2,0.3,0.3,0.3,0.4,0.1,0.1,0.1,0.1,0.1,0.2,0.2,0.2,0.2,0.2,0.2,0.2,0.3,0.3,0.3,0.3,0.3,0.3,0.3,0.3,0.3,0.4,0.4,0.4,0.4,0.4,0.4,0.4,12.100000000000005,0.20166666666666674
946,15:46,15,46,946,0.1,0.1,0.1,0.1,0.1,0.3,0.4,0.2,0.3,0.3,0.4,0.1,0.1,0.1,0.1,0.1,0.1,0.2,0.2,0.3,0.3,0.3,0.4,0.1,0.1,0.1,0.1,0.1,0.2,0.2,0.2,0.2,0.2,0.2,0.2,0.3,0.3,0.3,0.3,0.3,0.3,0.3,0.3,0.3,0.4,0.4,0.4,0.4,0.4,0.4,0.4,12.100000000000005,0.20166666666666674
947,15:47,15,47,947,0.1,0.1,0.1,0.1,0.1,0.3,0.4,0.2,0.3,0.3,0.4,0.1,0.1,0.1,0.1,0.1,0.1,0.2,0.2,0.3,0.3,0.3,0.4,0.1,0.1,0.1,0.1,0.1,0.2,0.2,0.2,0.2,0.2,0.2,0.2,0.3,0.3,0.3,0.3,0.3,0.3,0.3,0.3,0.3,0.4,0.4,0.4,0.4,0.4,0.4,0.4,12.100000000000005,0.20166666666666674
948,15:48,15,48,948,0.1,0.1,0.1,0.1,0.1,0.3,0.4,0.2,0.3,0.3,0.4,0.1,0.1,0.1,0.1,0.1,0.1,0.2,0.2,0.3,0.3,0.3,0.4,0.1,0.1,0.1,0.1,0.1,0.2,0.2,0.2,0.2,0.2,0.2,0.2,0.3,0.3,0.3,0.3,0.3,0.3,0.3,0.3,0.3,0.4,0.4,0.4,0.4,0.4,0.4,0.4,12.100000000000005,0.20166666666666674
949,15:49,15,49,949,0.1,0.1,0.1,0.1,0.1,0.3,0.4,0.2,0.3,0.3,0.4,0.1,0.1,0.1,0.1,0.1,0.1,0.2,0.2,0.3,0.3,0.3,0.4,0.1,0.1,0.1,0.1,0.1,0.2,0.2,0.2,0.2,0.2,0.2,0.2,0.3,0.3,0.3,0.3,0.3,0.3,0.3,0.3,0.3,0.4,0.4,0.4,0.4,0.4,0.4,0.4,12.100000000000005,0.20166666666666674
950,15:50,15,50,950,0.1,0.1,0.1,0.1,0.1,0.3,0.4,0.2,0.3,0.3,0.4,0.1,0.1,0.1,0.1,0.1,0.1,0.2,0.2,0.3,0.3,0.3,0.4,0.1,0.1,0.1,0.1,0.1,0.2,0.2,0.2,0.2,0.2,0.2,0.2,0.3,0.3,0.3,0.3,0.3,0.3,0.3,0.3,0.3,0.4,0.4,0.4,0.4,0.4,0.4,0.4,12.100000000000005,0.20166666666666674
951,15:51,15,51,951,0.1,0.1,0.1,0.1,0.1,0.3,0.4,0.2,0.3,0.3,0.4,0.1,0.1,0.1,0.1,0.1,0.1,0.2,0.2,0.3,0.3,0.3,0.4,0.1,0.1,0.1,0.1,0.1,0.2,0.2,0.2,0.2,0.2,0.2,0.2,0.3,0.3,0.3,0.3,0.3,0.3,0.3,0.3,0.3,0.4,0.4,0.4,0.4,0.4,0.4,0.4,12.100000000000005,0.20166666666666674
952,15:52,15,52,952,0.1,0.1,0.1,0.1,0.1,0.3,0.4,0.2,0.3,0.3,0.4,0.1,0.1,0.1,0.1,0.1,0.1,0.2,0.2,0.3,0.3,0.3,0.4,0.1,0.1,0.1,0.1,0.1,0.2,0.2,0.2,0.2,0.2,0.2,0.2,0.3,0.3,0.3,0.3,0.3,0.3,0.3,0.3,0.3,0.4,0.4,0.4,0.4,0.4,0.4,0.4,12.100000000000005,0.20166666666666674
953,15:53,15,53,953,0.1,0.1,0.1,0.1,0.1,0.3,0.4,0.2,0.3,0.3,0.4,0.1,0.1,0.1,0.1,0.1,0.1,0.2,0.2,0.3,0.3,0.3,0.4,0.1,0.1,0.1,0.1,0.1,0.2,0.2,0.2,0.2,0.2,0.2,0.2,0.3,0.3,0.3,0.3,0.3,0.3,0.3,0.3,0.3,0.4,0.4,0.4,0.4,0.4,0.4,0.4,12.100000000000005,0.20166666666666674
954,15:54,15,54,954,0.1,0.1,0.1,0.1,0.1,0.3,0.4,0.2,0.3,0.3,0.4,0.1,0.1,0.1,0.1,0.1,0.1,0.2,0.2,0.3,0.3,0.3,0.4,0.1,0.1,0.1,0.1,0.1,0.2,0.2,0.2,0.2,0.2,0.2,0.2,0.3,0.3,0.3,0.3,0.3,0.3,0.3,0.3,0.3,0.4,0.4,0.4,0.4,0.4,0.4,0.4,12.100000000000005,0.20166666666666674
955,15:55,15,55,955,0.1,0.1,0.1,0.1,0.1,0.3,0.4,0.2,0.3,0.3,0.4,0.1,0.1,0.1,0.1,0.1,0.1,0.2,0.2,0.3,0.3,0.3,0.4,0.1,0.1,0.1,0.1,0.1,0.2,0.2,0.2,0.2,0.2,0.2,0.2,0.3,0.3,0.3,0.3,0.3,0.3,0.3,0.3,0.3,0.4,0.4,0.4,0.4,0.4,0.4,0.4,12.100000000000005,0.20166666666666674
956,15:56,15,56,956,0.1,0.1,0.1,0.1,0.1,0.3,0.4,0.2,0.3,0.3,0.4,0.1,0.1,0.1,0.1,0.1,0.1,0.2,0.2,0.3,0.3,0.3,0.4,0.1,0.1,0.1,0.1,0.1,0.2,0.2,0.2,0.2,0.2,0.2,0.2,0.3,0.3,0.3,0.3,0.3,0.3,0.3,0.3,0.3,0.4,0.4,0.4,0.4,0.4,0.4,0.4,12.100000000000005,0.20166666666666674
957,15:57,15,57,957,0.1,0.1,0.1,0.1,0.1,0.3,0.4,0.2,0.3,0.3,0.4,0.1,0.1,0.1,0.1,0.1,0.1,0.2,0.2,0.3,0.3,0.3,0.4,0.1,0.1,0.1,0.1,0.1,0.2,0.2,0.2,0.2,0.2,0.2,0.2,0.3,0.3,0.3,0.3,0.3,0.3,0.3,0.3,0.3,0.4,0.4,0.4,0.4,0.4,0.4,0.4,12.100000000000005,0.20166666666666674
958,15:58,15,58,958,0.1,0.1,0.1,0.1,0.1,0.3,0.4,0.2,0.3,0.3,0.4,0.1,0.1,0.1,0.1,0.1,0.1,0.2,0.2,0.3,0.3,0.3,0.4,0.1,0.1,0.1,0.1,0.1,0.2,0.2,0.2,0.2,0.2,0.2,0.2,0.3,0.3,0.3,0.3,0.3,0.3,0.3,0.3,0.3,0.4,0.4,0.4,0.4,0.4,0.4,0.4,12.100000000000005,0.20166666666666674
959,15:59,15,59,959,0.1,0.1,0.1,0.1,0.1,0.3,0.4,0.2,0.3,0.3,0.4,0.1,0.1,0.1,0.1,0.1,0.1,0.2,0.2,0.3,0.3,0.3,0.4,0.1,0.1,0.1,0.1,0.1,0.2,0.2,0.2,0.2,0.2,0.2,0.2,0.3,0.3,0.3,0.3,0.3,0.3,0.3,0.3,0.3,0.4,0.4,0.4,0.4,0.4,0.4,0.4,12.100000000000005,0.20166666666666674
960,16:00,16,0,960,0.1,0.1,0.1,0.1,0.1,0.3,0.4,0.2,0.3,0.3,0.4,0.1,0.1,0.1,0.1,0.1,0.1,0.2,0.2,0.3,0.3,0.3,0.4,0.1,0.1,0.1,0.1,0.1,0.2,0.2,0.2,0.2,0.2,0.2,0.2,0.3,0.3,0.3,0.3,0.3,0.3,0.3,0.3,0.3,0.4,0.4,0.4,0.4,0.4,0.4,0.4,12.100000000000005,0.20166666666666674
961,16:01,16,1,961,0.1,0.1,0.1,0.1,0.1,0.3,0.4,0.2,0.3,0.3,0.4,0.1,0.1,0.1,0.1,0.1,0.1,0.2,0.2,0.3,0.3,0.3,0.4,0.1,0.1,0.1,0.1,0.1,0.2,0.2,0.2,0.2,0.2,0.2,0.2,0.3,0.3,0.3,0.3,0.3,0.3,0.3,0.3,0.3,0.4,0.4,0.4,0.4,0.4,0.4,0.4,12.100000000000005,0.20166666666666674
962,16:02,16,2,962,0.1,0.1,0.1,0.1,0.1,0.3,0.4,0.2,0.3,0.3,0.4,0.1,0.1,0.1,0.1,0.1,0.1,0.2,0.2,0.3,0.3,0.3,0.4,0.1,0.1,0.1,0.1,0.1,0.2,0.2,0.2,0.2,0.2,0.2,0.2,0.3,0.3,0.3,0.3,0.3,0.3,0.3,0.3,0.3,0.4,0.4,0.4,0.4,0.4,0.4,0.4,12.100000000000005,0.20166666666666674
963,16:03,16,3,963,0.1,0.1,0.1,0.1,0.1,0.3,0.4,0.2,0.3,0.3,0.4,0.1,0.1,0.1,0.1,0.1,0.1,0.2,0.2,0.3,0.3,0.3,0.4,0.1,0.1,0.1,0.1,0.1,0.2,0.2,0.2,0.2,0.2,0.2,0.2,0.3,0.3,0.3,0.3,0.3,0.3,0.3,0.3,0.3,0.4,0.4,0.4,0.4,0.4,0.4,0.4,12.100000000000005,0.20166666666666674
964,16:04,16,4,964,0.1,0.1,0.1,0.1,0.1,0.3,0.4,0.2,0.3,0.3,0.4,0.1,0.1,0.1,0.1,0.1,0.1,0.2,0.2,0.3,0.3,0.3,0.4,0.1,0.1,0.1,0.1,0.1,0.2,0.2,0.2,0.2,0.2,0.2,0.2,0.3,0.3,0.3,0.3,0.3,0.3,0.3,0.3,0.3,0.4,0.4,0.4,0.4,0.4,0.4,0.4,12.100000000000005,0.20166666666666674
965,16:05,16,5,965,0.1,0.1,0.1,0.1,0.1,0.3,0.4,0.2,0.3,0.3,0.4,0.1,0.1,0.1,0.1,0.1,0.1,0.2,0.2,0.3,0.3,0.3,0.4,0.1,0.1,0.1,0.1,0.1,0.2,0.2,0.2,0.2,0.2,0.2,0.2,0.3,0.3,0.3,0.3,0.3,0.3,0.3,0.3,0.3,0.4,0.4,0.4,0.4,0.4,0.4,0.4,12.100000000000005,0.20166666666666674
966,16:06,16,6,966,0.1,0.1,0.1,0.1,0.1,0.3,0.4,0.2,0.3,0.3,0.4,0.1,0.1,0.1,0.1,0.1,0.1,0.2,0.2,0.3,0.3,0.3,0.4,0.1,0.1,0.1,0.1,0.1,0.2,0.2,0.2,0.2,0.2,0.2,0.2,0.3,0.3,0.3,0.3,0.3,0.3,0.3,0.3,0.3,0.4,0.4,0.4,0.4,0.4,0.4,0.4,12.100000000000005,0.20166666666666674
967,16:07,16,7,967,0.1,0.1,0.1,0.1,0.1,0.3,0.4,0.2,0.3,0.3,0.4,0.1,0.1,0.1,0.1,0.1,0.1,0.2,0.2,0.3,0.3,0.3,0.4,0.1,0.1,0.1,0.1,0.1,0.2,0.2,0.2,0.2,0.2,0.2,0.2,0.3,0.3,0.3,0.3,0.3,0.3,0.3,0.3,0.3,0.4,0.4,0.4,0.4,0.4,0.4,0.4,12.100000000000005,0.20166666666666674
968,16:08,16,8,968,0.1,0.1,0.1,0.1,0.1,0.3,0.4,0.2,0.3,0.3,0.4,0.1,0.1,0.1,0.1,0.1,0.1,0.2,0.2,0.3,0.3,0.3,0.4,0.1,0.1,0.1,0.1,0.1,0.2,0.2,0.2,0.2,0.2,0.2,0.2,0.3,0.3,0.3,0.3,0.3,0.3,0.3,0.3,0.3,0.4,0.4,0.4,0.4,0.4,0.4,0.4,12.100000000000005,0.20166666666666674
969,16:09,16,9,969,0.1,0.1,0.1,0.1,0.1,0.3,0.4,0.2,0.3,0.3,0.4,0.1,0.1,0.1,0.1,0.1,0.1,0.2,0.2,0.3,0.3,0.3,0.4,0.1,0.1,0.1,0.1,0.1,0.2,0.2,0.2,0.2,0.2,0.2,0.2,0.3,0.3,0.3,0.3,0.3,0.3,0.3,0.3,0.3,0.4,0.4,0.4,0.4,0.4,0.4,0.4,12.100000000000005,0.20166666666666674
970,16:10,16,10,970,0.1,0.1,0.1,0.1,0.1,0.3,0.4,0.2,0.3,0.3,0.4,0.1,0.1,0.1,0.1,0.1,0.1,0.2,0.2,0.3,0.3,0.3,0.4,0.1,0.1,0.1,0.1,0.1,0.2,0.2,0.2,0.2,0.2,0.2,0.2,0.3,0.3,0.3,0.3,0.3,0.3,0.3,0.3,0.3,0.4,0.4,0.4,0.4,0.4,0.4,0.4,12.100000000000005,0.20166666666666674
971,16:11,16,11,971,0.1,0.1,0.1,0.1,0.1,0.3,0.4,0.2,0.3,0.3,0.4,0.1,0.1,0.1,0.1,0.1,0.1,0.2,0.2,0.3,0.3,0.3,0.4,0.1,0.1,0.1,0.1,0.1,0.2,0.2,0.2,0.2,0.2,0.2,0.2,0.3,0.3,0.3,0.3,0.3,0.3,0.3,0.3,0.3,0.4,0.4,0.4,0.4,0.4,0.4,0.4,12.100000000000005,0.20166666666666674
972,16:12,16,12,972,0.1,0.1,0.1,0.1,0.1,0.3,0.4,0.2,0.3,0.3,0.4,0.1,0.1,0.1,0.1,0.1,0.1,0.2,0.2,0.3,0.3,0.3,0.4,0.1,0.1,0.1,0.1,0.1,0.2,0.2,0.2,0.2,0.2,0.2,0.2,0.3,0.3,0.3,0.3,0.3,0.3,0.3,0.3,0.3,0.4,0.4,0.4,0.4,0.4,0.4,0.4,12.100000000000005,0.20166666666666674
973,16:13,16,13,973,0.1,0.1,0.1,0.1,0.1,0.3,0.4,0.2,0.3,0.3,0.4,0.1,0.1,0.1,0.1,0.1,0.1,0.2,0.2,0.3,0.3,0.3,0.4,0.1,0.1,0.1,0.1,0.1,0.2,0.2,0.2,0.2,0.2,0.2,0.2,0.3,0.3,0.3,0.3,0.3,0.3,0.3,0.3,0.3,0.4,0.4,0.4,0.4,0.4,0.4,0.4,12.100000000000005,0.20166666666666674
974,16:14,16,14,974,0.1,0.1,0.1,0.1,0.1,0.3,0.4,0.2,0.3,0.3,0.4,0.1,0.1,0.1,0.1,0.1,0.1,0.2,0.2,0.3,0.3,0.3,0.4,0.1,0.1,0.1,0.1,0.1,0.2,0.2,0.2,0.2,0.2,0.2,0.2,0.3,0.3,0.3,0.3,0.3,0.3,0.3,0.3,0.3,0.4,0.4,0.4,0.4,0.4,0.4,0.4,12.100000000000005,0.20166666666666674
975,16:15,16,15,975,0.1,0.1,0.1,0.1,0.1,0.3,0.4,0.2,0.3,0.3,0.4,0.1,0.1,0.1,0.1,0.1,0.1,0.2,0.2,0.3,0.3,0.3,0.4,0.1,0.1,0.1,0.1,0.1,0.2,0.2,0.2,0.2,0.2,0.2,0.2,0.3,0.3,0.3,0.3,0.3,0.3,0.3,0.3,0.3,0.4,0.4,0.4,0.4,0.4,0.4,0.4,12.100000000000005,0.20166666666666674
976,16:16,16,16,976,0.1,0.1,0.1,0.1,0.1,0.3,0.4,0.2,0.3,0.3,0.4,0.1,0.1,0.1,0.1,0.1,0.1,0.2,0.2,0.3,0.3,0.3,0.4,0.1,0.1,0.1,0.1,0.1,0.2,0.2,0.2,0.2,0.2,0.2,0.2,0.3,0.3,0.3,0.3,0.3,0.3,0.3,0.3,0.3,0.4,0.4,0.4,0.4,0.4,0.4,0.4,12.100000000000005,0.20166666666666674
977,16:17,16,17,977,0.1,0.1,0.1,0.1,0.1,0.3,0.4,0.2,0.3,0.3,0.4,0.1,0.1,0.1,0.1,0.1,0.1,0.2,0.2,0.3,0.3,0.3,0.4,0.1,0.1,0.1,0.1,0.1,0.2,0.2,0.2,0.2,0.2,0.2,0.2,0.3,0.3,0.3,0.3,0.3,0.3,0.3,0.3,0.3,0.4,0.4,0.4,0.4,0.4,0.4,0.4,12.100000000000005,0.20166666666666674
978,16:18,16,18,978,0.1,0.1,0.1,0.1,0.1,0.3,0.4,0.2,0.3,0.3,0.4,0.1,0.1,0.1,0.1,0.1,0.1,0.2,0.2,0.3,0.3,0.3,0.4,0.1,0.1,0.1,0.1,0.1,0.2,0.2,0.2,0.2,0.2,0.2,0.2,0.3,0.3,0.3,0.3,0.3,0.3,0.3,0.3,0.3,0.4,0.4,0.4,0.4,0.4,0.4,0.4,12.100000000000005,0.20166666666666674
979,16:19,16,19,979,0.1,0.1,0.1,0.1,0.1,0.3,0.4,0.2,0.3,0.3,0.4,0.1,0.1,0.1,0.1,0.1,0.1,0.2,0.2,0.3,0.3,0.3,0.4,0.1,0.1,0.1,0.1,0.1,0.2,0.2,0.2,0.2,0.2,0.2,0.2,0.3,0.3,0.3,0.3,0.3,0.3,0.3,0.3,0.3,0.4,0.4,0.4,0.4,0.4,0.4,0.4,12.100000000000005,0.20166666666666674
980,16:20,16,20,980,0.1,0.1,0.1,0.1,0.1,0.3,0.4,0.2,0.3,0.3,0.4,0.1,0.1,0.1,0.1,0.1,0.1,0.2,0.2,0.3,0.3,0.3,0.4,0.1,0.1,0.1,0.1,0.1,0.2,0.2,0.2,0.2,0.2,0.2,0.2,0.3,0.3,0.3,0.3,0.3,0.3,0.3,0.3,0.3,0.4,0.4,0.4,0.4,0.4,0.4,0.4,12.100000000000005,0.20166666666666674
981,16:21,16,21,981,0.1,0.1,0.1,0.1,0.1,0.3,0.4,0.2,0.3,0.3,0.4,0.1,0.1,0.1,0.1,0.1,0.1,0.2,0.2,0.3,0.3,0.3,0.4,0.1,0.1,0.1,0.1,0.1,0.2,0.2,0.2,0.2,0.2,0.2,0.2,0.3,0.3,0.3,0.3,0.3,0.3,0.3,0.3,0.3,0.4,0.4,0.4,0.4,0.4,0.4,0.4,12.100000000000005,0.20166666666666674
982,16:22,16,22,982,0.1,0.1,0.1,0.1,0.1,0.3,0.4,0.2,0.3,0.3,0.4,0.1,0.1,0.1,0.1,0.1,0.1,0.2,0.2,0.3,0.3,0.3,0.4,0.1,0.1,0.1,0.1,0.1,0.2,0.2,0.2,0.2,0.2,0.2,0.2,0.3,0.3,0.3,0.3,0.3,0.3,0.3,0.3,0.3,0.4,0.4,0.4,0.4,0.4,0.4,0.4,12.100000000000005,0.20166666666666674
983,16:23,16,23,983,0.1,0.1,0.1,0.1,0.1,0.3,0.4,0.2,0.3,0.3,0.4,0.1,0.1,0.1,0.1,0.1,0.1,0.2,0.2,0.3,0.3,0.3,0.4,0.1,0.1,0.1,0.1,0.1,0.2,0.2,0.2,0.2,0.2,0.2,0.2,0.3,0.3,0.3,0.3,0.3,0.3,0.3,0.3,0.3,0.4,0.4,0.4,0.4,0.4,0.4,0.4,12.100000000000005,0.20166666666666674
984,16:24,16,24,984,0.1,0.1,0.1,0.1,0.1,0.3,0.4,0.2,0.3,0.3,0.4,0.1,0.1,0.1,0.1,0.1,0.1,0.2,0.2,0.3,0.3,0.3,0.4,0.1,0.1,0.1,0.1,0.1,0.2,0.2,0.2,0.2,0.2,0.2,0.2,0.3,0.3,0.3,0.3,0.3,0.3,0.3,0.3,0.3,0.4,0.4,0.4,0.4,0.4,0.4,0.4,12.100000000000005,0.20166666666666674
985,16:25,16,25,985,0.1,0.1,0.1,0.1,0.1,0.3,0.4,0.2,0.3,0.3,0.4,0.1,0.1,0.1,0.1,0.1,0.1,0.2,0.2,0.3,0.3,0.3,0.4,0.1,0.1,0.1,0.1,0.1,0.2,0.2,0.2,0.2,0.2,0.2,0.2,0.3,0.3,0.3,0.3,0.3,0.3,0.3,0.3,0.3,0.4,0.4,0.4,0.4,0.4,0.4,0.4,12.100000000000005,0.20166666666666674
986,16:26,16,26,986,0.1,0.1,0.1,0.1,0.1,0.3,0.4,0.2,0.3,0.3,0.4,0.1,0.1,0.1,0.1,0.1,0.1,0.2,0.2,0.3,0.3,0.3,0.4,0.1,0.1,0.1,0.1,0.1,0.2,0.2,0.2,0.2,0.2,0.2,0.2,0.3,0.3,0.3,0.3,0.3,0.3,0.3,0.3,0.3,0.4,0.4,0.4,0.4,0.4,0.4,0.4,12.100000000000005,0.20166666666666674
987,16:27,16,27,987,0.1,0.1,0.1,0.1,0.1,0.3,0.4,0.2,0.3,0.3,0.4,0.1,0.1,0.1,0.1,0.1,0.1,0.2,0.2,0.3,0.3,0.3,0.4,0.1,0.1,0.1,0.1,0.1,0.2,0.2,0.2,0.2,0.2,0.2,0.2,0.3,0.3,0.3,0.3,0.3,0.3,0.3,0.3,0.3,0.4,0.4,0.4,0.4,0.4,0.4,0.4,12.100000000000005,0.20166666666666674
988,16:28,16,28,988,0.1,0.1,0.1,0.1,0.1,0.3,0.4,0.2,0.3,0.3,0.4,0.1,0.1,0.1,0.1,0.1,0.1,0.2,0.2,0.3,0.3,0.3,0.4,0.1,0.1,0.1,0.1,0.1,0.2,0.2,0.2,0.2,0.2,0.2,0.2,0.3,0.3,0.3,0.3,0.3,0.3,0.3,0.3,0.3,0.4,0.4,0.4,0.4,0.4,0.4,0.4,12.100000000000005,0.20166666666666674
989,16:29,16,29,989,0.1,0.1,0.1,0.1,0.1,0.3,0.4,0.2,0.3,0.3,0.4,0.1,0.1,0.1,0.1,0.1,0.1,0.2,0.2,0.3,0.3,0.3,0.4,0.1,0.1,0.1,0.1,0.1,0.2,0.2,0.2,0.2,0.2,0.2,0.2,0.3,0.3,0.3,0.3,0.3,0.3,0.3,0.3,0.3,0.4,0.4,0.4,0.4,0.4,0.4,0.4,12.100000000000005,0.20166666666666674
990,16:30,16,30,990,0.1,0.1,0.1,0.1,0.1,0.3,0.4,0.2,0.3,0.3,0.4,0.1,0.1,0.1,0.1,0.1,0.1,0.2,0.2,0.3,0.3,0.3,0.4,0.1,0.1,0.1,0.1,0.1,0.2,0.2,0.2,0.2,0.2,0.2,0.2,0.3,0.3,0.3,0.3,0.3,0.3,0.3,0.3,0.3,0.4,0.4,0.4,0.4,0.4,0.4,0.4,12.100000000000005,0.20166666666666674
991,16:31,16,31,991,0.1,0.1,0.1,0.1,0.1,0.3,0.4,0.2,0.3,0.3,0.4,0.1,0.1,0.1,0.1,0.1,0.1,0.2,0.2,0.3,0.3,0.3,0.4,0.1,0.1,0.1,0.1,0.1,0.2,0.2,0.2,0.2,0.2,0.2,0.2,0.3,0.3,0.3,0.3,0.3,0.3,0.3,0.3,0.3,0.4,0.4,0.4,0.4,0.4,0.4,0.4,12.100000000000005,0.20166666666666674
992,16:32,16,32,992,0.1,0.1,0.1,0.1,0.1,0.3,0.4,0.2,0.3,0.3,0.4,0.1,0.1,0.1,0.1,0.1,0.1,0.2,0.2,0.3,0.3,0.3,0.4,0.1,0.1,0.1,0.1,0.1,0.2,0.2,0.2,0.2,0.2,0.2,0.2,0.3,0.3,0.3,0.3,0.3,0.3,0.3,0.3,0.3,0.4,0.4,0.4,0.4,0.4,0.4,0.4,12.100000000000005,0.20166666666666674
993,16:33,16,33,993,0.1,0.1,0.1,0.1,0.1,0.3,0.4,0.2,0.3,0.3,0.4,0.1,0.1,0.1,0.1,0.1,0.1,0.2,0.2,0.3,0.3,0.3,0.4,0.1,0.1,0.1,0.1,0.1,0.2,0.2,0.2,0.2,0.2,0.2,0.2,0.3,0.3,0.3,0.3,0.3,0.3,0.3,0.3,0.3,0.4,0.4,0.4,0.4,0.4,0.4,0.4,12.100000000000005,0.20166666666666674
994,16:34,16,34,994,0.1,0.1,0.1,0.1,0.1,0.3,0.4,0.2,0.3,0.3,0.4,0.1,0.1,0.1,0.1,0.1,0.1,0.2,0.2,0.3,0.3,0.3,0.4,0.1,0.1,0.1,0.1,0.1,0.2,0.2,0.2,0.2,0.2,0.2,0.2,0.3,0.3,0.3,0.3,0.3,0.3,0.3,0.3,0.3,0.4,0.4,0.4,0.4,0.4,0.4,0.4,12.100000000000005,0.20166666666666674
995,16:35,16,35,995,0.1,0.1,0.1,0.1,0.1,0.3,0.4,0.2,0.3,0.3,0.4,0.1,0.1,0.1,0.1,0.1,0.1,0.2,0.2,0.3,0.3,0.3,0.4,0.1,0.1,0.1,0.1,0.1,0.2,0.2,0.2,0.2,0.2,0.2,0.2,0.3,0.3,0.3,0.3,0.3,0.3,0.3,0.3,0.3,0.4,0.4,0.4,0.4,0.4,0.4,0.4,12.100000000000005,0.20166666666666674
996,16:36,16,36,996,0.1,0.1,0.1,0.1,0.1,0.3,0.4,0.2,0.3,0.3,0.4,0.1,0.1,0.1,0.1,0.1,0.1,0.2,0.2,0.3,0.3,0.3,0.4,0.1,0.1,0.1,0.1,0.1,0.2,0.2,0.2,0.2,0.2,0.2,0.2,0.3,0.3,0.3,0.3,0.3,0.3,0.3,0.3,0.3,0.4,0.4,0.4,0.4,0.4,0.4,0.4,12.100000000000005,0.20166666666666674
997,16:37,16,37,997,0.1,0.1,0.1,0.1,0.1,0.3,0.4,0.2,0.3,0.3,0.4,0.1,0.1,0.1,0.1,0.1,0.1,0.2,0.2,0.3,0.3,0.3,0.4,0.1,0.1,0.1,0.1,0.1,0.2,0.2,0.2,0.2,0.2,0.2,0.2,0.3,0.3,0.3,0.3,0.3,0.3,0.3,0.3,0.3,0.4,0.4,0.4,0.4,0.4,0.4,0.4,12.100000000000005,0.20166666666666674
998,16:38,16,38,998,0.1,0.1,0.1,0.1,0.1,0.3,0.4,0.2,0.3,0.3,0.4,0.1,0.1,0.1,0.1,0.1,0.1,0.2,0.2,0.3,0.3,0.3,0.4,0.1,0.1,0.1,0.1,0.1,0.2,0.2,0.2,0.2,0.2,0.2,0.2,0.3,0.3,0.3,0.3,0.3,0.3,0.3,0.3,0.3,0.4,0.4,0.4,0.4,0.4,0.4,0.4,12.100000000000005,0.20166666666666674
999,16:39,16,39,999,0.1,0.1,0.1,0.1,0.1,0.3,0.4,0.2,0.3,0.3,0.4,0.1,0.1,0.1,0.1,0.1,0.1,0.2,0.2,0.3,0.3,0.3,0.4,0.1,0.1,0.1,0.1,0.1,0.2,0.2,0.2,0.2,0.2,0.2,0.2,0.3,0.3,0.3,0.3,0.3,0.3,0.3,0.3,0.3,0.4,0.4,0.4,0.4,0.4,0.4,0.4,12.100000000000005,0.20166666666666674
1000,16:40,16,40,1000,0.1,0.1,0.1,0.1,0.1,0.3,0.4,0.2,0.3,0.3,0.4,0.1,0.1,0.1,0.1,0.1,0.1,0.2,0.2,0.3,0.3,0.3,0.4,0.1,0.1,0.1,0.1,0.1,0.2,0.2,0.2,0.2,0.2,0.2,0.2,0.3,0.3,0.3,0.3,0.3,0.3,0.3,0.3,0.3,0.4,0.4,0.4,0.4,0.4,0.4,0.4,12.100000000000005,0.20166666666666674
1001,16:41,16,41,1001,0.1,0.1,0.1,0.1,0.1,0.3,0.4,0.2,0.3,0.3,0.4,0.1,0.1,0.1,0.1,0.1,0.1,0.2,0.2,0.3,0.3,0.3,0.4,0.1,0.1,0.1,0.1,0.1,0.2,0.2,0.2,0.2,0.2,0.2,0.2,0.3,0.3,0.3,0.3,0.3,0.3,0.3,0.3,0.3,0.4,0.4,0.4,0.4,0.4,0.4,0.4,12.100000000000005,0.20166666666666674
1002,16:42,16,42,1002,0.1,0.1,0.1,0.1,0.1,0.3,0.4,0.2,0.3,0.3,0.4,0.1,0.1,0.1,0.1,0.1,0.1,0.2,0.2,0.3,0.3,0.3,0.4,0.1,0.1,0.1,0.1,0.1,0.2,0.2,0.2,0.2,0.2,0.2,0.2,0.3,0.3,0.3,0.3,0.3,0.3,0.3,0.3,0.3,0.4,0.4,0.4,0.4,0.4,0.4,0.4,12.100000000000005,0.20166666666666674
1003,16:43,16,43,1003,0.1,0.1,0.1,0.1,0.1,0.3,0.4,0.2,0.3,0.3,0.4,0.1,0.1,0.1,0.1,0.1,0.1,0.2,0.2,0.3,0.3,0.3,0.4,0.1,0.1,0.1,0.1,0.1,0.2,0.2,0.2,0.2,0.2,0.2,0.2,0.3,0.3,0.3,0.3,0.3,0.3,0.3,0.3,0.3,0.4,0.4,0.4,0.4,0.4,0.4,0.4,12.100000000000005,0.20166666666666674
1004,16:44,16,44,1004,0.1,0.1,0.1,0.1,0.1,0.3,0.4,0.2,0.3,0.3,0.4,0.1,0.1,0.1,0.1,0.1,0.1,0.2,0.2,0.3,0.3,0.3,0.4,0.1,0.1,0.1,0.1,0.1,0.2,0.2,0.2,0.2,0.2,0.2,0.2,0.3,0.3,0.3,0.3,0.3,0.3,0.3,0.3,0.3,0.4,0.4,0.4,0.4,0.4,0.4,0.4,12.100000000000005,0.20166666666666674
1005,16:45,16,45,1005,0.1,0.1,0.1,0.1,0.1,0.3,0.4,0.2,0.3,0.3,0.4,0.1,0.1,0.1,0.1,0.1,0.1,0.2,0.2,0.3,0.3,0.3,0.4,0.1,0.1,0.1,0.1,0.1,0.2,0.2,0.2,0.2,0.2,0.2,0.2,0.3,0.3,0.3,0.3,0.3,0.3,0.3,0.3,0.3,0.4,0.4,0.4,0.4,0.4,0.4,0.4,12.100000000000005,0.20166666666666674
1006,16:46,16,46,1006,0.1,0.1,0.1,0.1,0.1,0.3,0.4,0.2,0.3,0.3,0.4,0.1,0.1,0.1,0.1,0.1,0.1,0.2,0.2,0.3,0.3,0.3,0.4,0.1,0.1,0.1,0.1,0.1,0.2,0.2,0.2,0.2,0.2,0.2,0.2,0.3,0.3,0.3,0.3,0.3,0.3,0.3,0.3,0.3,0.4,0.4,0.4,0.4,0.4,0.4,0.4,12.100000000000005,0.20166666666666674
1007,16:47,16,47,1007,0.1,0.1,0.1,0.1,0.1,0.3,0.4,0.2,0.3,0.3,0.4,0.1,0.1,0.1,0.1,0.1,0.1,0.2,0.2,0.3,0.3,0.3,0.4,0.1,0.1,0.1,0.1,0.1,0.2,0.2,0.2,0.2,0.2,0.2,0.2,0.3,0.3,0.3,0.3,0.3,0.3,0.3,0.3,0.3,0.4,0.4,0.4,0.4,0.4,0.4,0.4,12.100000000000005,0.20166666666666674
1008,16:48,16,48,1008,0.1,0.1,0.1,0.1,0.1,0.3,0.4,0.2,0.3,0.3,0.4,0.1,0.1,0.1,0.1,0.1,0.1,0.2,0.2,0.3,0.3,0.3,0.4,0.1,0.1,0.1,0.1,0.1,0.2,0.2,0.2,0.2,0.2,0.2,0.2,0.3,0.3,0.3,0.3,0.3,0.3,0.3,0.3,0.3,0.4,0.4,0.4,0.4,0.4,0.4,0.4,12.100000000000005,0.20166666666666674
1009,16:49,16,49,1009,0.1,0.1,0.1,0.1,0.1,0.3,0.4,0.2,0.3,0.3,0.4,0.1,0.1,0.1,0.1,0.1,0.1,0.2,0.2,0.3,0.3,0.3,0.4,0.1,0.1,0.1,0.1,0.1,0.2,0.2,0.2,0.2,0.2,0.2,0.2,0.3,0.3,0.3,0.3,0.3,0.3,0.3,0.3,0.3,0.4,0.4,0.4,0.4,0.4,0.4,0.4,12.100000000000005,0.20166666666666674
1010,16:50,16,50,1010,0.1,0.1,0.1,0.1,0.1,0.3,0.4,0.2,0.3,0.3,0.4,0.1,0.1,0.1,0.1,0.1,0.1,0.2,0.2,0.3,0.3,0.3,0.4,0.1,0.1,0.1,0.1,0.1,0.2,0.2,0.2,0.2,0.2,0.2,0.2,0.3,0.3,0.3,0.3,0.3,0.3,0.3,0.3,0.3,0.4,0.4,0.4,0.4,0.4,0.4,0.4,12.100000000000005,0.20166666666666674
1011,16:51,16,51,1011,0.1,0.1,0.1,0.1,0.1,0.3,0.4,0.2,0.3,0.3,0.4,0.1,0.1,0.1,0.1,0.1,0.1,0.2,0.2,0.3,0.3,0.3,0.4,0.1,0.1,0.1,0.1,0.1,0.2,0.2,0.2,0.2,0.2,0.2,0.2,0.3,0.3,0.3,0.3,0.3,0.3,0.3,0.3,0.3,0.4,0.4,0.4,0.4,0.4,0.4,0.4,12.100000000000005,0.20166666666666674
1012,16:52,16,52,1012,0.1,0.1,0.1,0.1,0.1,0.3,0.4,0.2,0.3,0.3,0.4,0.1,0.1,0.1,0.1,0.1,0.1,0.2,0.2,0.3,0.3,0.3,0.4,0.1,0.1,0.1,0.1,0.1,0.2,0.2,0.2,0.2,0.2,0.2,0.2,0.3,0.3,0.3,0.3,0.3,0.3,0.3,0.3,0.3,0.4,0.4,0.4,0.4,0.4,0.4,0.4,12.100000000000005,0.20166666666666674
1013,16:53,16,53,1013,0.1,0.1,0.1,0.1,0.1,0.3,0.4,0.2,0.3,0.3,0.4,0.1,0.1,0.1,0.1,0.1,0.1,0.2,0.2,0.3,0.3,0.3,0.4,0.1,0.1,0.1,0.1,0.1,0.2,0.2,0.2,0.2,0.2,0.2,0.2,0.3,0.3,0.3,0.3,0.3,0.3,0.3,0.3,0.3,0.4,0.4,0.4,0.4,0.4,0.4,0.4,12.100000000000005,0.20166666666666674
1014,16:54,16,54,1014,0.1,0.1,0.1,0.1,0.1,0.3,0.4,0.2,0.3,0.3,0.4,0.1,0.1,0.1,0.1,0.1,0.1,0.2,0.2,0.3,0.3,0.3,0.4,0.1,0.1,0.1,0.1,0.1,0.2,0.2,0.2,0.2,0.2,0.2,0.2,0.3,0.3,0.3,0.3,0.3,0.3,0.3,0.3,0.3,0.4,0.4,0.4,0.4,0.4,0.4,0.4,12.100000000000005,0.20166666666666674
1015,16:55,16,55,1015,0.1,0.1,0.1,0.1,0.1,0.3,0.4,0.2,0.3,0.3,0.4,0.1,0.1,0.1,0.1,0.1,0.1,0.2,0.2,0.3,0.3,0.3,0.4,0.1,0.1,0.1,0.1,0.1,0.2,0.2,0.2,0.2,0.2,0.2,0.2,0.3,0.3,0.3,0.3,0.3,0.3,0.3,0.3,0.3,0.4,0.4,0.4,0.4,0.4,0.4,0.4,12.100000000000005,0.20166666666666674
1016,16:56,16,56,1016,0.1,0.1,0.1,0.1,0.1,0.3,0.4,0.2,0.3,0.3,0.4,0.1,0.1,0.1,0.1,0.1,0.1,0.2,0.2,0.3,0.3,0.3,0.4,0.1,0.1,0.1,0.1,0.1,0.2,0.2,0.2,0.2,0.2,0.2,0.2,0.3,0.3,0.3,0.3,0.3,0.3,0.3,0.3,0.3,0.4,0.4,0.4,0.4,0.4,0.4,0.4,12.100000000000005,0.20166666666666674
1017,16:57,16,57,1017,0.1,0.1,0.1,0.1,0.1,0.3,0.4,0.2,0.3,0.3,0.4,0.1,0.1,0.1,0.1,0.1,0.1,0.2,0.2,0.3,0.3,0.3,0.4,0.1,0.1,0.1,0.1,0.1,0.2,0.2,0.2,0.2,0.2,0.2,0.2,0.3,0.3,0.3,0.3,0.3,0.3,0.3,0.3,0.3,0.4,0.4,0.4,0.4,0.4,0.4,0.4,12.100000000000005,0.20166666666666674
1018,16:58,16,58,1018,0.1,0.1,0.1,0.1,0.1,0.3,0.4,0.2,0.3,0.3,0.4,0.1,0.1,0.1,0.1,0.1,0.1,0.2,0.2,0.3,0.3,0.3,0.4,0.1,0.1,0.1,0.1,0.1,0.2,0.2,0.2,0.2,0.2,0.2,0.2,0.3,0.3,0.3,0.3,0.3,0.3,0.3,0.3,0.3,0.4,0.4,0.4,0.4,0.4,0.4,0.4,12.100000000000005,0.20166666666666674
1019,16:59,16,59,1019,0.1,0.1,0.1,0.1,0.1,0.3,0.4,0.2,0.3,0.3,0.4,0.1,0.1,0.1,0.1,0.1,0.1,0.2,0.2,0.3,0.3,0.3,0.4,0.1,0.1,0.1,0.1,0.1,0.2,0.2,0.2,0.2,0.2,0.2,0.2,0.3,0.3,0.3,0.3,0.3,0.3,0.3,0.3,0.3,0.4,0.4,0.4,0.4,0.4,0.4,0.4,12.100000000000005,0.20166666666666674
1020,17:00,17,0,1020,0.1,0.1,0.1,0.1,0.1,0.3,0.4,0.2,0.3,0.3,0.4,0.1,0.1,0.1,0.1,0.1,0.1,0.2,0.2,0.3,0.3,0.3,0.4,0.1,0.1,0.1,0.1,0.1,0.2,0.2,0.2,0.2,0.2,0.2,0.2,0.3,0.3,0.3,0.3,0.3,0.3,0.3,0.3,0.3,0.4,0.4,0.4,0.4,0.4,0.4,0.4,12.100000000000005,0.20166666666666674
1021,17:01,17,1,1021,0.1,0.1,0.1,0.1,0.1,0.3,0.4,0.2,0.3,0.3,0.4,0.1,0.1,0.1,0.1,0.1,0.1,0.2,0.2,0.3,0.3,0.3,0.4,0.1,0.1,0.1,0.1,0.1,0.2,0.2,0.2,0.2,0.2,0.2,0.2,0.3,0.3,0.3,0.3,0.3,0.3,0.3,0.3,0.3,0.4,0.4,0.4,0.4,0.4,0.4,0.4,12.100000000000005,0.20166666666666674
1022,17:02,17,2,1022,0.1,0.1,0.1,0.1,0.1,0.3,0.4,0.2,0.3,0.3,0.4,0.1,0.1,0.1,0.1,0.1,0.1,0.2,0.2,0.3,0.3,0.3,0.4,0.1,0.1,0.1,0.1,0.1,0.2,0.2,0.2,0.2,0.2,0.2,0.2,0.3,0.3,0.3,0.3,0.3,0.3,0.3,0.3,0.3,0.4,0.4,0.4,0.4,0.4,0.4,0.4,12.100000000000005,0.20166666666666674
1023,17:03,17,3,1023,0.1,0.1,0.1,0.1,0.1,0.3,0.4,0.2,0.3,0.3,0.4,0.1,0.1,0.1,0.1,0.1,0.1,0.2,0.2,0.3,0.3,0.3,0.4,0.1,0.1,0.1,0.1,0.1,0.2,0.2,0.2,0.2,0.2,0.2,0.2,0.3,0.3,0.3,0.3,0.3,0.3,0.3,0.3,0.3,0.4,0.4,0.4,0.4,0.4,0.4,0.4,12.100000000000005,0.20166666666666674
1024,17:04,17,4,1024,0.1,0.1,0.1,0.1,0.1,0.3,0.4,0.2,0.3,0.3,0.4,0.1,0.1,0.1,0.1,0.1,0.1,0.2,0.2,0.3,0.3,0.3,0.4,0.1,0.1,0.1,0.1,0.1,0.2,0.2,0.2,0.2,0.2,0.2,0.2,0.3,0.3,0.3,0.3,0.3,0.3,0.3,0.3,0.3,0.4,0.4,0.4,0.4,0.4,0.4,0.4,12.100000000000005,0.20166666666666674
1025,17:05,17,5,1025,0.1,0.1,0.1,0.1,0.1,0.3,0.4,0.2,0.3,0.3,0.4,0.1,0.1,0.1,0.1,0.1,0.1,0.2,0.2,0.3,0.3,0.3,0.4,0.1,0.1,0.1,0.1,0.1,0.2,0.2,0.2,0.2,0.2,0.2,0.2,0.3,0.3,0.3,0.3,0.3,0.3,0.3,0.3,0.3,0.4,0.4,0.4,0.4,0.4,0.4,0.4,12.100000000000005,0.20166666666666674
1026,17:06,17,6,1026,0.1,0.1,0.1,0.1,0.1,0.3,0.4,0.2,0.3,0.3,0.4,0.1,0.1,0.1,0.1,0.1,0.1,0.2,0.2,0.3,0.3,0.3,0.4,0.1,0.1,0.1,0.1,0.1,0.2,0.2,0.2,0.2,0.2,0.2,0.2,0.3,0.3,0.3,0.3,0.3,0.3,0.3,0.3,0.3,0.4,0.4,0.4,0.4,0.4,0.4,0.4,12.100000000000005,0.20166666666666674
1027,17:07,17,7,1027,0.1,0.1,0.1,0.1,0.1,0.3,0.4,0.2,0.3,0.3,0.4,0.1,0.1,0.1,0.1,0.1,0.1,0.2,0.2,0.3,0.3,0.3,0.4,0.1,0.1,0.1,0.1,0.1,0.2,0.2,0.2,0.2,0.2,0.2,0.2,0.3,0.3,0.3,0.3,0.3,0.3,0.3,0.3,0.3,0.4,0.4,0.4,0.4,0.4,0.4,0.4,12.100000000000005,0.20166666666666674
1028,17:08,17,8,1028,0.1,0.1,0.1,0.1,0.1,0.3,0.4,0.2,0.3,0.3,0.4,0.1,0.1,0.1,0.1,0.1,0.1,0.2,0.2,0.3,0.3,0.3,0.4,0.1,0.1,0.1,0.1,0.1,0.2,0.2,0.2,0.2,0.2,0.2,0.2,0.3,0.3,0.3,0.3,0.3,0.3,0.3,0.3,0.3,0.4,0.4,0.4,0.4,0.4,0.4,0.4,12.100000000000005,0.20166666666666674
1029,17:09,17,9,1029,0.1,0.1,0.1,0.1,0.1,0.3,0.4,0.2,0.3,0.3,0.4,0.1,0.1,0.1,0.1,0.1,0.1,0.2,0.2,0.3,0.3,0.3,0.4,0.1,0.1,0.1,0.1,0.1,0.2,0.2,0.2,0.2,0.2,0.2,0.2,0.3,0.3,0.3,0.3,0.3,0.3,0.3,0.3,0.3,0.4,0.4,0.4,0.4,0.4,0.4,0.4,12.100000000000005,0.20166666666666674
1030,17:10,17,10,1030,0.1,0.1,0.1,0.1,0.1,0.3,0.4,0.2,0.3,0.3,0.4,0.1,0.1,0.1,0.1,0.1,0.1,0.2,0.2,0.3,0.3,0.3,0.4,0.1,0.1,0.1,0.1,0.1,0.2,0.2,0.2,0.2,0.2,0.2,0.2,0.3,0.3,0.3,0.3,0.3,0.3,0.3,0.3,0.3,0.4,0.4,0.4,0.4,0.4,0.4,0.4,12.100000000000005,0.20166666666666674
1031,17:11,17,11,1031,0.1,0.1,0.1,0.1,0.1,0.3,0.4,0.2,0.3,0.3,0.4,0.1,0.1,0.1,0.1,0.1,0.1,0.2,0.2,0.3,0.3,0.3,0.4,0.1,0.1,0.1,0.1,0.1,0.2,0.2,0.2,0.2,0.2,0.2,0.2,0.3,0.3,0.3,0.3,0.3,0.3,0.3,0.3,0.3,0.4,0.4,0.4,0.4,0.4,0.4,0.4,12.100000000000005,0.20166666666666674
1032,17:12,17,12,1032,0.1,0.1,0.1,0.1,0.1,0.3,0.4,0.2,0.3,0.3,0.4,0.1,0.1,0.1,0.1,0.1,0.1,0.2,0.2,0.3,0.3,0.3,0.4,0.1,0.1,0.1,0.1,0.1,0.2,0.2,0.2,0.2,0.2,0.2,0.2,0.3,0.3,0.3,0.3,0.3,0.3,0.3,0.3,0.3,0.4,0.4,0.4,0.4,0.4,0.4,0.4,12.100000000000005,0.20166666666666674
1033,17:13,17,13,1033,0.1,0.1,0.1,0.1,0.1,0.3,0.4,0.2,0.3,0.3,0.4,0.1,0.1,0.1,0.1,0.1,0.1,0.2,0.2,0.3,0.3,0.3,0.4,0.1,0.1,0.1,0.1,0.1,0.2,0.2,0.2,0.2,0.2,0.2,0.2,0.3,0.3,0.3,0.3,0.3,0.3,0.3,0.3,0.3,0.4,0.4,0.4,0.4,0.4,0.4,0.4,12.100000000000005,0.20166666666666674
1034,17:14,17,14,1034,0.1,0.1,0.1,0.1,0.1,0.3,0.4,0.2,0.3,0.3,0.4,0.1,0.1,0.1,0.1,0.1,0.1,0.2,0.2,0.3,0.3,0.3,0.4,0.1,0.1,0.1,0.1,0.1,0.2,0.2,0.2,0.2,0.2,0.2,0.2,0.3,0.3,0.3,0.3,0.3,0.3,0.3,0.3,0.3,0.4,0.4,0.4,0.4,0.4,0.4,0.4,12.100000000000005,0.20166666666666674
1035,17:15,17,15,1035,0.1,0.1,0.1,0.1,0.1,0.3,0.4,0.2,0.3,0.3,0.4,0.1,0.1,0.1,0.1,0.1,0.1,0.2,0.2,0.3,0.3,0.3,0.4,0.1,0.1,0.1,0.1,0.1,0.2,0.2,0.2,0.2,0.2,0.2,0.2,0.3,0.3,0.3,0.3,0.3,0.3,0.3,0.3,0.3,0.4,0.4,0.4,0.4,0.4,0.4,0.4,12.100000000000005,0.20166666666666674
1036,17:16,17,16,1036,0.1,0.1,0.1,0.1,0.1,0.3,0.4,0.2,0.3,0.3,0.4,0.1,0.1,0.1,0.1,0.1,0.1,0.2,0.2,0.3,0.3,0.3,0.4,0.1,0.1,0.1,0.1,0.1,0.2,0.2,0.2,0.2,0.2,0.2,0.2,0.3,0.3,0.3,0.3,0.3,0.3,0.3,0.3,0.3,0.4,0.4,0.4,0.4,0.4,0.4,0.4,12.100000000000005,0.20166666666666674
1037,17:17,17,17,1037,0.1,0.1,0.1,0.1,0.1,0.3,0.4,0.2,0.3,0.3,0.4,0.1,0.1,0.1,0.1,0.1,0.1,0.2,0.2,0.3,0.3,0.3,0.4,0.1,0.1,0.1,0.1,0.1,0.2,0.2,0.2,0.2,0.2,0.2,0.2,0.3,0.3,0.3,0.3,0.3,0.3,0.3,0.3,0.3,0.4,0.4,0.4,0.4,0.4,0.4,0.4,12.100000000000005,0.20166666666666674
1038,17:18,17,18,1038,0.1,0.1,0.1,0.1,0.1,0.3,0.4,0.2,0.3,0.3,0.4,0.1,0.1,0.1,0.1,0.1,0.1,0.2,0.2,0.3,0.3,0.3,0.4,0.1,0.1,0.1,0.1,0.1,0.2,0.2,0.2,0.2,0.2,0.2,0.2,0.3,0.3,0.3,0.3,0.3,0.3,0.3,0.3,0.3,0.4,0.4,0.4,0.4,0.4,0.4,0.4,12.100000000000005,0.20166666666666674
1039,17:19,17,19,1039,0.1,0.1,0.1,0.1,0.1,0.3,0.4,0.2,0.3,0.3,0.4,0.1,0.1,0.1,0.1,0.1,0.1,0.2,0.2,0.3,0.3,0.3,0.4,0.1,0.1,0.1,0.1,0.1,0.2,0.2,0.2,0.2,0.2,0.2,0.2,0.3,0.3,0.3,0.3,0.3,0.3,0.3,0.3,0.3,0.4,0.4,0.4,0.4,0.4,0.4,0.4,12.100000000000005,0.20166666666666674
1040,17:20,17,20,1040,0.1,0.1,0.1,0.1,0.1,0.3,0.4,0.2,0.3,0.3,0.4,0.1,0.1,0.1,0.1,0.1,0.1,0.2,0.2,0.3,0.3,0.3,0.4,0.1,0.1,0.1,0.1,0.1,0.2,0.2,0.2,0.2,0.2,0.2,0.2,0.3,0.3,0.3,0.3,0.3,0.3,0.3,0.3,0.3,0.4,0.4,0.4,0.4,0.4,0.4,0.4,12.100000000000005,0.20166666666666674
1041,17:21,17,21,1041,0.1,0.1,0.1,0.1,0.1,0.3,0.4,0.2,0.3,0.3,0.4,0.1,0.1,0.1,0.1,0.1,0.1,0.2,0.2,0.3,0.3,0.3,0.4,0.1,0.1,0.1,0.1,0.1,0.2,0.2,0.2,0.2,0.2,0.2,0.2,0.3,0.3,0.3,0.3,0.3,0.3,0.3,0.3,0.3,0.4,0.4,0.4,0.4,0.4,0.4,0.4,12.100000000000005,0.20166666666666674
1042,17:22,17,22,1042,0.1,0.1,0.1,0.1,0.1,0.3,0.4,0.2,0.3,0.3,0.4,0.1,0.1,0.1,0.1,0.1,0.1,0.2,0.2,0.3,0.3,0.3,0.4,0.1,0.1,0.1,0.1,0.1,0.2,0.2,0.2,0.2,0.2,0.2,0.2,0.3,0.3,0.3,0.3,0.3,0.3,0.3,0.3,0.3,0.4,0.4,0.4,0.4,0.4,0.4,0.4,12.100000000000005,0.20166666666666674
1043,17:23,17,23,1043,0.1,0.1,0.1,0.1,0.1,0.3,0.4,0.2,0.3,0.3,0.4,0.1,0.1,0.1,0.1,0.1,0.1,0.2,0.2,0.3,0.3,0.3,0.4,0.1,0.1,0.1,0.1,0.1,0.2,0.2,0.2,0.2,0.2,0.2,0.2,0.3,0.3,0.3,0.3,0.3,0.3,0.3,0.3,0.3,0.4,0.4,0.4,0.4,0.4,0.4,0.4,12.100000000000005,0.20166666666666674
1044,17:24,17,24,1044,0.1,0.1,0.1,0.1,0.1,0.3,0.4,0.2,0.3,0.3,0.4,0.1,0.1,0.1,0.1,0.1,0.1,0.2,0.2,0.3,0.3,0.3,0.4,0.1,0.1,0.1,0.1,0.1,0.2,0.2,0.2,0.2,0.2,0.2,0.2,0.3,0.3,0.3,0.3,0.3,0.3,0.3,0.3,0.3,0.4,0.4,0.4,0.4,0.4,0.4,0.4,12.100000000000005,0.20166666666666674
1045,17:25,17,25,1045,0.1,0.1,0.1,0.1,0.1,0.3,0.4,0.2,0.3,0.3,0.4,0.1,0.1,0.1,0.1,0.1,0.1,0.2,0.2,0.3,0.3,0.3,0.4,0.1,0.1,0.1,0.1,0.1,0.2,0.2,0.2,0.2,0.2,0.2,0.2,0.3,0.3,0.3,0.3,0.3,0.3,0.3,0.3,0.3,0.4,0.4,0.4,0.4,0.4,0.4,0.4,12.100000000000005,0.20166666666666674
1046,17:26,17,26,1046,0.1,0.1,0.1,0.1,0.1,0.3,0.4,0.2,0.3,0.3,0.4,0.1,0.1,0.1,0.1,0.1,0.1,0.2,0.2,0.3,0.3,0.3,0.4,0.1,0.1,0.1,0.1,0.1,0.2,0.2,0.2,0.2,0.2,0.2,0.2,0.3,0.3,0.3,0.3,0.3,0.3,0.3,0.3,0.3,0.4,0.4,0.4,0.4,0.4,0.4,0.4,12.100000000000005,0.20166666666666674
1047,17:27,17,27,1047,0.1,0.1,0.1,0.1,0.1,0.3,0.4,0.2,0.3,0.3,0.4,0.1,0.1,0.1,0.1,0.1,0.1,0.2,0.2,0.3,0.3,0.3,0.4,0.1,0.1,0.1,0.1,0.1,0.2,0.2,0.2,0.2,0.2,0.2,0.2,0.3,0.3,0.3,0.3,0.3,0.3,0.3,0.3,0.3,0.4,0.4,0.4,0.4,0.4,0.4,0.4,12.100000000000005,0.20166666666666674
1048,17:28,17,28,1048,0.1,0.1,0.1,0.1,0.1,0.3,0.4,0.2,0.3,0.3,0.4,0.1,0.1,0.1,0.1,0.1,0.1,0.2,0.2,0.3,0.3,0.3,0.4,0.1,0.1,0.1,0.1,0.1,0.2,0.2,0.2,0.2,0.2,0.2,0.2,0.3,0.3,0.3,0.3,0.3,0.3,0.3,0.3,0.3,0.4,0.4,0.4,0.4,0.4,0.4,0.4,12.100000000000005,0.20166666666666674
1049,17:29,17,29,1049,0.1,0.1,0.1,0.1,0.1,0.3,0.4,0.2,0.3,0.3,0.4,0.1,0.1,0.1,0.1,0.1,0.1,0.2,0.2,0.3,0.3,0.3,0.4,0.1,0.1,0.1,0.1,0.1,0.2,0.2,0.2,0.2,0.2,0.2,0.2,0.3,0.3,0.3,0.3,0.3,0.3,0.3,0.3,0.3,0.4,0.4,0.4,0.4,0.4,0.4,0.4,12.100000000000005,0.20166666666666674
1050,17:30,17,30,1050,0.1,0.1,0.1,0.1,0.1,0.3,0.4,0.2,0.3,0.3,0.4,0.1,0.1,0.1,0.1,0.1,0.1,0.2,0.2,0.3,0.3,0.3,0.4,0.1,0.1,0.1,0.1,0.1,0.2,0.2,0.2,0.2,0.2,0.2,0.2,0.3,0.3,0.3,0.3,0.3,0.3,0.3,0.3,0.3,0.4,0.4,0.4,0.4,0.4,0.4,0.4,12.100000000000005,0.20166666666666674
1051,17:31,17,31,1051,0.1,0.1,0.1,0.1,0.1,0.3,0.4,0.2,0.3,0.3,0.4,0.1,0.1,0.1,0.1,0.1,0.1,0.2,0.2,0.3,0.3,0.3,0.4,0.1,0.1,0.1,0.1,0.1,0.2,0.2,0.2,0.2,0.2,0.2,0.2,0.3,0.3,0.3,0.3,0.3,0.3,0.3,0.3,0.3,0.4,0.4,0.4,0.4,0.4,0.4,0.4,12.100000000000005,0.20166666666666674
1052,17:32,17,32,1052,0.1,0.1,0.1,0.1,0.1,0.3,0.4,0.2,0.3,0.3,0.4,0.1,0.1,0.1,0.1,0.1,0.1,0.2,0.2,0.3,0.3,0.3,0.4,0.1,0.1,0.1,0.1,0.1,0.2,0.2,0.2,0.2,0.2,0.2,0.2,0.3,0.3,0.3,0.3,0.3,0.3,0.3,0.3,0.3,0.4,0.4,0.4,0.4,0.4,0.4,0.4,12.100000000000005,0.20166666666666674
1053,17:33,17,33,1053,0.1,0.1,0.1,0.1,0.1,0.3,0.4,0.2,0.3,0.3,0.4,0.1,0.1,0.1,0.1,0.1,0.1,0.2,0.2,0.3,0.3,0.3,0.4,0.1,0.1,0.1,0.1,0.1,0.2,0.2,0.2,0.2,0.2,0.2,0.2,0.3,0.3,0.3,0.3,0.3,0.3,0.3,0.3,0.3,0.4,0.4,0.4,0.4,0.4,0.4,0.4,12.100000000000005,0.20166666666666674
1054,17:34,17,34,1054,0.1,0.1,0.1,0.1,0.1,0.3,0.4,0.2,0.3,0.3,0.4,0.1,0.1,0.1,0.1,0.1,0.1,0.2,0.2,0.3,0.3,0.3,0.4,0.1,0.1,0.1,0.1,0.1,0.2,0.2,0.2,0.2,0.2,0.2,0.2,0.3,0.3,0.3,0.3,0.3,0.3,0.3,0.3,0.3,0.4,0.4,0.4,0.4,0.4,0.4,0.4,12.100000000000005,0.20166666666666674
1055,17:35,17,35,1055,0.1,0.1,0.1,0.1,0.1,0.3,0.4,0.2,0.3,0.3,0.4,0.1,0.1,0.1,0.1,0.1,0.1,0.2,0.2,0.3,0.3,0.3,0.4,0.1,0.1,0.1,0.1,0.1,0.2,0.2,0.2,0.2,0.2,0.2,0.2,0.3,0.3,0.3,0.3,0.3,0.3,0.3,0.3,0.3,0.4,0.4,0.4,0.4,0.4,0.4,0.4,12.100000000000005,0.20166666666666674
1056,17:36,17,36,1056,0.1,0.1,0.1,0.1,0.1,0.3,0.4,0.2,0.3,0.3,0.4,0.1,0.1,0.1,0.1,0.1,0.1,0.2,0.2,0.3,0.3,0.3,0.4,0.1,0.1,0.1,0.1,0.1,0.2,0.2,0.2,0.2,0.2,0.2,0.2,0.3,0.3,0.3,0.3,0.3,0.3,0.3,0.3,0.3,0.4,0.4,0.4,0.4,0.4,0.4,0.4,12.100000000000005,0.20166666666666674
1057,17:37,17,37,1057,0.1,0.1,0.1,0.1,0.1,0.3,0.4,0.2,0.3,0.3,0.4,0.1,0.1,0.1,0.1,0.1,0.1,0.2,0.2,0.3,0.3,0.3,0.4,0.1,0.1,0.1,0.1,0.1,0.2,0.2,0.2,0.2,0.2,0.2,0.2,0.3,0.3,0.3,0.3,0.3,0.3,0.3,0.3,0.3,0.4,0.4,0.4,0.4,0.4,0.4,0.4,12.100000000000005,0.20166666666666674
1058,17:38,17,38,1058,0.1,0.1,0.1,0.1,0.1,0.3,0.4,0.2,0.3,0.3,0.4,0.1,0.1,0.1,0.1,0.1,0.1,0.2,0.2,0.3,0.3,0.3,0.4,0.1,0.1,0.1,0.1,0.1,0.2,0.2,0.2,0.2,0.2,0.2,0.2,0.3,0.3,0.3,0.3,0.3,0.3,0.3,0.3,0.3,0.4,0.4,0.4,0.4,0.4,0.4,0.4,12.100000000000005,0.20166666666666674
1059,17:39,17,39,1059,0.1,0.1,0.1,0.1,0.1,0.3,0.4,0.2,0.3,0.3,0.4,0.1,0.1,0.1,0.1,0.1,0.1,0.2,0.2,0.3,0.3,0.3,0.4,0.1,0.1,0.1,0.1,0.1,0.2,0.2,0.2,0.2,0.2,0.2,0.2,0.3,0.3,0.3,0.3,0.3,0.3,0.3,0.3,0.3,0.4,0.4,0.4,0.4,0.4,0.4,0.4,12.100000000000005,0.20166666666666674
1060,17:40,17,40,1060,0.1,0.1,0.1,0.1,0.1,0.3,0.4,0.2,0.3,0.3,0.4,0.1,0.1,0.1,0.1,0.1,0.1,0.2,0.2,0.3,0.3,0.3,0.4,0.1,0.1,0.1,0.1,0.1,0.2,0.2,0.2,0.2,0.2,0.2,0.2,0.3,0.3,0.3,0.3,0.3,0.3,0.3,0.3,0.3,0.4,0.4,0.4,0.4,0.4,0.4,0.4,12.100000000000005,0.20166666666666674
1061,17:41,17,41,1061,0.1,0.1,0.1,0.1,0.1,0.3,0.4,0.2,0.3,0.3,0.4,0.1,0.1,0.1,0.1,0.1,0.1,0.2,0.2,0.3,0.3,0.3,0.4,0.1,0.1,0.1,0.1,0.1,0.2,0.2,0.2,0.2,0.2,0.2,0.2,0.3,0.3,0.3,0.3,0.3,0.3,0.3,0.3,0.3,0.4,0.4,0.4,0.4,0.4,0.4,0.4,12.100000000000005,0.20166666666666674
1062,17:42,17,42,1062,0.1,0.1,0.1,0.1,0.1,0.3,0.4,0.2,0.3,0.3,0.4,0.1,0.1,0.1,0.1,0.1,0.1,0.2,0.2,0.3,0.3,0.3,0.4,0.1,0.1,0.1,0.1,0.1,0.2,0.2,0.2,0.2,0.2,0.2,0.2,0.3,0.3,0.3,0.3,0.3,0.3,0.3,0.3,0.3,0.4,0.4,0.4,0.4,0.4,0.4,0.4,12.100000000000005,0.20166666666666674
1063,17:43,17,43,1063,0.1,0.1,0.1,0.1,0.1,0.3,0.4,0.2,0.3,0.3,0.4,0.1,0.1,0.1,0.1,0.1,0.1,0.2,0.2,0.3,0.3,0.3,0.4,0.1,0.1,0.1,0.1,0.1,0.2,0.2,0.2,0.2,0.2,0.2,0.2,0.3,0.3,0.3,0.3,0.3,0.3,0.3,0.3,0.3,0.4,0.4,0.4,0.4,0.4,0.4,0.4,12.100000000000005,0.20166666666666674
1064,17:44,17,44,1064,0.1,0.1,0.1,0.1,0.1,0.3,0.4,0.2,0.3,0.3,0.4,0.1,0.1,0.1,0.1,0.1,0.1,0.2,0.2,0.3,0.3,0.3,0.4,0.1,0.1,0.1,0.1,0.1,0.2,0.2,0.2,0.2,0.2,0.2,0.2,0.3,0.3,0.3,0.3,0.3,0.3,0.3,0.3,0.3,0.4,0.4,0.4,0.4,0.4,0.4,0.4,12.100000000000005,0.20166666666666674
1065,17:45,17,45,1065,0.1,0.1,0.1,0.1,0.1,0.3,0.4,0.2,0.3,0.3,0.4,0.1,0.1,0.1,0.1,0.1,0.1,0.2,0.2,0.3,0.3,0.3,0.4,0.1,0.1,0.1,0.1,0.1,0.2,0.2,0.2,0.2,0.2,0.2,0.2,0.3,0.3,0.3,0.3,0.3,0.3,0.3,0.3,0.3,0.4,0.4,0.4,0.4,0.4,0.4,0.4,12.100000000000005,0.20166666666666674
1066,17:46,17,46,1066,0.1,0.1,0.1,0.1,0.1,0.3,0.4,0.2,0.3,0.3,0.4,0.1,0.1,0.1,0.1,0.1,0.1,0.2,0.2,0.3,0.3,0.3,0.4,0.1,0.1,0.1,0.1,0.1,0.2,0.2,0.2,0.2,0.2,0.2,0.2,0.3,0.3,0.3,0.3,0.3,0.3,0.3,0.3,0.3,0.4,0.4,0.4,0.4,0.4,0.4,0.4,12.100000000000005,0.20166666666666674
1067,17:47,17,47,1067,0.1,0.1,0.1,0.1,0.1,0.3,0.4,0.2,0.3,0.3,0.4,0.1,0.1,0.1,0.1,0.1,0.1,0.2,0.2,0.3,0.3,0.3,0.4,0.1,0.1,0.1,0.1,0.1,0.2,0.2,0.2,0.2,0.2,0.2,0.2,0.3,0.3,0.3,0.3,0.3,0.3,0.3,0.3,0.3,0.4,0.4,0.4,0.4,0.4,0.4,0.4,12.100000000000005,0.20166666666666674
1068,17:48,17,48,1068,0.1,0.1,0.1,0.1,0.1,0.3,0.4,0.2,0.3,0.3,0.4,0.1,0.1,0.1,0.1,0.1,0.1,0.2,0.2,0.3,0.3,0.3,0.4,0.1,0.1,0.1,0.1,0.1,0.2,0.2,0.2,0.2,0.2,0.2,0.2,0.3,0.3,0.3,0.3,0.3,0.3,0.3,0.3,0.3,0.4,0.4,0.4,0.4,0.4,0.4,0.4,12.100000000000005,0.20166666666666674
1069,17:49,17,49,1069,0.1,0.1,0.1,0.1,0.1,0.3,0.4,0.2,0.3,0.3,0.4,0.1,0.1,0.1,0.1,0.1,0.1,0.2,0.2,0.3,0.3,0.3,0.4,0.1,0.1,0.1,0.1,0.1,0.2,0.2,0.2,0.2,0.2,0.2,0.2,0.3,0.3,0.3,0.3,0.3,0.3,0.3,0.3,0.3,0.4,0.4,0.4,0.4,0.4,0.4,0.4,12.100000000000005,0.20166666666666674
1070,17:50,17,50,1070,0.1,0.1,0.1,0.1,0.1,0.3,0.4,0.2,0.3,0.3,0.4,0.1,0.1,0.1,0.1,0.1,0.1,0.2,0.2,0.3,0.3,0.3,0.4,0.1,0.1,0.1,0.1,0.1,0.2,0.2,0.2,0.2,0.2,0.2,0.2,0.3,0.3,0.3,0.3,0.3,0.3,0.3,0.3,0.3,0.4,0.4,0.4,0.4,0.4,0.4,0.4,12.100000000000005,0.20166666666666674
1071,17:51,17,51,1071,0.1,0.1,0.1,0.1,0.1,0.3,0.4,0.2,0.3,0.3,0.4,0.1,0.1,0.1,0.1,0.1,0.1,0.2,0.2,0.3,0.3,0.3,0.4,0.1,0.1,0.1,0.1,0.1,0.2,0.2,0.2,0.2,0.2,0.2,0.2,0.3,0.3,0.3,0.3,0.3,0.3,0.3,0.3,0.3,0.4,0.4,0.4,0.4,0.4,0.4,0.4,12.100000000000005,0.20166666666666674
1072,17:52,17,52,1072,0.1,0.1,0.1,0.1,0.1,0.3,0.4,0.2,0.3,0.3,0.4,0.1,0.1,0.1,0.1,0.1,0.1,0.2,0.2,0.3,0.3,0.3,0.4,0.1,0.1,0.1,0.1,0.1,0.2,0.2,0.2,0.2,0.2,0.2,0.2,0.3,0.3,0.3,0.3,0.3,0.3,0.3,0.3,0.3,0.4,0.4,0.4,0.4,0.4,0.4,0.4,12.100000000000005,0.20166666666666674
1073,17:53,17,53,1073,0.1,0.1,0.1,0.1,0.1,0.3,0.4,0.2,0.3,0.3,0.4,0.1,0.1,0.1,0.1,0.1,0.1,0.2,0.2,0.3,0.3,0.3,0.4,0.1,0.1,0.1,0.1,0.1,0.2,0.2,0.2,0.2,0.2,0.2,0.2,0.3,0.3,0.3,0.3,0.3,0.3,0.3,0.3,0.3,0.4,0.4,0.4,0.4,0.4,0.4,0.4,12.100000000000005,0.20166666666666674
1074,17:54,17,54,1074,0.1,0.1,0.1,0.1,0.1,0.3,0.4,0.2,0.3,0.3,0.4,0.1,0.1,0.1,0.1,0.1,0.1,0.2,0.2,0.3,0.3,0.3,0.4,0.1,0.1,0.1,0.1,0.1,0.2,0.2,0.2,0.2,0.2,0.2,0.2,0.3,0.3,0.3,0.3,0.3,0.3,0.3,0.3,0.3,0.4,0.4,0.4,0.4,0.4,0.4,0.4,12.100000000000005,0.20166666666666674
1075,17:55,17,55,1075,0.1,0.1,0.1,0.1,0.1,0.3,0.4,0.2,0.3,0.3,0.4,0.1,0.1,0.1,0.1,0.1,0.1,0.2,0.2,0.3,0.3,0.3,0.4,0.1,0.1,0.1,0.1,0.1,0.2,0.2,0.2,0.2,0.2,0.2,0.2,0.3,0.3,0.3,0.3,0.3,0.3,0.3,0.3,0.3,0.4,0.4,0.4,0.4,0.4,0.4,0.4,12.100000000000005,0.20166666666666674
1076,17:56,17,56,1076,0.1,0.1,0.1,0.1,0.1,0.3,0.4,0.2,0.3,0.3,0.4,0.1,0.1,0.1,0.1,0.1,0.1,0.2,0.2,0.3,0.3,0.3,0.4,0.1,0.1,0.1,0.1,0.1,0.2,0.2,0.2,0.2,0.2,0.2,0.2,0.3,0.3,0.3,0.3,0.3,0.3,0.3,0.3,0.3,0.4,0.4,0.4,0.4,0.4,0.4,0.4,12.100000000000005,0.20166666666666674
1077,17:57,17,57,1077,0.1,0.1,0.1,0.1,0.1,0.3,0.4,0.2,0.3,0.3,0.4,0.1,0.1,0.1,0.1,0.1,0.1,0.2,0.2,0.3,0.3,0.3,0.4,0.1,0.1,0.1,0.1,0.1,0.2,0.2,0.2,0.2,0.2,0.2,0.2,0.3,0.3,0.3,0.3,0.3,0.3,0.3,0.3,0.3,0.4,0.4,0.4,0.4,0.4,0.4,0.4,12.100000000000005,0.20166666666666674
1078,17:58,17,58,1078,0.1,0.1,0.1,0.1,0.1,0.3,0.4,0.2,0.3,0.3,0.4,0.1,0.1,0.1,0.1,0.1,0.1,0.2,0.2,0.3,0.3,0.3,0.4,0.1,0.1,0.1,0.1,0.1,0.2,0.2,0.2,0.2,0.2,0.2,0.2,0.3,0.3,0.3,0.3,0.3,0.3,0.3,0.3,0.3,0.4,0.4,0.4,0.4,0.4,0.4,0.4,12.100000000000005,0.20166666666666674
1079,17:59,17,59,1079,0.1,0.1,0.1,0.1,0.1,0.3,0.4,0.2,0.3,0.3,0.4,0.1,0.1,0.1,0.1,0.1,0.1,0.2,0.2,0.3,0.3,0.3,0.4,0.1,0.1,0.1,0.1,0.1,0.2,0.2,0.2,0.2,0.2,0.2,0.2,0.3,0.3,0.3,0.3,0.3,0.3,0.3,0.3,0.3,0.4,0.4,0.4,0.4,0.4,0.4,0.4,12.100000000000005,0.20166666666666674
1080,18:00,18,0,1080,0.1,0.1,0.1,0.1,0.1,0.3,0.4,0.2,0.3,0.3,0.4,0.1,0.1,0.1,0.1,0.1,0.1,0.2,0.2,0.3,0.3,0.3,0.4,0.1,0.1,0.1,0.1,0.1,0.2,0.2,0.2,0.2,0.2,0.2,0.2,0.3,0.3,0.3,0.3,0.3,0.3,0.3,0.3,0.3,0.4,0.4,0.4,0.4,0.4,0.4,0.4,12.100000000000005,0.20166666666666674
1081,18:01,18,1,1081,0.1,0.1,0.1,0.1,0.1,0.3,0.4,0.2,0.3,0.3,0.4,0.1,0.1,0.1,0.1,0.1,0.1,0.2,0.2,0.3,0.3,0.3,0.4,0.1,0.1,0.1,0.1,0.1,0.2,0.2,0.2,0.2,0.2,0.2,0.2,0.3,0.3,0.3,0.3,0.3,0.3,0.3,0.3,0.3,0.4,0.4,0.4,0.4,0.4,0.4,0.4,12.100000000000005,0.20166666666666674
1082,18:02,18,2,1082,0.1,0.1,0.1,0.1,0.1,0.3,0.4,0.2,0.3,0.3,0.4,0.1,0.1,0.1,0.1,0.1,0.1,0.2,0.2,0.3,0.3,0.3,0.4,0.1,0.1,0.1,0.1,0.1,0.2,0.2,0.2,0.2,0.2,0.2,0.2,0.3,0.3,0.3,0.3,0.3,0.3,0.3,0.3,0.3,0.4,0.4,0.4,0.4,0.4,0.4,0.4,12.100000000000005,0.20166666666666674
1083,18:03,18,3,1083,0.1,0.1,0.1,0.1,0.1,0.3,0.4,0.2,0.3,0.3,0.4,0.1,0.1,0.1,0.1,0.1,0.1,0.2,0.2,0.3,0.3,0.3,0.4,0.1,0.1,0.1,0.1,0.1,0.2,0.2,0.2,0.2,0.2,0.2,0.2,0.3,0.3,0.3,0.3,0.3,0.3,0.3,0.3,0.3,0.4,0.4,0.4,0.4,0.4,0.4,0.4,12.100000000000005,0.20166666666666674
1084,18:04,18,4,1084,0.1,0.1,0.1,0.1,0.1,0.3,0.4,0.2,0.3,0.3,0.4,0.1,0.1,0.1,0.1,0.1,0.1,0.2,0.2,0.3,0.3,0.3,0.4,0.1,0.1,0.1,0.1,0.1,0.2,0.2,0.2,0.2,0.2,0.2,0.2,0.3,0.3,0.3,0.3,0.3,0.3,0.3,0.3,0.3,0.4,0.4,0.4,0.4,0.4,0.4,0.4,12.100000000000005,0.20166666666666674
1085,18:05,18,5,1085,0.1,0.1,0.1,0.1,0.1,0.3,0.4,0.2,0.3,0.3,0.4,0.1,0.1,0.1,0.1,0.1,0.1,0.2,0.2,0.3,0.3,0.3,0.4,0.1,0.1,0.1,0.1,0.1,0.2,0.2,0.2,0.2,0.2,0.2,0.2,0.3,0.3,0.3,0.3,0.3,0.3,0.3,0.3,0.3,0.4,0.4,0.4,0.4,0.4,0.4,0.4,12.100000000000005,0.20166666666666674
1086,18:06,18,6,1086,0.1,0.1,0.1,0.1,0.1,0.3,0.4,0.2,0.3,0.3,0.4,0.1,0.1,0.1,0.1,0.1,0.1,0.2,0.2,0.3,0.3,0.3,0.4,0.1,0.1,0.1,0.1,0.1,0.2,0.2,0.2,0.2,0.2,0.2,0.2,0.3,0.3,0.3,0.3,0.3,0.3,0.3,0.3,0.3,0.4,0.4,0.4,0.4,0.4,0.4,0.4,12.100000000000005,0.20166666666666674
1087,18:07,18,7,1087,0.1,0.1,0.1,0.1,0.1,0.3,0.4,0.2,0.3,0.3,0.4,0.1,0.1,0.1,0.1,0.1,0.1,0.2,0.2,0.3,0.3,0.3,0.4,0.1,0.1,0.1,0.1,0.1,0.2,0.2,0.2,0.2,0.2,0.2,0.2,0.3,0.3,0.3,0.3,0.3,0.3,0.3,0.3,0.3,0.4,0.4,0.4,0.4,0.4,0.4,0.4,12.100000000000005,0.20166666666666674
1088,18:08,18,8,1088,0.1,0.1,0.1,0.1,0.1,0.3,0.4,0.2,0.3,0.3,0.4,0.1,0.1,0.1,0.1,0.1,0.1,0.2,0.2,0.3,0.3,0.3,0.4,0.1,0.1,0.1,0.1,0.1,0.2,0.2,0.2,0.2,0.2,0.2,0.2,0.3,0.3,0.3,0.3,0.3,0.3,0.3,0.3,0.3,0.4,0.4,0.4,0.4,0.4,0.4,0.4,12.100000000000005,0.20166666666666674
1089,18:09,18,9,1089,0.1,0.1,0.1,0.1,0.1,0.3,0.4,0.2,0.3,0.3,0.4,0.1,0.1,0.1,0.1,0.1,0.1,0.2,0.2,0.3,0.3,0.3,0.4,0.1,0.1,0.1,0.1,0.1,0.2,0.2,0.2,0.2,0.2,0.2,0.2,0.3,0.3,0.3,0.3,0.3,0.3,0.3,0.3,0.3,0.4,0.4,0.4,0.4,0.4,0.4,0.4,12.100000000000005,0.20166666666666674
1090,18:10,18,10,1090,0.1,0.1,0.1,0.1,0.1,0.3,0.4,0.2,0.3,0.3,0.4,0.1,0.1,0.1,0.1,0.1,0.1,0.2,0.2,0.3,0.3,0.3,0.4,0.1,0.1,0.1,0.1,0.1,0.2,0.2,0.2,0.2,0.2,0.2,0.2,0.3,0.3,0.3,0.3,0.3,0.3,0.3,0.3,0.3,0.4,0.4,0.4,0.4,0.4,0.4,0.4,12.100000000000005,0.20166666666666674
1091,18:11,18,11,1091,0.1,0.1,0.1,0.1,0.1,0.3,0.4,0.2,0.3,0.3,0.4,0.1,0.1,0.1,0.1,0.1,0.1,0.2,0.2,0.3,0.3,0.3,0.4,0.1,0.1,0.1,0.1,0.1,0.2,0.2,0.2,0.2,0.2,0.2,0.2,0.3,0.3,0.3,0.3,0.3,0.3,0.3,0.3,0.3,0.4,0.4,0.4,0.4,0.4,0.4,0.4,12.100000000000005,0.20166666666666674
1092,18:12,18,12,1092,0.1,0.1,0.1,0.1,0.1,0.3,0.4,0.2,0.3,0.3,0.4,0.1,0.1,0.1,0.1,0.1,0.1,0.2,0.2,0.3,0.3,0.3,0.4,0.1,0.1,0.1,0.1,0.1,0.2,0.2,0.2,0.2,0.2,0.2,0.2,0.3,0.3,0.3,0.3,0.3,0.3,0.3,0.3,0.3,0.4,0.4,0.4,0.4,0.4,0.4,0.4,12.100000000000005,0.20166666666666674
1093,18:13,18,13,1093,0.1,0.1,0.1,0.1,0.1,0.3,0.4,0.2,0.3,0.3,0.4,0.1,0.1,0.1,0.1,0.1,0.1,0.2,0.2,0.3,0.3,0.3,0.4,0.1,0.1,0.1,0.1,0.1,0.2,0.2,0.2,0.2,0.2,0.2,0.2,0.3,0.3,0.3,0.3,0.3,0.3,0.3,0.3,0.3,0.4,0.4,0.4,0.4,0.4,0.4,0.4,12.100000000000005,0.20166666666666674
1094,18:14,18,14,1094,0.1,0.1,0.1,0.1,0.1,0.3,0.4,0.2,0.3,0.3,0.4,0.1,0.1,0.1,0.1,0.1,0.1,0.2,0.2,0.3,0.3,0.3,0.4,0.1,0.1,0.1,0.1,0.1,0.2,0.2,0.2,0.2,0.2,0.2,0.2,0.3,0.3,0.3,0.3,0.3,0.3,0.3,0.3,0.3,0.4,0.4,0.4,0.4,0.4,0.4,0.4,12.100000000000005,0.20166666666666674
1095,18:15,18,15,1095,0.1,0.1,0.1,0.1,0.1,0.3,0.4,0.2,0.3,0.3,0.4,0.1,0.1,0.1,0.1,0.1,0.1,0.2,0.2,0.3,0.3,0.3,0.4,0.1,0.1,0.1,0.1,0.1,0.2,0.2,0.2,0.2,0.2,0.2,0.2,0.3,0.3,0.3,0.3,0.3,0.3,0.3,0.3,0.3,0.4,0.4,0.4,0.4,0.4,0.4,0.4,12.100000000000005,0.20166666666666674
1096,18:16,18,16,1096,0.1,0.1,0.1,0.1,0.1,0.3,0.4,0.2,0.3,0.3,0.4,0.1,0.1,0.1,0.1,0.1,0.1,0.2,0.2,0.3,0.3,0.3,0.4,0.1,0.1,0.1,0.1,0.1,0.2,0.2,0.2,0.2,0.2,0.2,0.2,0.3,0.3,0.3,0.3,0.3,0.3,0.3,0.3,0.3,0.4,0.4,0.4,0.4,0.4,0.4,0.4,12.100000000000005,0.20166666666666674
1097,18:17,18,17,1097,0.1,0.1,0.1,0.1,0.1,0.3,0.4,0.2,0.3,0.3,0.4,0.1,0.1,0.1,0.1,0.1,0.1,0.2,0.2,0.3,0.3,0.3,0.4,0.1,0.1,0.1,0.1,0.1,0.2,0.2,0.2,0.2,0.2,0.2,0.2,0.3,0.3,0.3,0.3,0.3,0.3,0.3,0.3,0.3,0.4,0.4,0.4,0.4,0.4,0.4,0.4,12.100000000000005,0.20166666666666674
1098,18:18,18,18,1098,0.1,0.1,0.1,0.1,0.1,0.3,0.4,0.2,0.3,0.3,0.4,0.1,0.1,0.1,0.1,0.1,0.1,0.2,0.2,0.3,0.3,0.3,0.4,0.1,0.1,0.1,0.1,0.1,0.2,0.2,0.2,0.2,0.2,0.2,0.2,0.3,0.3,0.3,0.3,0.3,0.3,0.3,0.3,0.3,0.4,0.4,0.4,0.4,0.4,0.4,0.4,12.100000000000005,0.20166666666666674
1099,18:19,18,19,1099,0.1,0.1,0.1,0.1,0.1,0.3,0.4,0.2,0.3,0.3,0.4,0.1,0.1,0.1,0.1,0.1,0.1,0.2,0.2,0.3,0.3,0.3,0.4,0.1,0.1,0.1,0.1,0.1,0.2,0.2,0.2,0.2,0.2,0.2,0.2,0.3,0.3,0.3,0.3,0.3,0.3,0.3,0.3,0.3,0.4,0.4,0.4,0.4,0.4,0.4,0.4,12.100000000000005,0.20166666666666674
1100,18:20,18,20,1100,0.1,0.1,0.1,0.1,0.1,0.3,0.4,0.2,0.3,0.3,0.4,0.1,0.1,0.1,0.1,0.1,0.1,0.2,0.2,0.3,0.3,0.3,0.4,0.1,0.1,0.1,0.1,0.1,0.2,0.2,0.2,0.2,0.2,0.2,0.2,0.3,0.3,0.3,0.3,0.3,0.3,0.3,0.3,0.3,0.4,0.4,0.4,0.4,0.4,0.4,0.4,12.100000000000005,0.20166666666666674
1101,18:21,18,21,1101,0.1,0.1,0.1,0.1,0.1,0.3,0.4,0.2,0.3,0.3,0.4,0.1,0.1,0.1,0.1,0.1,0.1,0.2,0.2,0.3,0.3,0.3,0.4,0.1,0.1,0.1,0.1,0.1,0.2,0.2,0.2,0.2,0.2,0.2,0.2,0.3,0.3,0.3,0.3,0.3,0.3,0.3,0.3,0.3,0.4,0.4,0.4,0.4,0.4,0.4,0.4,12.100000000000005,0.20166666666666674
1102,18:22,18,22,1102,0.1,0.1,0.1,0.1,0.1,0.3,0.4,0.2,0.3,0.3,0.4,0.1,0.1,0.1,0.1,0.1,0.1,0.2,0.2,0.3,0.3,0.3,0.4,0.1,0.1,0.1,0.1,0.1,0.2,0.2,0.2,0.2,0.2,0.2,0.2,0.3,0.3,0.3,0.3,0.3,0.3,0.3,0.3,0.3,0.4,0.4,0.4,0.4,0.4,0.4,0.4,12.100000000000005,0.20166666666666674
1103,18:23,18,23,1103,0.1,0.1,0.1,0.1,0.1,0.3,0.4,0.2,0.3,0.3,0.4,0.1,0.1,0.1,0.1,0.1,0.1,0.2,0.2,0.3,0.3,0.3,0.4,0.1,0.1,0.1,0.1,0.1,0.2,0.2,0.2,0.2,0.2,0.2,0.2,0.3,0.3,0.3,0.3,0.3,0.3,0.3,0.3,0.3,0.4,0.4,0.4,0.4,0.4,0.4,0.4,12.100000000000005,0.20166666666666674
1104,18:24,18,24,1104,0.1,0.1,0.1,0.1,0.1,0.3,0.4,0.2,0.3,0.3,0.4,0.1,0.1,0.1,0.1,0.1,0.1,0.2,0.2,0.3,0.3,0.3,0.4,0.1,0.1,0.1,0.1,0.1,0.2,0.2,0.2,0.2,0.2,0.2,0.2,0.3,0.3,0.3,0.3,0.3,0.3,0.3,0.3,0.3,0.4,0.4,0.4,0.4,0.4,0.4,0.4,12.100000000000005,0.20166666666666674
1105,18:25,18,25,1105,0.1,0.1,0.1,0.1,0.1,0.3,0.4,0.2,0.3,0.3,0.4,0.1,0.1,0.1,0.1,0.1,0.1,0.2,0.2,0.3,0.3,0.3,0.4,0.1,0.1,0.1,0.1,0.1,0.2,0.2,0.2,0.2,0.2,0.2,0.2,0.3,0.3,0.3,0.3,0.3,0.3,0.3,0.3,0.3,0.4,0.4,0.4,0.4,0.4,0.4,0.4,12.100000000000005,0.20166666666666674
1106,18:26,18,26,1106,0.1,0.1,0.1,0.1,0.1,0.3,0.4,0.2,0.3,0.3,0.4,0.1,0.1,0.1,0.1,0.1,0.1,0.2,0.2,0.3,0.3,0.3,0.4,0.1,0.1,0.1,0.1,0.1,0.2,0.2,0.2,0.2,0.2,0.2,0.2,0.3,0.3,0.3,0.3,0.3,0.3,0.3,0.3,0.3,0.4,0.4,0.4,0.4,0.4,0.4,0.4,12.100000000000005,0.20166666666666674
1107,18:27,18,27,1107,0.1,0.1,0.1,0.1,0.1,0.3,0.4,0.2,0.3,0.3,0.4,0.1,0.1,0.1,0.1,0.1,0.1,0.2,0.2,0.3,0.3,0.3,0.4,0.1,0.1,0.1,0.1,0.1,0.2,0.2,0.2,0.2,0.2,0.2,0.2,0.3,0.3,0.3,0.3,0.3,0.3,0.3,0.3,0.3,0.4,0.4,0.4,0.4,0.4,0.4,0.4,12.100000000000005,0.20166666666666674
1108,18:28,18,28,1108,0.1,0.1,0.1,0.1,0.1,0.3,0.4,0.2,0.3,0.3,0.4,0.1,0.1,0.1,0.1,0.1,0.1,0.2,0.2,0.3,0.3,0.3,0.4,0.1,0.1,0.1,0.1,0.1,0.2,0.2,0.2,0.2,0.2,0.2,0.2,0.3,0.3,0.3,0.3,0.3,0.3,0.3,0.3,0.3,0.4,0.4,0.4,0.4,0.4,0.4,0.4,12.100000000000005,0.20166666666666674
1109,18:29,18,29,1109,0.1,0.1,0.1,0.1,0.1,0.3,0.4,0.2,0.3,0.3,0.4,0.1,0.1,0.1,0.1,0.1,0.1,0.2,0.2,0.3,0.3,0.3,0.4,0.1,0.1,0.1,0.1,0.1,0.2,0.2,0.2,0.2,0.2,0.2,0.2,0.3,0.3,0.3,0.3,0.3,0.3,0.3,0.3,0.3,0.4,0.4,0.4,0.4,0.4,0.4,0.4,12.100000000000005,0.20166666666666674
1110,18:30,18,30,1110,0.1,0.1,0.1,0.1,0.1,0.3,0.4,0.2,0.3,0.3,0.4,0.1,0.1,0.1,0.1,0.1,0.1,0.2,0.2,0.3,0.3,0.3,0.4,0.1,0.1,0.1,0.1,0.1,0.2,0.2,0.2,0.2,0.2,0.2,0.2,0.3,0.3,0.3,0.3,0.3,0.3,0.3,0.3,0.3,0.4,0.4,0.4,0.4,0.4,0.4,0.4,12.100000000000005,0.20166666666666674
1111,18:31,18,31,1111,0.1,0.1,0.1,0.1,0.1,0.3,0.4,0.2,0.3,0.3,0.4,0.1,0.1,0.1,0.1,0.1,0.1,0.2,0.2,0.3,0.3,0.3,0.4,0.1,0.1,0.1,0.1,0.1,0.2,0.2,0.2,0.2,0.2,0.2,0.2,0.3,0.3,0.3,0.3,0.3,0.3,0.3,0.3,0.3,0.4,0.4,0.4,0.4,0.4,0.4,0.4,12.100000000000005,0.20166666666666674
1112,18:32,18,32,1112,0.1,0.1,0.1,0.1,0.1,0.3,0.4,0.2,0.3,0.3,0.4,0.1,0.1,0.1,0.1,0.1,0.1,0.2,0.2,0.3,0.3,0.3,0.4,0.1,0.1,0.1,0.1,0.1,0.2,0.2,0.2,0.2,0.2,0.2,0.2,0.3,0.3,0.3,0.3,0.3,0.3,0.3,0.3,0.3,0.4,0.4,0.4,0.4,0.4,0.4,0.4,12.100000000000005,0.20166666666666674
1113,18:33,18,33,1113,0.1,0.1,0.1,0.1,0.1,0.3,0.4,0.2,0.3,0.3,0.4,0.1,0.1,0.1,0.1,0.1,0.1,0.2,0.2,0.3,0.3,0.3,0.4,0.1,0.1,0.1,0.1,0.1,0.2,0.2,0.2,0.2,0.2,0.2,0.2,0.3,0.3,0.3,0.3,0.3,0.3,0.3,0.3,0.3,0.4,0.4,0.4,0.4,0.4,0.4,0.4,12.100000000000005,0.20166666666666674
1114,18:34,18,34,1114,0.1,0.1,0.1,0.1,0.1,0.3,0.4,0.2,0.3,0.3,0.4,0.1,0.1,0.1,0.1,0.1,0.1,0.2,0.2,0.3,0.3,0.3,0.4,0.1,0.1,0.1,0.1,0.1,0.2,0.2,0.2,0.2,0.2,0.2,0.2,0.3,0.3,0.3,0.3,0.3,0.3,0.3,0.3,0.3,0.4,0.4,0.4,0.4,0.4,0.4,0.4,12.100000000000005,0.20166666666666674
1115,18:35,18,35,1115,0.1,0.1,0.1,0.1,0.1,0.3,0.4,0.2,0.3,0.3,0.4,0.1,0.1,0.1,0.1,0.1,0.1,0.2,0.2,0.3,0.3,0.3,0.4,0.1,0.1,0.1,0.1,0.1,0.2,0.2,0.2,0.2,0.2,0.2,0.2,0.3,0.3,0.3,0.3,0.3,0.3,0.3,0.3,0.3,0.4,0.4,0.4,0.4,0.4,0.4,0.4,12.100000000000005,0.20166666666666674
1116,18:36,18,36,1116,0.1,0.1,0.1,0.1,0.1,0.3,0.4,0.2,0.3,0.3,0.4,0.1,0.1,0.1,0.1,0.1,0.1,0.2,0.2,0.3,0.3,0.3,0.4,0.1,0.1,0.1,0.1,0.1,0.2,0.2,0.2,0.2,0.2,0.2,0.2,0.3,0.3,0.3,0.3,0.3,0.3,0.3,0.3,0.3,0.4,0.4,0.4,0.4,0.4,0.4,0.4,12.100000000000005,0.20166666666666674
1117,18:37,18,37,1117,0.1,0.1,0.1,0.1,0.1,0.3,0.4,0.2,0.3,0.3,0.4,0.1,0.1,0.1,0.1,0.1,0.1,0.2,0.2,0.3,0.3,0.3,0.4,0.1,0.1,0.1,0.1,0.1,0.2,0.2,0.2,0.2,0.2,0.2,0.2,0.3,0.3,0.3,0.3,0.3,0.3,0.3,0.3,0.3,0.4,0.4,0.4,0.4,0.4,0.4,0.4,12.100000000000005,0.20166666666666674
1118,18:38,18,38,1118,0.1,0.1,0.1,0.1,0.1,0.3,0.4,0.2,0.3,0.3,0.4,0.1,0.1,0.1,0.1,0.1,0.1,0.2,0.2,0.3,0.3,0.3,0.4,0.1,0.1,0.1,0.1,0.1,0.2,0.2,0.2,0.2,0.2,0.2,0.2,0.3,0.3,0.3,0.3,0.3,0.3,0.3,0.3,0.3,0.4,0.4,0.4,0.4,0.4,0.4,0.4,12.100000000000005,0.20166666666666674
1119,18:39,18,39,1119,0.1,0.1,0.1,0.1,0.1,0.3,0.4,0.2,0.3,0.3,0.4,0.1,0.1,0.1,0.1,0.1,0.1,0.2,0.2,0.3,0.3,0.3,0.4,0.1,0.1,0.1,0.1,0.1,0.2,0.2,0.2,0.2,0.2,0.2,0.2,0.3,0.3,0.3,0.3,0.3,0.3,0.3,0.3,0.3,0.4,0.4,0.4,0.4,0.4,0.4,0.4,12.100000000000005,0.20166666666666674
1120,18:40,18,40,1120,0.1,0.1,0.1,0.1,0.1,0.3,0.4,0.2,0.3,0.3,0.4,0.1,0.1,0.1,0.1,0.1,0.1,0.2,0.2,0.3,0.3,0.3,0.4,0.1,0.1,0.1,0.1,0.1,0.2,0.2,0.2,0.2,0.2,0.2,0.2,0.3,0.3,0.3,0.3,0.3,0.3,0.3,0.3,0.3,0.4,0.4,0.4,0.4,0.4,0.4,0.4,12.100000000000005,0.20166666666666674
1121,18:41,18,41,1121,0.1,0.1,0.1,0.1,0.1,0.3,0.4,0.2,0.3,0.3,0.4,0.1,0.1,0.1,0.1,0.1,0.1,0.2,0.2,0.3,0.3,0.3,0.4,0.1,0.1,0.1,0.1,0.1,0.2,0.2,0.2,0.2,0.2,0.2,0.2,0.3,0.3,0.3,0.3,0.3,0.3,0.3,0.3,0.3,0.4,0.4,0.4,0.4,0.4,0.4,0.4,12.100000000000005,0.20166666666666674
1122,18:42,18,42,1122,0.1,0.1,0.1,0.1,0.1,0.3,0.4,0.2,0.3,0.3,0.4,0.1,0.1,0.1,0.1,0.1,0.1,0.2,0.2,0.3,0.3,0.3,0.4,0.1,0.1,0.1,0.1,0.1,0.2,0.2,0.2,0.2,0.2,0.2,0.2,0.3,0.3,0.3,0.3,0.3,0.3,0.3,0.3,0.3,0.4,0.4,0.4,0.4,0.4,0.4,0.4,12.100000000000005,0.20166666666666674
1123,18:43,18,43,1123,0.1,0.1,0.1,0.1,0.1,0.3,0.4,0.2,0.3,0.3,0.4,0.1,0.1,0.1,0.1,0.1,0.1,0.2,0.2,0.3,0.3,0.3,0.4,0.1,0.1,0.1,0.1,0.1,0.2,0.2,0.2,0.2,0.2,0.2,0.2,0.3,0.3,0.3,0.3,0.3,0.3,0.3,0.3,0.3,0.4,0.4,0.4,0.4,0.4,0.4,0.4,12.100000000000005,0.20166666666666674
1124,18:44,18,44,1124,0.1,0.1,0.1,0.1,0.1,0.3,0.4,0.2,0.3,0.3,0.4,0.1,0.1,0.1,0.1,0.1,0.1,0.2,0.2,0.3,0.3,0.3,0.4,0.1,0.1,0.1,0.1,0.1,0.2,0.2,0.2,0.2,0.2,0.2,0.2,0.3,0.3,0.3,0.3,0.3,0.3,0.3,0.3,0.3,0.4,0.4,0.4,0.4,0.4,0.4,0.4,12.100000000000005,0.20166666666666674
1125,18:45,18,45,1125,0.1,0.1,0.1,0.1,0.1,0.3,0.4,0.2,0.3,0.3,0.4,0.1,0.1,0.1,0.1,0.1,0.1,0.2,0.2,0.3,0.3,0.3,0.4,0.1,0.1,0.1,0.1,0.1,0.2,0.2,0.2,0.2,0.2,0.2,0.2,0.3,0.3,0.3,0.3,0.3,0.3,0.3,0.3,0.3,0.4,0.4,0.4,0.4,0.4,0.4,0.4,12.100000000000005,0.20166666666666674
1126,18:46,18,46,1126,0.1,0.1,0.1,0.1,0.1,0.3,0.4,0.2,0.3,0.3,0.4,0.1,0.1,0.1,0.1,0.1,0.1,0.2,0.2,0.3,0.3,0.3,0.4,0.1,0.1,0.1,0.1,0.1,0.2,0.2,0.2,0.2,0.2,0.2,0.2,0.3,0.3,0.3,0.3,0.3,0.3,0.3,0.3,0.3,0.4,0.4,0.4,0.4,0.4,0.4,0.4,12.100000000000005,0.20166666666666674
1127,18:47,18,47,1127,0.1,0.1,0.1,0.1,0.1,0.3,0.4,0.2,0.3,0.3,0.4,0.1,0.1,0.1,0.1,0.1,0.1,0.2,0.2,0.3,0.3,0.3,0.4,0.1,0.1,0.1,0.1,0.1,0.2,0.2,0.2,0.2,0.2,0.2,0.2,0.3,0.3,0.3,0.3,0.3,0.3,0.3,0.3,0.3,0.4,0.4,0.4,0.4,0.4,0.4,0.4,12.100000000000005,0.20166666666666674
1128,18:48,18,48,1128,0.1,0.1,0.1,0.1,0.1,0.3,0.4,0.2,0.3,0.3,0.4,0.1,0.1,0.1,0.1,0.1,0.1,0.2,0.2,0.3,0.3,0.3,0.4,0.1,0.1,0.1,0.1,0.1,0.2,0.2,0.2,0.2,0.2,0.2,0.2,0.3,0.3,0.3,0.3,0.3,0.3,0.3,0.3,0.3,0.4,0.4,0.4,0.4,0.4,0.4,0.4,12.100000000000005,0.20166666666666674
1129,18:49,18,49,1129,0.1,0.1,0.1,0.1,0.1,0.3,0.4,0.2,0.3,0.3,0.4,0.1,0.1,0.1,0.1,0.1,0.1,0.2,0.2,0.3,0.3,0.3,0.4,0.1,0.1,0.1,0.1,0.1,0.2,0.2,0.2,0.2,0.2,0.2,0.2,0.3,0.3,0.3,0.3,0.3,0.3,0.3,0.3,0.3,0.4,0.4,0.4,0.4,0.4,0.4,0.4,12.100000000000005,0.20166666666666674
1130,18:50,18,50,1130,0.1,0.1,0.1,0.1,0.1,0.3,0.4,0.2,0.3,0.3,0.4,0.1,0.1,0.1,0.1,0.1,0.1,0.2,0.2,0.3,0.3,0.3,0.4,0.1,0.1,0.1,0.1,0.1,0.2,0.2,0.2,0.2,0.2,0.2,0.2,0.3,0.3,0.3,0.3,0.3,0.3,0.3,0.3,0.3,0.4,0.4,0.4,0.4,0.4,0.4,0.4,12.100000000000005,0.20166666666666674
1131,18:51,18,51,1131,0.1,0.1,0.1,0.1,0.1,0.3,0.4,0.2,0.3,0.3,0.4,0.1,0.1,0.1,0.1,0.1,0.1,0.2,0.2,0.3,0.3,0.3,0.4,0.1,0.1,0.1,0.1,0.1,0.2,0.2,0.2,0.2,0.2,0.2,0.2,0.3,0.3,0.3,0.3,0.3,0.3,0.3,0.3,0.3,0.4,0.4,0.4,0.4,0.4,0.4,0.4,12.100000000000005,0.20166666666666674
1132,18:52,18,52,1132,0.1,0.1,0.1,0.1,0.1,0.3,0.4,0.2,0.3,0.3,0.4,0.1,0.1,0.1,0.1,0.1,0.1,0.2,0.2,0.3,0.3,0.3,0.4,0.1,0.1,0.1,0.1,0.1,0.2,0.2,0.2,0.2,0.2,0.2,0.2,0.3,0.3,0.3,0.3,0.3,0.3,0.3,0.3,0.3,0.4,0.4,0.4,0.4,0.4,0.4,0.4,12.100000000000005,0.20166666666666674
1133,18:53,18,53,1133,0.1,0.1,0.1,0.1,0.1,0.3,0.4,0.2,0.3,0.3,0.4,0.1,0.1,0.1,0.1,0.1,0.1,0.2,0.2,0.3,0.3,0.3,0.4,0.1,0.1,0.1,0.1,0.1,0.2,0.2,0.2,0.2,0.2,0.2,0.2,0.3,0.3,0.3,0.3,0.3,0.3,0.3,0.3,0.3,0.4,0.4,0.4,0.4,0.4,0.4,0.4,12.100000000000005,0.20166666666666674
1134,18:54,18,54,1134,0.1,0.1,0.1,0.1,0.1,0.3,0.4,0.2,0.3,0.3,0.4,0.1,0.1,0.1,0.1,0.1,0.1,0.2,0.2,0.3,0.3,0.3,0.4,0.1,0.1,0.1,0.1,0.1,0.2,0.2,0.2,0.2,0.2,0.2,0.2,0.3,0.3,0.3,0.3,0.3,0.3,0.3,0.3,0.3,0.4,0.4,0.4,0.4,0.4,0.4,0.4,12.100000000000005,0.20166666666666674
1135,18:55,18,55,1135,0.1,0.1,0.1,0.1,0.1,0.3,0.4,0.2,0.3,0.3,0.4,0.1,0.1,0.1,0.1,0.1,0.1,0.2,0.2,0.3,0.3,0.3,0.4,0.1,0.1,0.1,0.1,0.1,0.2,0.2,0.2,0.2,0.2,0.2,0.2,0.3,0.3,0.3,0.3,0.3,0.3,0.3,0.3,0.3,0.4,0.4,0.4,0.4,0.4,0.4,0.4,12.100000000000005,0.20166666666666674
1136,18:56,18,56,1136,0.1,0.1,0.1,0.1,0.1,0.3,0.4,0.2,0.3,0.3,0.4,0.1,0.1,0.1,0.1,0.1,0.1,0.2,0.2,0.3,0.3,0.3,0.4,0.1,0.1,0.1,0.1,0.1,0.2,0.2,0.2,0.2,0.2,0.2,0.2,0.3,0.3,0.3,0.3,0.3,0.3,0.3,0.3,0.3,0.4,0.4,0.4,0.4,0.4,0.4,0.4,12.100000000000005,0.20166666666666674
1137,18:57,18,57,1137,0.1,0.1,0.1,0.1,0.1,0.3,0.4,0.2,0.3,0.3,0.4,0.1,0.1,0.1,0.1,0.1,0.1,0.2,0.2,0.3,0.3,0.3,0.4,0.1,0.1,0.1,0.1,0.1,0.2,0.2,0.2,0.2,0.2,0.2,0.2,0.3,0.3,0.3,0.3,0.3,0.3,0.3,0.3,0.3,0.4,0.4,0.4,0.4,0.4,0.4,0.4,12.100000000000005,0.20166666666666674
1138,18:58,18,58,1138,0.1,0.1,0.1,0.1,0.1,0.3,0.4,0.2,0.3,0.3,0.4,0.1,0.1,0.1,0.1,0.1,0.1,0.2,0.2,0.3,0.3,0.3,0.4,0.1,0.1,0.1,0.1,0.1,0.2,0.2,0.2,0.2,0.2,0.2,0.2,0.3,0.3,0.3,0.3,0.3,0.3,0.3,0.3,0.3,0.4,0.4,0.4,0.4,0.4,0.4,0.4,12.100000000000005,0.20166666666666674
1139,18:59,18,59,1139,0.1,0.1,0.1,0.1,0.1,0.3,0.4,0.2,0.3,0.3,0.4,0.1,0.1,0.1,0.1,0.1,0.1,0.2,0.2,0.3,0.3,0.3,0.4,0.1,0.1,0.1,0.1,0.1,0.2,0.2,0.2,0.2,0.2,0.2,0.2,0.3,0.3,0.3,0.3,0.3,0.3,0.3,0.3,0.3,0.4,0.4,0.4,0.4,0.4,0.4,0.4,12.100000000000005,0.20166666666666674
1140,19:00,19,0,1140,0.1,0.1,0.1,0.1,0.1,0.3,0.4,0.2,0.3,0.3,0.4,0.1,0.1,0.1,0.1,0.1,0.1,0.2,0.2,0.3,0.3,0.3,0.4,0.1,0.1,0.1,0.1,0.1,0.2,0.2,0.2,0.2,0.2,0.2,0.2,0.3,0.3,0.3,0.3,0.3,0.3,0.3,0.3,0.3,0.4,0.4,0.4,0.4,0.4,0.4,0.4,12.100000000000005,0.20166666666666674
1141,19:01,19,1,1141,0.1,0.1,0.1,0.1,0.1,0.3,0.4,0.2,0.3,0.3,0.4,0.1,0.1,0.1,0.1,0.1,0.1,0.2,0.2,0.3,0.3,0.3,0.4,0.1,0.1,0.1,0.1,0.1,0.2,0.2,0.2,0.2,0.2,0.2,0.2,0.3,0.3,0.3,0.3,0.3,0.3,0.3,0.3,0.3,0.4,0.4,0.4,0.4,0.4,0.4,0.4,12.100000000000005,0.20166666666666674
1142,19:02,19,2,1142,0.1,0.1,0.1,0.1,0.1,0.3,0.4,0.2,0.3,0.3,0.4,0.1,0.1,0.1,0.1,0.1,0.1,0.2,0.2,0.3,0.3,0.3,0.4,0.1,0.1,0.1,0.1,0.1,0.2,0.2,0.2,0.2,0.2,0.2,0.2,0.3,0.3,0.3,0.3,0.3,0.3,0.3,0.3,0.3,0.4,0.4,0.4,0.4,0.4,0.4,0.4,12.100000000000005,0.20166666666666674
1143,19:03,19,3,1143,0.1,0.1,0.1,0.1,0.1,0.3,0.4,0.2,0.3,0.3,0.4,0.1,0.1,0.1,0.1,0.1,0.1,0.2,0.2,0.3,0.3,0.3,0.4,0.1,0.1,0.1,0.1,0.1,0.2,0.2,0.2,0.2,0.2,0.2,0.2,0.3,0.3,0.3,0.3,0.3,0.3,0.3,0.3,0.3,0.4,0.4,0.4,0.4,0.4,0.4,0.4,12.100000000000005,0.20166666666666674
1144,19:04,19,4,1144,0.1,0.1,0.1,0.1,0.1,0.3,0.4,0.2,0.3,0.3,0.4,0.1,0.1,0.1,0.1,0.1,0.1,0.2,0.2,0.3,0.3,0.3,0.4,0.1,0.1,0.1,0.1,0.1,0.2,0.2,0.2,0.2,0.2,0.2,0.2,0.3,0.3,0.3,0.3,0.3,0.3,0.3,0.3,0.3,0.4,0.4,0.4,0.4,0.4,0.4,0.4,12.100000000000005,0.20166666666666674
1145,19:05,19,5,1145,0.1,0.1,0.1,0.1,0.1,0.3,0.4,0.2,0.3,0.3,0.4,0.1,0.1,0.1,0.1,0.1,0.1,0.2,0.2,0.3,0.3,0.3,0.4,0.1,0.1,0.1,0.1,0.1,0.2,0.2,0.2,0.2,0.2,0.2,0.2,0.3,0.3,0.3,0.3,0.3,0.3,0.3,0.3,0.3,0.4,0.4,0.4,0.4,0.4,0.4,0.4,12.100000000000005,0.20166666666666674
1146,19:06,19,6,1146,0.1,0.1,0.1,0.1,0.1,0.3,0.4,0.2,0.3,0.3,0.4,0.1,0.1,0.1,0.1,0.1,0.1,0.2,0.2,0.3,0.3,0.3,0.4,0.1,0.1,0.1,0.1,0.1,0.2,0.2,0.2,0.2,0.2,0.2,0.2,0.3,0.3,0.3,0.3,0.3,0.3,0.3,0.3,0.3,0.4,0.4,0.4,0.4,0.4,0.4,0.4,12.100000000000005,0.20166666666666674
1147,19:07,19,7,1147,0.1,0.1,0.1,0.1,0.1,0.3,0.4,0.2,0.3,0.3,0.4,0.1,0.1,0.1,0.1,0.1,0.1,0.2,0.2,0.3,0.3,0.3,0.4,0.1,0.1,0.1,0.1,0.1,0.2,0.2,0.2,0.2,0.2,0.2,0.2,0.3,0.3,0.3,0.3,0.3,0.3,0.3,0.3,0.3,0.4,0.4,0.4,0.4,0.4,0.4,0.4,12.100000000000005,0.20166666666666674
1148,19:08,19,8,1148,0.1,0.1,0.1,0.1,0.1,0.3,0.4,0.2,0.3,0.3,0.4,0.1,0.1,0.1,0.1,0.1,0.1,0.2,0.2,0.3,0.3,0.3,0.4,0.1,0.1,0.1,0.1,0.1,0.2,0.2,0.2,0.2,0.2,0.2,0.2,0.3,0.3,0.3,0.3,0.3,0.3,0.3,0.3,0.3,0.4,0.4,0.4,0.4,0.4,0.4,0.4,12.100000000000005,0.20166666666666674
1149,19:09,19,9,1149,0.1,0.1,0.1,0.1,0.1,0.3,0.4,0.2,0.3,0.3,0.4,0.1,0.1,0.1,0.1,0.1,0.1,0.2,0.2,0.3,0.3,0.3,0.4,0.1,0.1,0.1,0.1,0.1,0.2,0.2,0.2,0.2,0.2,0.2,0.2,0.3,0.3,0.3,0.3,0.3,0.3,0.3,0.3,0.3,0.4,0.4,0.4,0.4,0.4,0.4,0.4,12.100000000000005,0.20166666666666674
1150,19:10,19,10,1150,0.1,0.1,0.1,0.1,0.1,0.3,0.4,0.2,0.3,0.3,0.4,0.1,0.1,0.1,0.1,0.1,0.1,0.2,0.2,0.3,0.3,0.3,0.4,0.1,0.1,0.1,0.1,0.1,0.2,0.2,0.2,0.2,0.2,0.2,0.2,0.3,0.3,0.3,0.3,0.3,0.3,0.3,0.3,0.3,0.4,0.4,0.4,0.4,0.4,0.4,0.4,12.100000000000005,0.20166666666666674
1151,19:11,19,11,1151,0.1,0.1,0.1,0.1,0.1,0.3,0.4,0.2,0.3,0.3,0.4,0.1,0.1,0.1,0.1,0.1,0.1,0.2,0.2,0.3,0.3,0.3,0.4,0.1,0.1,0.1,0.1,0.1,0.2,0.2,0.2,0.2,0.2,0.2,0.2,0.3,0.3,0.3,0.3,0.3,0.3,0.3,0.3,0.3,0.4,0.4,0.4,0.4,0.4,0.4,0.4,12.100000000000005,0.20166666666666674
1152,19:12,19,12,1152,0.1,0.1,0.1,0.1,0.1,0.3,0.4,0.2,0.3,0.3,0.4,0.1,0.1,0.1,0.1,0.1,0.1,0.2,0.2,0.3,0.3,0.3,0.4,0.1,0.1,0.1,0.1,0.1,0.2,0.2,0.2,0.2,0.2,0.2,0.2,0.3,0.3,0.3,0.3,0.3,0.3,0.3,0.3,0.3,0.4,0.4,0.4,0.4,0.4,0.4,0.4,12.100000000000005,0.20166666666666674
1153,19:13,19,13,1153,0.1,0.1,0.1,0.1,0.1,0.3,0.4,0.2,0.3,0.3,0.4,0.1,0.1,0.1,0.1,0.1,0.1,0.2,0.2,0.3,0.3,0.3,0.4,0.1,0.1,0.1,0.1,0.1,0.2,0.2,0.2,0.2,0.2,0.2,0.2,0.3,0.3,0.3,0.3,0.3,0.3,0.3,0.3,0.3,0.4,0.4,0.4,0.4,0.4,0.4,0.4,12.100000000000005,0.20166666666666674
1154,19:14,19,14,1154,0.1,0.1,0.1,0.1,0.1,0.3,0.4,0.2,0.3,0.3,0.4,0.1,0.1,0.1,0.1,0.1,0.1,0.2,0.2,0.3,0.3,0.3,0.4,0.1,0.1,0.1,0.1,0.1,0.2,0.2,0.2,0.2,0.2,0.2,0.2,0.3,0.3,0.3,0.3,0.3,0.3,0.3,0.3,0.3,0.4,0.4,0.4,0.4,0.4,0.4,0.4,12.100000000000005,0.20166666666666674
1155,19:15,19,15,1155,0.1,0.1,0.1,0.1,0.1,0.3,0.4,0.2,0.3,0.3,0.4,0.1,0.1,0.1,0.1,0.1,0.1,0.2,0.2,0.3,0.3,0.3,0.4,0.1,0.1,0.1,0.1,0.1,0.2,0.2,0.2,0.2,0.2,0.2,0.2,0.3,0.3,0.3,0.3,0.3,0.3,0.3,0.3,0.3,0.4,0.4,0.4,0.4,0.4,0.4,0.4,12.100000000000005,0.20166666666666674
1156,19:16,19,16,1156,0.1,0.1,0.1,0.1,0.1,0.3,0.4,0.2,0.3,0.3,0.4,0.1,0.1,0.1,0.1,0.1,0.1,0.2,0.2,0.3,0.3,0.3,0.4,0.1,0.1,0.1,0.1,0.1,0.2,0.2,0.2,0.2,0.2,0.2,0.2,0.3,0.3,0.3,0.3,0.3,0.3,0.3,0.3,0.3,0.4,0.4,0.4,0.4,0.4,0.4,0.4,12.100000000000005,0.20166666666666674
1157,19:17,19,17,1157,0.1,0.1,0.1,0.1,0.1,0.3,0.4,0.2,0.3,0.3,0.4,0.1,0.1,0.1,0.1,0.1,0.1,0.2,0.2,0.3,0.3,0.3,0.4,0.1,0.1,0.1,0.1,0.1,0.2,0.2,0.2,0.2,0.2,0.2,0.2,0.3,0.3,0.3,0.3,0.3,0.3,0.3,0.3,0.3,0.4,0.4,0.4,0.4,0.4,0.4,0.4,12.100000000000005,0.20166666666666674
1158,19:18,19,18,1158,0.1,0.1,0.1,0.1,0.1,0.3,0.4,0.2,0.3,0.3,0.4,0.1,0.1,0.1,0.1,0.1,0.1,0.2,0.2,0.3,0.3,0.3,0.4,0.1,0.1,0.1,0.1,0.1,0.2,0.2,0.2,0.2,0.2,0.2,0.2,0.3,0.3,0.3,0.3,0.3,0.3,0.3,0.3,0.3,0.4,0.4,0.4,0.4,0.4,0.4,0.4,12.100000000000005,0.20166666666666674
1159,19:19,19,19,1159,0.1,0.1,0.1,0.1,0.1,0.3,0.4,0.2,0.3,0.3,0.4,0.1,0.1,0.1,0.1,0.1,0.1,0.2,0.2,0.3,0.3,0.3,0.4,0.1,0.1,0.1,0.1,0.1,0.2,0.2,0.2,0.2,0.2,0.2,0.2,0.3,0.3,0.3,0.3,0.3,0.3,0.3,0.3,0.3,0.4,0.4,0.4,0.4,0.4,0.4,0.4,12.100000000000005,0.20166666666666674
1160,19:20,19,20,1160,0.1,0.1,0.1,0.1,0.1,0.3,0.4,0.2,0.3,0.3,0.4,0.1,0.1,0.1,0.1,0.1,0.1,0.2,0.2,0.3,0.3,0.3,0.4,0.1,0.1,0.1,0.1,0.1,0.2,0.2,0.2,0.2,0.2,0.2,0.2,0.3,0.3,0.3,0.3,0.3,0.3,0.3,0.3,0.3,0.4,0.4,0.4,0.4,0.4,0.4,0.4,12.100000000000005,0.20166666666666674
1161,19:21,19,21,1161,0.1,0.1,0.1,0.1,0.1,0.3,0.4,0.2,0.3,0.3,0.4,0.1,0.1,0.1,0.1,0.1,0.1,0.2,0.2,0.3,0.3,0.3,0.4,0.1,0.1,0.1,0.1,0.1,0.2,0.2,0.2,0.2,0.2,0.2,0.2,0.3,0.3,0.3,0.3,0.3,0.3,0.3,0.3,0.3,0.4,0.4,0.4,0.4,0.4,0.4,0.4,12.100000000000005,0.20166666666666674
1162,19:22,19,22,1162,0.1,0.1,0.1,0.1,0.1,0.3,0.4,0.2,0.3,0.3,0.4,0.1,0.1,0.1,0.1,0.1,0.1,0.2,0.2,0.3,0.3,0.3,0.4,0.1,0.1,0.1,0.1,0.1,0.2,0.2,0.2,0.2,0.2,0.2,0.2,0.3,0.3,0.3,0.3,0.3,0.3,0.3,0.3,0.3,0.4,0.4,0.4,0.4,0.4,0.4,0.4,12.100000000000005,0.20166666666666674
1163,19:23,19,23,1163,0.1,0.1,0.1,0.1,0.1,0.3,0.4,0.2,0.3,0.3,0.4,0.1,0.1,0.1,0.1,0.1,0.1,0.2,0.2,0.3,0.3,0.3,0.4,0.1,0.1,0.1,0.1,0.1,0.2,0.2,0.2,0.2,0.2,0.2,0.2,0.3,0.3,0.3,0.3,0.3,0.3,0.3,0.3,0.3,0.4,0.4,0.4,0.4,0.4,0.4,0.4,12.100000000000005,0.20166666666666674
1164,19:24,19,24,1164,0.1,0.1,0.1,0.1,0.1,0.3,0.4,0.2,0.3,0.3,0.4,0.1,0.1,0.1,0.1,0.1,0.1,0.2,0.2,0.3,0.3,0.3,0.4,0.1,0.1,0.1,0.1,0.1,0.2,0.2,0.2,0.2,0.2,0.2,0.2,0.3,0.3,0.3,0.3,0.3,0.3,0.3,0.3,0.3,0.4,0.4,0.4,0.4,0.4,0.4,0.4,12.100000000000005,0.20166666666666674
1165,19:25,19,25,1165,0.1,0.1,0.1,0.1,0.1,0.3,0.4,0.2,0.3,0.3,0.4,0.1,0.1,0.1,0.1,0.1,0.1,0.2,0.2,0.3,0.3,0.3,0.4,0.1,0.1,0.1,0.1,0.1,0.2,0.2,0.2,0.2,0.2,0.2,0.2,0.3,0.3,0.3,0.3,0.3,0.3,0.3,0.3,0.3,0.4,0.4,0.4,0.4,0.4,0.4,0.4,12.100000000000005,0.20166666666666674
1166,19:26,19,26,1166,0.1,0.1,0.1,0.1,0.1,0.3,0.4,0.2,0.3,0.3,0.4,0.1,0.1,0.1,0.1,0.1,0.1,0.2,0.2,0.3,0.3,0.3,0.4,0.1,0.1,0.1,0.1,0.1,0.2,0.2,0.2,0.2,0.2,0.2,0.2,0.3,0.3,0.3,0.3,0.3,0.3,0.3,0.3,0.3,0.4,0.4,0.4,0.4,0.4,0.4,0.4,12.100000000000005,0.20166666666666674
1167,19:27,19,27,1167,0.1,0.1,0.1,0.1,0.1,0.3,0.4,0.2,0.3,0.3,0.4,0.1,0.1,0.1,0.1,0.1,0.1,0.2,0.2,0.3,0.3,0.3,0.4,0.1,0.1,0.1,0.1,0.1,0.2,0.2,0.2,0.2,0.2,0.2,0.2,0.3,0.3,0.3,0.3,0.3,0.3,0.3,0.3,0.3,0.4,0.4,0.4,0.4,0.4,0.4,0.4,12.100000000000005,0.20166666666666674
1168,19:28,19,28,1168,0.1,0.1,0.1,0.1,0.1,0.3,0.4,0.2,0.3,0.3,0.4,0.1,0.1,0.1,0.1,0.1,0.1,0.2,0.2,0.3,0.3,0.3,0.4,0.1,0.1,0.1,0.1,0.1,0.2,0.2,0.2,0.2,0.2,0.2,0.2,0.3,0.3,0.3,0.3,0.3,0.3,0.3,0.3,0.3,0.4,0.4,0.4,0.4,0.4,0.4,0.4,12.100000000000005,0.20166666666666674
1169,19:29,19,29,1169,0.1,0.1,0.1,0.1,0.1,0.3,0.4,0.2,0.3,0.3,0.4,0.1,0.1,0.1,0.1,0.1,0.1,0.2,0.2,0.3,0.3,0.3,0.4,0.1,0.1,0.1,0.1,0.1,0.2,0.2,0.2,0.2,0.2,0.2,0.2,0.3,0.3,0.3,0.3,0.3,0.3,0.3,0.3,0.3,0.4,0.4,0.4,0.4,0.4,0.4,0.4,12.100000000000005,0.20166666666666674
1170,19:30,19,30,1170,0.1,0.1,0.1,0.1,0.1,0.3,0.4,0.2,0.3,0.3,0.4,0.1,0.1,0.1,0.1,0.1,0.1,0.2,0.2,0.3,0.3,0.3,0.4,0.1,0.1,0.1,0.1,0.1,0.2,0.2,0.2,0.2,0.2,0.2,0.2,0.3,0.3,0.3,0.3,0.3,0.3,0.3,0.3,0.3,0.4,0.4,0.4,0.4,0.4,0.4,0.4,12.100000000000005,0.20166666666666674
1171,19:31,19,31,1171,0.1,0.1,0.1,0.1,0.1,0.3,0.4,0.2,0.3,0.3,0.4,0.1,0.1,0.1,0.1,0.1,0.1,0.2,0.2,0.3,0.3,0.3,0.4,0.1,0.1,0.1,0.1,0.1,0.2,0.2,0.2,0.2,0.2,0.2,0.2,0.3,0.3,0.3,0.3,0.3,0.3,0.3,0.3,0.3,0.4,0.4,0.4,0.4,0.4,0.4,0.4,12.100000000000005,0.20166666666666674
1172,19:32,19,32,1172,0.1,0.1,0.1,0.1,0.1,0.3,0.4,0.2,0.3,0.3,0.4,0.1,0.1,0.1,0.1,0.1,0.1,0.2,0.2,0.3,0.3,0.3,0.4,0.1,0.1,0.1,0.1,0.1,0.2,0.2,0.2,0.2,0.2,0.2,0.2,0.3,0.3,0.3,0.3,0.3,0.3,0.3,0.3,0.3,0.4,0.4,0.4,0.4,0.4,0.4,0.4,12.100000000000005,0.20166666666666674
1173,19:33,19,33,1173,0.1,0.1,0.1,0.1,0.1,0.3,0.4,0.2,0.3,0.3,0.4,0.1,0.1,0.1,0.1,0.1,0.1,0.2,0.2,0.3,0.3,0.3,0.4,0.1,0.1,0.1,0.1,0.1,0.2,0.2,0.2,0.2,0.2,0.2,0.2,0.3,0.3,0.3,0.3,0.3,0.3,0.3,0.3,0.3,0.4,0.4,0.4,0.4,0.4,0.4,0.4,12.100000000000005,0.20166666666666674
1174,19:34,19,34,1174,0.1,0.1,0.1,0.1,0.1,0.3,0.4,0.2,0.3,0.3,0.4,0.1,0.1,0.1,0.1,0.1,0.1,0.2,0.2,0.3,0.3,0.3,0.4,0.1,0.1,0.1,0.1,0.1,0.2,0.2,0.2,0.2,0.2,0.2,0.2,0.3,0.3,0.3,0.3,0.3,0.3,0.3,0.3,0.3,0.4,0.4,0.4,0.4,0.4,0.4,0.4,12.100000000000005,0.20166666666666674
1175,19:35,19,35,1175,0.1,0.1,0.1,0.1,0.1,0.3,0.4,0.2,0.3,0.3,0.4,0.1,0.1,0.1,0.1,0.1,0.1,0.2,0.2,0.3,0.3,0.3,0.4,0.1,0.1,0.1,0.1,0.1,0.2,0.2,0.2,0.2,0.2,0.2,0.2,0.3,0.3,0.3,0.3,0.3,0.3,0.3,0.3,0.3,0.4,0.4,0.4,0.4,0.4,0.4,0.4,12.100000000000005,0.20166666666666674
1176,19:36,19,36,1176,0.1,0.1,0.1,0.1,0.1,0.3,0.4,0.2,0.3,0.3,0.4,0.1,0.1,0.1,0.1,0.1,0.1,0.2,0.2,0.3,0.3,0.3,0.4,0.1,0.1,0.1,0.1,0.1,0.2,0.2,0.2,0.2,0.2,0.2,0.2,0.3,0.3,0.3,0.3,0.3,0.3,0.3,0.3,0.3,0.4,0.4,0.4,0.4,0.4,0.4,0.4,12.100000000000005,0.20166666666666674
1177,19:37,19,37,1177,0.1,0.1,0.1,0.1,0.1,0.3,0.4,0.2,0.3,0.3,0.4,0.1,0.1,0.1,0.1,0.1,0.1,0.2,0.2,0.3,0.3,0.3,0.4,0.1,0.1,0.1,0.1,0.1,0.2,0.2,0.2,0.2,0.2,0.2,0.2,0.3,0.3,0.3,0.3,0.3,0.3,0.3,0.3,0.3,0.4,0.4,0.4,0.4,0.4,0.4,0.4,12.100000000000005,0.20166666666666674
1178,19:38,19,38,1178,0.1,0.1,0.1,0.1,0.1,0.3,0.4,0.2,0.3,0.3,0.4,0.1,0.1,0.1,0.1,0.1,0.1,0.2,0.2,0.3,0.3,0.3,0.4,0.1,0.1,0.1,0.1,0.1,0.2,0.2,0.2,0.2,0.2,0.2,0.2,0.3,0.3,0.3,0.3,0.3,0.3,0.3,0.3,0.3,0.4,0.4,0.4,0.4,0.4,0.4,0.4,12.100000000000005,0.20166666666666674
1179,19:39,19,39,1179,0.1,0.1,0.1,0.1,0.1,0.3,0.4,0.2,0.3,0.3,0.4,0.1,0.1,0.1,0.1,0.1,0.1,0.2,0.2,0.3,0.3,0.3,0.4,0.1,0.1,0.1,0.1,0.1,0.2,0.2,0.2,0.2,0.2,0.2,0.2,0.3,0.3,0.3,0.3,0.3,0.3,0.3,0.3,0.3,0.4,0.4,0.4,0.4,0.4,0.4,0.4,12.100000000000005,0.20166666666666674
1180,19:40,19,40,1180,0.1,0.1,0.1,0.1,0.1,0.3,0.4,0.2,0.3,0.3,0.4,0.1,0.1,0.1,0.1,0.1,0.1,0.2,0.2,0.3,0.3,0.3,0.4,0.1,0.1,0.1,0.1,0.1,0.2,0.2,0.2,0.2,0.2,0.2,0.2,0.3,0.3,0.3,0.3,0.3,0.3,0.3,0.3,0.3,0.4,0.4,0.4,0.4,0.4,0.4,0.4,12.100000000000005,0.20166666666666674
1181,19:41,19,41,1181,0.1,0.1,0.1,0.1,0.1,0.3,0.4,0.2,0.3,0.3,0.4,0.1,0.1,0.1,0.1,0.1,0.1,0.2,0.2,0.3,0.3,0.3,0.4,0.1,0.1,0.1,0.1,0.1,0.2,0.2,0.2,0.2,0.2,0.2,0.2,0.3,0.3,0.3,0.3,0.3,0.3,0.3,0.3,0.3,0.4,0.4,0.4,0.4,0.4,0.4,0.4,12.100000000000005,0.20166666666666674
1182,19:42,19,42,1182,0.1,0.1,0.1,0.1,0.1,0.3,0.4,0.2,0.3,0.3,0.4,0.1,0.1,0.1,0.1,0.1,0.1,0.2,0.2,0.3,0.3,0.3,0.4,0.1,0.1,0.1,0.1,0.1,0.2,0.2,0.2,0.2,0.2,0.2,0.2,0.3,0.3,0.3,0.3,0.3,0.3,0.3,0.3,0.3,0.4,0.4,0.4,0.4,0.4,0.4,0.4,12.100000000000005,0.20166666666666674
1183,19:43,19,43,1183,0.1,0.1,0.1,0.1,0.1,0.3,0.4,0.2,0.3,0.3,0.4,0.1,0.1,0.1,0.1,0.1,0.1,0.2,0.2,0.3,0.3,0.3,0.4,0.1,0.1,0.1,0.1,0.1,0.2,0.2,0.2,0.2,0.2,0.2,0.2,0.3,0.3,0.3,0.3,0.3,0.3,0.3,0.3,0.3,0.4,0.4,0.4,0.4,0.4,0.4,0.4,12.100000000000005,0.20166666666666674
1184,19:44,19,44,1184,0.1,0.1,0.1,0.1,0.1,0.3,0.4,0.2,0.3,0.3,0.4,0.1,0.1,0.1,0.1,0.1,0.1,0.2,0.2,0.3,0.3,0.3,0.4,0.1,0.1,0.1,0.1,0.1,0.2,0.2,0.2,0.2,0.2,0.2,0.2,0.3,0.3,0.3,0.3,0.3,0.3,0.3,0.3,0.3,0.4,0.4,0.4,0.4,0.4,0.4,0.4,12.100000000000005,0.20166666666666674
1185,19:45,19,45,1185,0.1,0.1,0.1,0.1,0.1,0.3,0.4,0.2,0.3,0.3,0.4,0.1,0.1,0.1,0.1,0.1,0.1,0.2,0.2,0.3,0.3,0.3,0.4,0.1,0.1,0.1,0.1,0.1,0.2,0.2,0.2,0.2,0.2,0.2,0.2,0.3,0.3,0.3,0.3,0.3,0.3,0.3,0.3,0.3,0.4,0.4,0.4,0.4,0.4,0.4,0.4,12.100000000000005,0.20166666666666674
1186,19:46,19,46,1186,0.1,0.1,0.1,0.1,0.1,0.3,0.4,0.2,0.3,0.3,0.4,0.1,0.1,0.1,0.1,0.1,0.1,0.2,0.2,0.3,0.3,0.3,0.4,0.1,0.1,0.1,0.1,0.1,0.2,0.2,0.2,0.2,0.2,0.2,0.2,0.3,0.3,0.3,0.3,0.3,0.3,0.3,0.3,0.3,0.4,0.4,0.4,0.4,0.4,0.4,0.4,12.100000000000005,0.20166666666666674
1187,19:47,19,47,1187,0.1,0.1,0.1,0.1,0.1,0.3,0.4,0.2,0.3,0.3,0.4,0.1,0.1,0.1,0.1,0.1,0.1,0.2,0.2,0.3,0.3,0.3,0.4,0.1,0.1,0.1,0.1,0.1,0.2,0.2,0.2,0.2,0.2,0.2,0.2,0.3,0.3,0.3,0.3,0.3,0.3,0.3,0.3,0.3,0.4,0.4,0.4,0.4,0.4,0.4,0.4,12.100000000000005,0.20166666666666674
1188,19:48,19,48,1188,0.1,0.1,0.1,0.1,0.1,0.3,0.4,0.2,0.3,0.3,0.4,0.1,0.1,0.1,0.1,0.1,0.1,0.2,0.2,0.3,0.3,0.3,0.4,0.1,0.1,0.1,0.1,0.1,0.2,0.2,0.2,0.2,0.2,0.2,0.2,0.3,0.3,0.3,0.3,0.3,0.3,0.3,0.3,0.3,0.4,0.4,0.4,0.4,0.4,0.4,0.4,12.100000000000005,0.20166666666666674
1189,19:49,19,49,1189,0.1,0.1,0.1,0.1,0.1,0.3,0.4,0.2,0.3,0.3,0.4,0.1,0.1,0.1,0.1,0.1,0.1,0.2,0.2,0.3,0.3,0.3,0.4,0.1,0.1,0.1,0.1,0.1,0.2,0.2,0.2,0.2,0.2,0.2,0.2,0.3,0.3,0.3,0.3,0.3,0.3,0.3,0.3,0.3,0.4,0.4,0.4,0.4,0.4,0.4,0.4,12.100000000000005,0.20166666666666674
1190,19:50,19,50,1190,0.1,0.1,0.1,0.1,0.1,0.3,0.4,0.2,0.3,0.3,0.4,0.1,0.1,0.1,0.1,0.1,0.1,0.2,0.2,0.3,0.3,0.3,0.4,0.1,0.1,0.1,0.1,0.1,0.2,0.2,0.2,0.2,0.2,0.2,0.2,0.3,0.3,0.3,0.3,0.3,0.3,0.3,0.3,0.3,0.4,0.4,0.4,0.4,0.4,0.4,0.4,12.100000000000005,0.20166666666666674
1191,19:51,19,51,1191,0.1,0.1,0.1,0.1,0.1,0.3,0.4,0.2,0.3,0.3,0.4,0.1,0.1,0.1,0.1,0.1,0.1,0.2,0.2,0.3,0.3,0.3,0.4,0.1,0.1,0.1,0.1,0.1,0.2,0.2,0.2,0.2,0.2,0.2,0.2,0.3,0.3,0.3,0.3,0.3,0.3,0.3,0.3,0.3,0.4,0.4,0.4,0.4,0.4,0.4,0.4,12.100000000000005,0.20166666666666674
1192,19:52,19,52,1192,0.1,0.1,0.1,0.1,0.1,0.3,0.4,0.2,0.3,0.3,0.4,0.1,0.1,0.1,0.1,0.1,0.1,0.2,0.2,0.3,0.3,0.3,0.4,0.1,0.1,0.1,0.1,0.1,0.2,0.2,0.2,0.2,0.2,0.2,0.2,0.3,0.3,0.3,0.3,0.3,0.3,0.3,0.3,0.3,0.4,0.4,0.4,0.4,0.4,0.4,0.4,12.100000000000005,0.20166666666666674
1193,19:53,19,53,1193,0.1,0.1,0.1,0.1,0.1,0.3,0.4,0.2,0.3,0.3,0.4,0.1,0.1,0.1,0.1,0.1,0.1,0.2,0.2,0.3,0.3,0.3,0.4,0.1,0.1,0.1,0.1,0.1,0.2,0.2,0.2,0.2,0.2,0.2,0.2,0.3,0.3,0.3,0.3,0.3,0.3,0.3,0.3,0.3,0.4,0.4,0.4,0.4,0.4,0.4,0.4,12.100000000000005,0.20166666666666674
1194,19:54,19,54,1194,0.1,0.1,0.1,0.1,0.1,0.3,0.4,0.2,0.3,0.3,0.4,0.1,0.1,0.1,0.1,0.1,0.1,0.2,0.2,0.3,0.3,0.3,0.4,0.1,0.1,0.1,0.1,0.1,0.2,0.2,0.2,0.2,0.2,0.2,0.2,0.3,0.3,0.3,0.3,0.3,0.3,0.3,0.3,0.3,0.4,0.4,0.4,0.4,0.4,0.4,0.4,12.100000000000005,0.20166666666666674
1195,19:55,19,55,1195,0.1,0.1,0.1,0.1,0.1,0.3,0.4,0.2,0.3,0.3,0.4,0.1,0.1,0.1,0.1,0.1,0.1,0.2,0.2,0.3,0.3,0.3,0.4,0.1,0.1,0.1,0.1,0.1,0.2,0.2,0.2,0.2,0.2,0.2,0.2,0.3,0.3,0.3,0.3,0.3,0.3,0.3,0.3,0.3,0.4,0.4,0.4,0.4,0.4,0.4,0.4,12.100000000000005,0.20166666666666674
1196,19:56,19,56,1196,0.1,0.1,0.1,0.1,0.1,0.3,0.4,0.2,0.3,0.3,0.4,0.1,0.1,0.1,0.1,0.1,0.1,0.2,0.2,0.3,0.3,0.3,0.4,0.1,0.1,0.1,0.1,0.1,0.2,0.2,0.2,0.2,0.2,0.2,0.2,0.3,0.3,0.3,0.3,0.3,0.3,0.3,0.3,0.3,0.4,0.4,0.4,0.4,0.4,0.4,0.4,12.100000000000005,0.20166666666666674
1197,19:57,19,57,1197,0.1,0.1,0.1,0.1,0.1,0.3,0.4,0.2,0.3,0.3,0.4,0.1,0.1,0.1,0.1,0.1,0.1,0.2,0.2,0.3,0.3,0.3,0.4,0.1,0.1,0.1,0.1,0.1,0.2,0.2,0.2,0.2,0.2,0.2,0.2,0.3,0.3,0.3,0.3,0.3,0.3,0.3,0.3,0.3,0.4,0.4,0.4,0.4,0.4,0.4,0.4,12.100000000000005,0.20166666666666674
1198,19:58,19,58,1198,0.1,0.1,0.1,0.1,0.1,0.3,0.4,0.2,0.3,0.3,0.4,0.1,0.1,0.1,0.1,0.1,0.1,0.2,0.2,0.3,0.3,0.3,0.4,0.1,0.1,0.1,0.1,0.1,0.2,0.2,0.2,0.2,0.2,0.2,0.2,0.3,0.3,0.3,0.3,0.3,0.3,0.3,0.3,0.3,0.4,0.4,0.4,0.4,0.4,0.4,0.4,12.100000000000005,0.20166666666666674
1199,19:59,19,59,1199,0.1,0.1,0.1,0.1,0.1,0.3,0.4,0.2,0.3,0.3,0.4,0.1,0.1,0.1,0.1,0.1,0.1,0.2,0.2,0.3,0.3,0.3,0.4,0.1,0.1,0.1,0.1,0.1,0.2,0.2,0.2,0.2,0.2,0.2,0.2,0.3,0.3,0.3,0.3,0.3,0.3,0.3,0.3,0.3,0.4,0.4,0.4,0.4,0.4,0.4,0.4,12.100000000000005,0.20166666666666674
1200,20:00,20,0,1200,0.1,0.1,0.1,0.1,0.1,0.3,0.4,0.2,0.3,0.3,0.4,0.1,0.1,0.1,0.1,0.1,0.1,0.2,0.2,0.3,0.3,0.3,0.4,0.1,0.1,0.1,0.1,0.1,0.2,0.2,0.2,0.2,0.2,0.2,0.2,0.3,0.3,0.3,0.3,0.3,0.3,0.3,0.3,0.3,0.4,0.4,0.4,0.4,0.4,0.4,0.4,12.100000000000005,0.20166666666666674
1201,20:01,20,1,1201,0.1,0.1,0.1,0.1,0.1,0.3,0.4,0.2,0.3,0.3,0.4,0.1,0.1,0.1,0.1,0.1,0.1,0.2,0.2,0.3,0.3,0.3,0.4,0.1,0.1,0.1,0.1,0.1,0.2,0.2,0.2,0.2,0.2,0.2,0.2,0.3,0.3,0.3,0.3,0.3,0.3,0.3,0.3,0.3,0.4,0.4,0.4,0.4,0.4,0.4,0.4,12.100000000000005,0.20166666666666674
1202,20:02,20,2,1202,0.1,0.1,0.1,0.1,0.1,0.3,0.4,0.2,0.3,0.3,0.4,0.1,0.1,0.1,0.1,0.1,0.1,0.2,0.2,0.3,0.3,0.3,0.4,0.1,0.1,0.1,0.1,0.1,0.2,0.2,0.2,0.2,0.2,0.2,0.2,0.3,0.3,0.3,0.3,0.3,0.3,0.3,0.3,0.3,0.4,0.4,0.4,0.4,0.4,0.4,0.4,12.100000000000005,0.20166666666666674
1203,20:03,20,3,1203,0.1,0.1,0.1,0.1,0.1,0.3,0.4,0.2,0.3,0.3,0.4,0.1,0.1,0.1,0.1,0.1,0.1,0.2,0.2,0.3,0.3,0.3,0.4,0.1,0.1,0.1,0.1,0.1,0.2,0.2,0.2,0.2,0.2,0.2,0.2,0.3,0.3,0.3,0.3,0.3,0.3,0.3,0.3,0.3,0.4,0.4,0.4,0.4,0.4,0.4,0.4,12.100000000000005,0.20166666666666674
1204,20:04,20,4,1204,0.1,0.1,0.1,0.1,0.1,0.3,0.4,0.2,0.3,0.3,0.4,0.1,0.1,0.1,0.1,0.1,0.1,0.2,0.2,0.3,0.3,0.3,0.4,0.1,0.1,0.1,0.1,0.1,0.2,0.2,0.2,0.2,0.2,0.2,0.2,0.3,0.3,0.3,0.3,0.3,0.3,0.3,0.3,0.3,0.4,0.4,0.4,0.4,0.4,0.4,0.4,12.100000000000005,0.20166666666666674
1205,20:05,20,5,1205,0.1,0.1,0.1,0.1,0.1,0.3,0.4,0.2,0.3,0.3,0.4,0.1,0.1,0.1,0.1,0.1,0.1,0.2,0.2,0.3,0.3,0.3,0.4,0.1,0.1,0.1,0.1,0.1,0.2,0.2,0.2,0.2,0.2,0.2,0.2,0.3,0.3,0.3,0.3,0.3,0.3,0.3,0.3,0.3,0.4,0.4,0.4,0.4,0.4,0.4,0.4,12.100000000000005,0.20166666666666674
1206,20:06,20,6,1206,0.1,0.1,0.1,0.1,0.1,0.3,0.4,0.2,0.3,0.3,0.4,0.1,0.1,0.1,0.1,0.1,0.1,0.2,0.2,0.3,0.3,0.3,0.4,0.1,0.1,0.1,0.1,0.1,0.2,0.2,0.2,0.2,0.2,0.2,0.2,0.3,0.3,0.3,0.3,0.3,0.3,0.3,0.3,0.3,0.4,0.4,0.4,0.4,0.4,0.4,0.4,12.100000000000005,0.20166666666666674
1207,20:07,20,7,1207,0.1,0.1,0.1,0.1,0.1,0.3,0.4,0.2,0.3,0.3,0.4,0.1,0.1,0.1,0.1,0.1,0.1,0.2,0.2,0.3,0.3,0.3,0.4,0.1,0.1,0.1,0.1,0.1,0.2,0.2,0.2,0.2,0.2,0.2,0.2,0.3,0.3,0.3,0.3,0.3,0.3,0.3,0.3,0.3,0.4,0.4,0.4,0.4,0.4,0.4,0.4,12.100000000000005,0.20166666666666674
1208,20:08,20,8,1208,0.1,0.1,0.1,0.1,0.1,0.3,0.4,0.2,0.3,0.3,0.4,0.1,0.1,0.1,0.1,0.1,0.1,0.2,0.2,0.3,0.3,0.3,0.4,0.1,0.1,0.1,0.1,0.1,0.2,0.2,0.2,0.2,0.2,0.2,0.2,0.3,0.3,0.3,0.3,0.3,0.3,0.3,0.3,0.3,0.4,0.4,0.4,0.4,0.4,0.4,0.4,12.100000000000005,0.20166666666666674
1209,20:09,20,9,1209,0.1,0.1,0.1,0.1,0.1,0.3,0.4,0.2,0.3,0.3,0.4,0.1,0.1,0.1,0.1,0.1,0.1,0.2,0.2,0.3,0.3,0.3,0.4,0.1,0.1,0.1,0.1,0.1,0.2,0.2,0.2,0.2,0.2,0.2,0.2,0.3,0.3,0.3,0.3,0.3,0.3,0.3,0.3,0.3,0.4,0.4,0.4,0.4,0.4,0.4,0.4,12.100000000000005,0.20166666666666674
1210,20:10,20,10,1210,0.1,0.1,0.1,0.1,0.1,0.3,0.4,0.2,0.3,0.3,0.4,0.1,0.1,0.1,0.1,0.1,0.1,0.2,0.2,0.3,0.3,0.3,0.4,0.1,0.1,0.1,0.1,0.1,0.2,0.2,0.2,0.2,0.2,0.2,0.2,0.3,0.3,0.3,0.3,0.3,0.3,0.3,0.3,0.3,0.4,0.4,0.4,0.4,0.4,0.4,0.4,12.100000000000005,0.20166666666666674
1211,20:11,20,11,1211,0.1,0.1,0.1,0.1,0.1,0.3,0.4,0.2,0.3,0.3,0.4,0.1,0.1,0.1,0.1,0.1,0.1,0.2,0.2,0.3,0.3,0.3,0.4,0.1,0.1,0.1,0.1,0.1,0.2,0.2,0.2,0.2,0.2,0.2,0.2,0.3,0.3,0.3,0.3,0.3,0.3,0.3,0.3,0.3,0.4,0.4,0.4,0.4,0.4,0.4,0.4,12.100000000000005,0.20166666666666674
1212,20:12,20,12,1212,0.1,0.1,0.1,0.1,0.1,0.3,0.4,0.2,0.3,0.3,0.4,0.1,0.1,0.1,0.1,0.1,0.1,0.2,0.2,0.3,0.3,0.3,0.4,0.1,0.1,0.1,0.1,0.1,0.2,0.2,0.2,0.2,0.2,0.2,0.2,0.3,0.3,0.3,0.3,0.3,0.3,0.3,0.3,0.3,0.4,0.4,0.4,0.4,0.4,0.4,0.4,12.100000000000005,0.20166666666666674
1213,20:13,20,13,1213,0.1,0.1,0.1,0.1,0.1,0.3,0.4,0.2,0.3,0.3,0.4,0.1,0.1,0.1,0.1,0.1,0.1,0.2,0.2,0.3,0.3,0.3,0.4,0.1,0.1,0.1,0.1,0.1,0.2,0.2,0.2,0.2,0.2,0.2,0.2,0.3,0.3,0.3,0.3,0.3,0.3,0.3,0.3,0.3,0.4,0.4,0.4,0.4,0.4,0.4,0.4,12.100000000000005,0.20166666666666674
1214,20:14,20,14,1214,0.1,0.1,0.1,0.1,0.1,0.3,0.4,0.2,0.3,0.3,0.4,0.1,0.1,0.1,0.1,0.1,0.1,0.2,0.2,0.3,0.3,0.3,0.4,0.1,0.1,0.1,0.1,0.1,0.2,0.2,0.2,0.2,0.2,0.2,0.2,0.3,0.3,0.3,0.3,0.3,0.3,0.3,0.3,0.3,0.4,0.4,0.4,0.4,0.4,0.4,0.4,12.100000000000005,0.20166666666666674
1215,20:15,20,15,1215,0.1,0.1,0.1,0.1,0.1,0.3,0.4,0.2,0.3,0.3,0.4,0.1,0.1,0.1,0.1,0.1,0.1,0.2,0.2,0.3,0.3,0.3,0.4,0.1,0.1,0.1,0.1,0.1,0.2,0.2,0.2,0.2,0.2,0.2,0.2,0.3,0.3,0.3,0.3,0.3,0.3,0.3,0.3,0.3,0.4,0.4,0.4,0.4,0.4,0.4,0.4,12.100000000000005,0.20166666666666674
1216,20:16,20,16,1216,0.1,0.1,0.1,0.1,0.1,0.3,0.4,0.2,0.3,0.3,0.4,0.1,0.1,0.1,0.1,0.1,0.1,0.2,0.2,0.3,0.3,0.3,0.4,0.1,0.1,0.1,0.1,0.1,0.2,0.2,0.2,0.2,0.2,0.2,0.2,0.3,0.3,0.3,0.3,0.3,0.3,0.3,0.3,0.3,0.4,0.4,0.4,0.4,0.4,0.4,0.4,12.100000000000005,0.20166666666666674
1217,20:17,20,17,1217,0.1,0.1,0.1,0.1,0.1,0.3,0.4,0.2,0.3,0.3,0.4,0.1,0.1,0.1,0.1,0.1,0.1,0.2,0.2,0.3,0.3,0.3,0.4,0.1,0.1,0.1,0.1,0.1,0.2,0.2,0.2,0.2,0.2,0.2,0.2,0.3,0.3,0.3,0.3,0.3,0.3,0.3,0.3,0.3,0.4,0.4,0.4,0.4,0.4,0.4,0.4,12.100000000000005,0.20166666666666674
1218,20:18,20,18,1218,0.1,0.1,0.1,0.1,0.1,0.3,0.4,0.2,0.3,0.3,0.4,0.1,0.1,0.1,0.1,0.1,0.1,0.2,0.2,0.3,0.3,0.3,0.4,0.1,0.1,0.1,0.1,0.1,0.2,0.2,0.2,0.2,0.2,0.2,0.2,0.3,0.3,0.3,0.3,0.3,0.3,0.3,0.3,0.3,0.4,0.4,0.4,0.4,0.4,0.4,0.4,12.100000000000005,0.20166666666666674
1219,20:19,20,19,1219,0.1,0.1,0.1,0.1,0.1,0.3,0.4,0.2,0.3,0.3,0.4,0.1,0.1,0.1,0.1,0.1,0.1,0.2,0.2,0.3,0.3,0.3,0.4,0.1,0.1,0.1,0.1,0.1,0.2,0.2,0.2,0.2,0.2,0.2,0.2,0.3,0.3,0.3,0.3,0.3,0.3,0.3,0.3,0.3,0.4,0.4,0.4,0.4,0.4,0.4,0.4,12.100000000000005,0.20166666666666674
1220,20:20,20,20,1220,0.1,0.1,0.1,0.1,0.1,0.3,0.4,0.2,0.3,0.3,0.4,0.1,0.1,0.1,0.1,0.1,0.1,0.2,0.2,0.3,0.3,0.3,0.4,0.1,0.1,0.1,0.1,0.1,0.2,0.2,0.2,0.2,0.2,0.2,0.2,0.3,0.3,0.3,0.3,0.3,0.3,0.3,0.3,0.3,0.4,0.4,0.4,0.4,0.4,0.4,0.4,12.100000000000005,0.20166666666666674
1221,20:21,20,21,1221,0.1,0.1,0.1,0.1,0.1,0.3,0.4,0.2,0.3,0.3,0.4,0.1,0.1,0.1,0.1,0.1,0.1,0.2,0.2,0.3,0.3,0.3,0.4,0.1,0.1,0.1,0.1,0.1,0.2,0.2,0.2,0.2,0.2,0.2,0.2,0.3,0.3,0.3,0.3,0.3,0.3,0.3,0.3,0.3,0.4,0.4,0.4,0.4,0.4,0.4,0.4,12.100000000000005,0.20166666666666674
1222,20:22,20,22,1222,0.1,0.1,0.1,0.1,0.1,0.3,0.4,0.2,0.3,0.3,0.4,0.1,0.1,0.1,0.1,0.1,0.1,0.2,0.2,0.3,0.3,0.3,0.4,0.1,0.1,0.1,0.1,0.1,0.2,0.2,0.2,0.2,0.2,0.2,0.2,0.3,0.3,0.3,0.3,0.3,0.3,0.3,0.3,0.3,0.4,0.4,0.4,0.4,0.4,0.4,0.4,12.100000000000005,0.20166666666666674
1223,20:23,20,23,1223,0.1,0.1,0.1,0.1,0.1,0.3,0.4,0.2,0.3,0.3,0.4,0.1,0.1,0.1,0.1,0.1,0.1,0.2,0.2,0.3,0.3,0.3,0.4,0.1,0.1,0.1,0.1,0.1,0.2,0.2,0.2,0.2,0.2,0.2,0.2,0.3,0.3,0.3,0.3,0.3,0.3,0.3,0.3,0.3,0.4,0.4,0.4,0.4,0.4,0.4,0.4,12.100000000000005,0.20166666666666674
1224,20:24,20,24,1224,0.1,0.1,0.1,0.1,0.1,0.3,0.4,0.2,0.3,0.3,0.4,0.1,0.1,0.1,0.1,0.1,0.1,0.2,0.2,0.3,0.3,0.3,0.4,0.1,0.1,0.1,0.1,0.1,0.2,0.2,0.2,0.2,0.2,0.2,0.2,0.3,0.3,0.3,0.3,0.3,0.3,0.3,0.3,0.3,0.4,0.4,0.4,0.4,0.4,0.4,0.4,12.100000000000005,0.20166666666666674
1225,20:25,20,25,1225,0.1,0.1,0.1,0.1,0.1,0.3,0.4,0.2,0.3,0.3,0.4,0.1,0.1,0.1,0.1,0.1,0.1,0.2,0.2,0.3,0.3,0.3,0.4,0.1,0.1,0.1,0.1,0.1,0.2,0.2,0.2,0.2,0.2,0.2,0.2,0.3,0.3,0.3,0.3,0.3,0.3,0.3,0.3,0.3,0.4,0.4,0.4,0.4,0.4,0.4,0.4,12.100000000000005,0.20166666666666674
1226,20:26,20,26,1226,0.1,0.1,0.1,0.1,0.1,0.3,0.4,0.2,0.3,0.3,0.4,0.1,0.1,0.1,0.1,0.1,0.1,0.2,0.2,0.3,0.3,0.3,0.4,0.1,0.1,0.1,0.1,0.1,0.2,0.2,0.2,0.2,0.2,0.2,0.2,0.3,0.3,0.3,0.3,0.3,0.3,0.3,0.3,0.3,0.4,0.4,0.4,0.4,0.4,0.4,0.4,12.100000000000005,0.20166666666666674
1227,20:27,20,27,1227,0.1,0.1,0.1,0.1,0.1,0.3,0.4,0.2,0.3,0.3,0.4,0.1,0.1,0.1,0.1,0.1,0.1,0.2,0.2,0.3,0.3,0.3,0.4,0.1,0.1,0.1,0.1,0.1,0.2,0.2,0.2,0.2,0.2,0.2,0.2,0.3,0.3,0.3,0.3,0.3,0.3,0.3,0.3,0.3,0.4,0.4,0.4,0.4,0.4,0.4,0.4,12.100000000000005,0.20166666666666674
1228,20:28,20,28,1228,0.1,0.1,0.1,0.1,0.1,0.3,0.4,0.2,0.3,0.3,0.4,0.1,0.1,0.1,0.1,0.1,0.1,0.2,0.2,0.3,0.3,0.3,0.4,0.1,0.1,0.1,0.1,0.1,0.2,0.2,0.2,0.2,0.2,0.2,0.2,0.3,0.3,0.3,0.3,0.3,0.3,0.3,0.3,0.3,0.4,0.4,0.4,0.4,0.4,0.4,0.4,12.100000000000005,0.20166666666666674
1229,20:29,20,29,1229,0.1,0.1,0.1,0.1,0.1,0.3,0.4,0.2,0.3,0.3,0.4,0.1,0.1,0.1,0.1,0.1,0.1,0.2,0.2,0.3,0.3,0.3,0.4,0.1,0.1,0.1,0.1,0.1,0.2,0.2,0.2,0.2,0.2,0.2,0.2,0.3,0.3,0.3,0.3,0.3,0.3,0.3,0.3,0.3,0.4,0.4,0.4,0.4,0.4,0.4,0.4,12.100000000000005,0.20166666666666674
1230,20:30,20,30,1230,0.1,0.1,0.1,0.1,0.1,0.3,0.4,0.2,0.3,0.3,0.4,0.1,0.1,0.1,0.1,0.1,0.1,0.2,0.2,0.3,0.3,0.3,0.4,0.1,0.1,0.1,0.1,0.1,0.2,0.2,0.2,0.2,0.2,0.2,0.2,0.3,0.3,0.3,0.3,0.3,0.3,0.3,0.3,0.3,0.4,0.4,0.4,0.4,0.4,0.4,0.4,12.100000000000005,0.20166666666666674
1231,20:31,20,31,1231,0.1,0.1,0.1,0.1,0.1,0.3,0.4,0.2,0.3,0.3,0.4,0.1,0.1,0.1,0.1,0.1,0.1,0.2,0.2,0.3,0.3,0.3,0.4,0.1,0.1,0.1,0.1,0.1,0.2,0.2,0.2,0.2,0.2,0.2,0.2,0.3,0.3,0.3,0.3,0.3,0.3,0.3,0.3,0.3,0.4,0.4,0.4,0.4,0.4,0.4,0.4,12.100000000000005,0.20166666666666674
1232,20:32,20,32,1232,0.1,0.1,0.1,0.1,0.1,0.3,0.4,0.2,0.3,0.3,0.4,0.1,0.1,0.1,0.1,0.1,0.1,0.2,0.2,0.3,0.3,0.3,0.4,0.1,0.1,0.1,0.1,0.1,0.2,0.2,0.2,0.2,0.2,0.2,0.2,0.3,0.3,0.3,0.3,0.3,0.3,0.3,0.3,0.3,0.4,0.4,0.4,0.4,0.4,0.4,0.4,12.100000000000005,0.20166666666666674
1233,20:33,20,33,1233,0.1,0.1,0.1,0.1,0.1,0.3,0.4,0.2,0.3,0.3,0.4,0.1,0.1,0.1,0.1,0.1,0.1,0.2,0.2,0.3,0.3,0.3,0.4,0.1,0.1,0.1,0.1,0.1,0.2,0.2,0.2,0.2,0.2,0.2,0.2,0.3,0.3,0.3,0.3,0.3,0.3,0.3,0.3,0.3,0.4,0.4,0.4,0.4,0.4,0.4,0.4,12.100000000000005,0.20166666666666674
1234,20:34,20,34,1234,0.1,0.1,0.1,0.1,0.1,0.3,0.4,0.2,0.3,0.3,0.4,0.1,0.1,0.1,0.1,0.1,0.1,0.2,0.2,0.3,0.3,0.3,0.4,0.1,0.1,0.1,0.1,0.1,0.2,0.2,0.2,0.2,0.2,0.2,0.2,0.3,0.3,0.3,0.3,0.3,0.3,0.3,0.3,0.3,0.4,0.4,0.4,0.4,0.4,0.4,0.4,12.100000000000005,0.20166666666666674
1235,20:35,20,35,1235,0.1,0.1,0.1,0.1,0.1,0.3,0.4,0.2,0.3,0.3,0.4,0.1,0.1,0.1,0.1,0.1,0.1,0.2,0.2,0.3,0.3,0.3,0.4,0.1,0.1,0.1,0.1,0.1,0.2,0.2,0.2,0.2,0.2,0.2,0.2,0.3,0.3,0.3,0.3,0.3,0.3,0.3,0.3,0.3,0.4,0.4,0.4,0.4,0.4,0.4,0.4,12.100000000000005,0.20166666666666674
1236,20:36,20,36,1236,0.1,0.1,0.1,0.1,0.1,0.3,0.4,0.2,0.3,0.3,0.4,0.1,0.1,0.1,0.1,0.1,0.1,0.2,0.2,0.3,0.3,0.3,0.4,0.1,0.1,0.1,0.1,0.1,0.2,0.2,0.2,0.2,0.2,0.2,0.2,0.3,0.3,0.3,0.3,0.3,0.3,0.3,0.3,0.3,0.4,0.4,0.4,0.4,0.4,0.4,0.4,12.100000000000005,0.20166666666666674
1237,20:37,20,37,1237,0.1,0.1,0.1,0.1,0.1,0.3,0.4,0.2,0.3,0.3,0.4,0.1,0.1,0.1,0.1,0.1,0.1,0.2,0.2,0.3,0.3,0.3,0.4,0.1,0.1,0.1,0.1,0.1,0.2,0.2,0.2,0.2,0.2,0.2,0.2,0.3,0.3,0.3,0.3,0.3,0.3,0.3,0.3,0.3,0.4,0.4,0.4,0.4,0.4,0.4,0.4,12.100000000000005,0.20166666666666674
1238,20:38,20,38,1238,0.1,0.1,0.1,0.1,0.1,0.3,0.4,0.2,0.3,0.3,0.4,0.1,0.1,0.1,0.1,0.1,0.1,0.2,0.2,0.3,0.3,0.3,0.4,0.1,0.1,0.1,0.1,0.1,0.2,0.2,0.2,0.2,0.2,0.2,0.2,0.3,0.3,0.3,0.3,0.3,0.3,0.3,0.3,0.3,0.4,0.4,0.4,0.4,0.4,0.4,0.4,12.100000000000005,0.20166666666666674
1239,20:39,20,39,1239,0.1,0.1,0.1,0.1,0.1,0.3,0.4,0.2,0.3,0.3,0.4,0.1,0.1,0.1,0.1,0.1,0.1,0.2,0.2,0.3,0.3,0.3,0.4,0.1,0.1,0.1,0.1,0.1,0.2,0.2,0.2,0.2,0.2,0.2,0.2,0.3,0.3,0.3,0.3,0.3,0.3,0.3,0.3,0.3,0.4,0.4,0.4,0.4,0.4,0.4,0.4,12.100000000000005,0.20166666666666674
1240,20:40,20,40,1240,0.1,0.1,0.1,0.1,0.1,0.3,0.4,0.2,0.3,0.3,0.4,0.1,0.1,0.1,0.1,0.1,0.1,0.2,0.2,0.3,0.3,0.3,0.4,0.1,0.1,0.1,0.1,0.1,0.2,0.2,0.2,0.2,0.2,0.2,0.2,0.3,0.3,0.3,0.3,0.3,0.3,0.3,0.3,0.3,0.4,0.4,0.4,0.4,0.4,0.4,0.4,12.100000000000005,0.20166666666666674
1241,20:41,20,41,1241,0.1,0.1,0.1,0.1,0.1,0.3,0.4,0.2,0.3,0.3,0.4,0.1,0.1,0.1,0.1,0.1,0.1,0.2,0.2,0.3,0.3,0.3,0.4,0.1,0.1,0.1,0.1,0.1,0.2,0.2,0.2,0.2,0.2,0.2,0.2,0.3,0.3,0.3,0.3,0.3,0.3,0.3,0.3,0.3,0.4,0.4,0.4,0.4,0.4,0.4,0.4,12.100000000000005,0.20166666666666674
1242,20:42,20,42,1242,0.1,0.1,0.1,0.1,0.1,0.3,0.4,0.2,0.3,0.3,0.4,0.1,0.1,0.1,0.1,0.1,0.1,0.2,0.2,0.3,0.3,0.3,0.4,0.1,0.1,0.1,0.1,0.1,0.2,0.2,0.2,0.2,0.2,0.2,0.2,0.3,0.3,0.3,0.3,0.3,0.3,0.3,0.3,0.3,0.4,0.4,0.4,0.4,0.4,0.4,0.4,12.100000000000005,0.20166666666666674
1243,20:43,20,43,1243,0.1,0.1,0.1,0.1,0.1,0.3,0.4,0.2,0.3,0.3,0.4,0.1,0.1,0.1,0.1,0.1,0.1,0.2,0.2,0.3,0.3,0.3,0.4,0.1,0.1,0.1,0.1,0.1,0.2,0.2,0.2,0.2,0.2,0.2,0.2,0.3,0.3,0.3,0.3,0.3,0.3,0.3,0.3,0.3,0.4,0.4,0.4,0.4,0.4,0.4,0.4,12.100000000000005,0.20166666666666674
1244,20:44,20,44,1244,0.1,0.1,0.1,0.1,0.1,0.3,0.4,0.2,0.3,0.3,0.4,0.1,0.1,0.1,0.1,0.1,0.1,0.2,0.2,0.3,0.3,0.3,0.4,0.1,0.1,0.1,0.1,0.1,0.2,0.2,0.2,0.2,0.2,0.2,0.2,0.3,0.3,0.3,0.3,0.3,0.3,0.3,0.3,0.3,0.4,0.4,0.4,0.4,0.4,0.4,0.4,12.100000000000005,0.20166666666666674
1245,20:45,20,45,1245,0.1,0.1,0.1,0.1,0.1,0.3,0.4,0.2,0.3,0.3,0.4,0.1,0.1,0.1,0.1,0.1,0.1,0.2,0.2,0.3,0.3,0.3,0.4,0.1,0.1,0.1,0.1,0.1,0.2,0.2,0.2,0.2,0.2,0.2,0.2,0.3,0.3,0.3,0.3,0.3,0.3,0.3,0.3,0.3,0.4,0.4,0.4,0.4,0.4,0.4,0.4,12.100000000000005,0.20166666666666674
1246,20:46,20,46,1246,0.1,0.1,0.1,0.1,0.1,0.3,0.4,0.2,0.3,0.3,0.4,0.1,0.1,0.1,0.1,0.1,0.1,0.2,0.2,0.3,0.3,0.3,0.4,0.1,0.1,0.1,0.1,0.1,0.2,0.2,0.2,0.2,0.2,0.2,0.2,0.3,0.3,0.3,0.3,0.3,0.3,0.3,0.3,0.3,0.4,0.4,0.4,0.4,0.4,0.4,0.4,12.100000000000005,0.20166666666666674
1247,20:47,20,47,1247,0.1,0.1,0.1,0.1,0.1,0.3,0.4,0.2,0.3,0.3,0.4,0.1,0.1,0.1,0.1,0.1,0.1,0.2,0.2,0.3,0.3,0.3,0.4,0.1,0.1,0.1,0.1,0.1,0.2,0.2,0.2,0.2,0.2,0.2,0.2,0.3,0.3,0.3,0.3,0.3,0.3,0.3,0.3,0.3,0.4,0.4,0.4,0.4,0.4,0.4,0.4,12.100000000000005,0.20166666666666674
1248,20:48,20,48,1248,0.1,0.1,0.1,0.1,0.1,0.3,0.4,0.2,0.3,0.3,0.4,0.1,0.1,0.1,0.1,0.1,0.1,0.2,0.2,0.3,0.3,0.3,0.4,0.1,0.1,0.1,0.1,0.1,0.2,0.2,0.2,0.2,0.2,0.2,0.2,0.3,0.3,0.3,0.3,0.3,0.3,0.3,0.3,0.3,0.4,0.4,0.4,0.4,0.4,0.4,0.4,12.100000000000005,0.20166666666666674
1249,20:49,20,49,1249,0.1,0.1,0.1,0.1,0.1,0.3,0.4,0.2,0.3,0.3,0.4,0.1,0.1,0.1,0.1,0.1,0.1,0.2,0.2,0.3,0.3,0.3,0.4,0.1,0.1,0.1,0.1,0.1,0.2,0.2,0.2,0.2,0.2,0.2,0.2,0.3,0.3,0.3,0.3,0.3,0.3,0.3,0.3,0.3,0.4,0.4,0.4,0.4,0.4,0.4,0.4,12.100000000000005,0.20166666666666674
1250,20:50,20,50,1250,0.1,0.1,0.1,0.1,0.1,0.3,0.4,0.2,0.3,0.3,0.4,0.1,0.1,0.1,0.1,0.1,0.1,0.2,0.2,0.3,0.3,0.3,0.4,0.1,0.1,0.1,0.1,0.1,0.2,0.2,0.2,0.2,0.2,0.2,0.2,0.3,0.3,0.3,0.3,0.3,0.3,0.3,0.3,0.3,0.4,0.4,0.4,0.4,0.4,0.4,0.4,12.100000000000005,0.20166666666666674
1251,20:51,20,51,1251,0.1,0.1,0.1,0.1,0.1,0.3,0.4,0.2,0.3,0.3,0.4,0.1,0.1,0.1,0.1,0.1,0.1,0.2,0.2,0.3,0.3,0.3,0.4,0.1,0.1,0.1,0.1,0.1,0.2,0.2,0.2,0.2,0.2,0.2,0.2,0.3,0.3,0.3,0.3,0.3,0.3,0.3,0.3,0.3,0.4,0.4,0.4,0.4,0.4,0.4,0.4,12.100000000000005,0.20166666666666674
1252,20:52,20,52,1252,0.1,0.1,0.1,0.1,0.1,0.3,0.4,0.2,0.3,0.3,0.4,0.1,0.1,0.1,0.1,0.1,0.1,0.2,0.2,0.3,0.3,0.3,0.4,0.1,0.1,0.1,0.1,0.1,0.2,0.2,0.2,0.2,0.2,0.2,0.2,0.3,0.3,0.3,0.3,0.3,0.3,0.3,0.3,0.3,0.4,0.4,0.4,0.4,0.4,0.4,0.4,12.100000000000005,0.20166666666666674
1253,20:53,20,53,1253,0.1,0.1,0.1,0.1,0.1,0.3,0.4,0.2,0.3,0.3,0.4,0.1,0.1,0.1,0.1,0.1,0.1,0.2,0.2,0.3,0.3,0.3,0.4,0.1,0.1,0.1,0.1,0.1,0.2,0.2,0.2,0.2,0.2,0.2,0.2,0.3,0.3,0.3,0.3,0.3,0.3,0.3,0.3,0.3,0.4,0.4,0.4,0.4,0.4,0.4,0.4,12.100000000000005,0.20166666666666674
1254,20:54,20,54,1254,0.1,0.1,0.1,0.1,0.1,0.3,0.4,0.2,0.3,0.3,0.4,0.1,0.1,0.1,0.1,0.1,0.1,0.2,0.2,0.3,0.3,0.3,0.4,0.1,0.1,0.1,0.1,0.1,0.2,0.2,0.2,0.2,0.2,0.2,0.2,0.3,0.3,0.3,0.3,0.3,0.3,0.3,0.3,0.3,0.4,0.4,0.4,0.4,0.4,0.4,0.4,12.100000000000005,0.20166666666666674
1255,20:55,20,55,1255,0.1,0.1,0.1,0.1,0.1,0.3,0.4,0.2,0.3,0.3,0.4,0.1,0.1,0.1,0.1,0.1,0.1,0.2,0.2,0.3,0.3,0.3,0.4,0.1,0.1,0.1,0.1,0.1,0.2,0.2,0.2,0.2,0.2,0.2,0.2,0.3,0.3,0.3,0.3,0.3,0.3,0.3,0.3,0.3,0.4,0.4,0.4,0.4,0.4,0.4,0.4,12.100000000000005,0.20166666666666674
1256,20:56,20,56,1256,0.1,0.1,0.1,0.1,0.1,0.3,0.4,0.2,0.3,0.3,0.4,0.1,0.1,0.1,0.1,0.1,0.1,0.2,0.2,0.3,0.3,0.3,0.4,0.1,0.1,0.1,0.1,0.1,0.2,0.2,0.2,0.2,0.2,0.2,0.2,0.3,0.3,0.3,0.3,0.3,0.3,0.3,0.3,0.3,0.4,0.4,0.4,0.4,0.4,0.4,0.4,12.100000000000005,0.20166666666666674
1257,20:57,20,57,1257,0.1,0.1,0.1,0.1,0.1,0.3,0.4,0.2,0.3,0.3,0.4,0.1,0.1,0.1,0.1,0.1,0.1,0.2,0.2,0.3,0.3,0.3,0.4,0.1,0.1,0.1,0.1,0.1,0.2,0.2,0.2,0.2,0.2,0.2,0.2,0.3,0.3,0.3,0.3,0.3,0.3,0.3,0.3,0.3,0.4,0.4,0.4,0.4,0.4,0.4,0.4,12.100000000000005,0.20166666666666674
1258,20:58,20,58,1258,0.1,0.1,0.1,0.1,0.1,0.3,0.4,0.2,0.3,0.3,0.4,0.1,0.1,0.1,0.1,0.1,0.1,0.2,0.2,0.3,0.3,0.3,0.4,0.1,0.1,0.1,0.1,0.1,0.2,0.2,0.2,0.2,0.2,0.2,0.2,0.3,0.3,0.3,0.3,0.3,0.3,0.3,0.3,0.3,0.4,0.4,0.4,0.4,0.4,0.4,0.4,12.100000000000005,0.20166666666666674
1259,20:59,20,59,1259,0.1,0.1,0.1,0.1,0.1,0.3,0.4,0.2,0.3,0.3,0.4,0.1,0.1,0.1,0.1,0.1,0.1,0.2,0.2,0.3,0.3,0.3,0.4,0.1,0.1,0.1,0.1,0.1,0.2,0.2,0.2,0.2,0.2,0.2,0.2,0.3,0.3,0.3,0.3,0.3,0.3,0.3,0.3,0.3,0.4,0.4,0.4,0.4,0.4,0.4,0.4,12.100000000000005,0.20166666666666674
1260,21:00,21,0,1260,0.1,0.1,0.1,0.1,0.1,0.3,0.4,0.2,0.3,0.3,0.4,0.1,0.1,0.1,0.1,0.1,0.1,0.2,0.2,0.3,0.3,0.3,0.4,0.1,0.1,0.1,0.1,0.1,0.2,0.2,0.2,0.2,0.2,0.2,0.2,0.3,0.3,0.3,0.3,0.3,0.3,0.3,0.3,0.3,0.4,0.4,0.4,0.4,0.4,0.4,0.4,12.100000000000005,0.20166666666666674
1261,21:01,21,1,1261,0.1,0.1,0.1,0.1,0.1,0.3,0.4,0.2,0.3,0.3,0.4,0.1,0.1,0.1,0.1,0.1,0.1,0.2,0.2,0.3,0.3,0.3,0.4,0.1,0.1,0.1,0.1,0.1,0.2,0.2,0.2,0.2,0.2,0.2,0.2,0.3,0.3,0.3,0.3,0.3,0.3,0.3,0.3,0.3,0.4,0.4,0.4,0.4,0.4,0.4,0.4,12.100000000000005,0.20166666666666674
1262,21:02,21,2,1262,0.1,0.1,0.1,0.1,0.1,0.3,0.4,0.2,0.3,0.3,0.4,0.1,0.1,0.1,0.1,0.1,0.1,0.2,0.2,0.3,0.3,0.3,0.4,0.1,0.1,0.1,0.1,0.1,0.2,0.2,0.2,0.2,0.2,0.2,0.2,0.3,0.3,0.3,0.3,0.3,0.3,0.3,0.3,0.3,0.4,0.4,0.4,0.4,0.4,0.4,0.4,12.100000000000005,0.20166666666666674
1263,21:03,21,3,1263,0.1,0.1,0.1,0.1,0.1,0.3,0.4,0.2,0.3,0.3,0.4,0.1,0.1,0.1,0.1,0.1,0.1,0.2,0.2,0.3,0.3,0.3,0.4,0.1,0.1,0.1,0.1,0.1,0.2,0.2,0.2,0.2,0.2,0.2,0.2,0.3,0.3,0.3,0.3,0.3,0.3,0.3,0.3,0.3,0.4,0.4,0.4,0.4,0.4,0.4,0.4,12.100000000000005,0.20166666666666674
1264,21:04,21,4,1264,0.1,0.1,0.1,0.1,0.1,0.3,0.4,0.2,0.3,0.3,0.4,0.1,0.1,0.1,0.1,0.1,0.1,0.2,0.2,0.3,0.3,0.3,0.4,0.1,0.1,0.1,0.1,0.1,0.2,0.2,0.2,0.2,0.2,0.2,0.2,0.3,0.3,0.3,0.3,0.3,0.3,0.3,0.3,0.3,0.4,0.4,0.4,0.4,0.4,0.4,0.4,12.100000000000005,0.20166666666666674
1265,21:05,21,5,1265,0.1,0.1,0.1,0.1,0.1,0.3,0.4,0.2,0.3,0.3,0.4,0.1,0.1,0.1,0.1,0.1,0.1,0.2,0.2,0.3,0.3,0.3,0.4,0.1,0.1,0.1,0.1,0.1,0.2,0.2,0.2,0.2,0.2,0.2,0.2,0.3,0.3,0.3,0.3,0.3,0.3,0.3,0.3,0.3,0.4,0.4,0.4,0.4,0.4,0.4,0.4,12.100000000000005,0.20166666666666674
1266,21:06,21,6,1266,0.1,0.1,0.1,0.1,0.1,0.3,0.4,0.2,0.3,0.3,0.4,0.1,0.1,0.1,0.1,0.1,0.1,0.2,0.2,0.3,0.3,0.3,0.4,0.1,0.1,0.1,0.1,0.1,0.2,0.2,0.2,0.2,0.2,0.2,0.2,0.3,0.3,0.3,0.3,0.3,0.3,0.3,0.3,0.3,0.4,0.4,0.4,0.4,0.4,0.4,0.4,12.100000000000005,0.20166666666666674
1267,21:07,21,7,1267,0.1,0.1,0.1,0.1,0.1,0.3,0.4,0.2,0.3,0.3,0.4,0.1,0.1,0.1,0.1,0.1,0.1,0.2,0.2,0.3,0.3,0.3,0.4,0.1,0.1,0.1,0.1,0.1,0.2,0.2,0.2,0.2,0.2,0.2,0.2,0.3,0.3,0.3,0.3,0.3,0.3,0.3,0.3,0.3,0.4,0.4,0.4,0.4,0.4,0.4,0.4,12.100000000000005,0.20166666666666674
1268,21:08,21,8,1268,0.1,0.1,0.1,0.1,0.1,0.3,0.4,0.2,0.3,0.3,0.4,0.1,0.1,0.1,0.1,0.1,0.1,0.2,0.2,0.3,0.3,0.3,0.4,0.1,0.1,0.1,0.1,0.1,0.2,0.2,0.2,0.2,0.2,0.2,0.2,0.3,0.3,0.3,0.3,0.3,0.3,0.3,0.3,0.3,0.4,0.4,0.4,0.4,0.4,0.4,0.4,12.100000000000005,0.20166666666666674
1269,21:09,21,9,1269,0.1,0.1,0.1,0.1,0.1,0.3,0.4,0.2,0.3,0.3,0.4,0.1,0.1,0.1,0.1,0.1,0.1,0.2,0.2,0.3,0.3,0.3,0.4,0.1,0.1,0.1,0.1,0.1,0.2,0.2,0.2,0.2,0.2,0.2,0.2,0.3,0.3,0.3,0.3,0.3,0.3,0.3,0.3,0.3,0.4,0.4,0.4,0.4,0.4,0.4,0.4,12.100000000000005,0.20166666666666674
1270,21:10,21,10,1270,0.1,0.1,0.1,0.1,0.1,0.3,0.4,0.2,0.3,0.3,0.4,0.1,0.1,0.1,0.1,0.1,0.1,0.2,0.2,0.3,0.3,0.3,0.4,0.1,0.1,0.1,0.1,0.1,0.2,0.2,0.2,0.2,0.2,0.2,0.2,0.3,0.3,0.3,0.3,0.3,0.3,0.3,0.3,0.3,0.4,0.4,0.4,0.4,0.4,0.4,0.4,12.100000000000005,0.20166666666666674
1271,21:11,21,11,1271,0.1,0.1,0.1,0.1,0.1,0.3,0.4,0.2,0.3,0.3,0.4,0.1,0.1,0.1,0.1,0.1,0.1,0.2,0.2,0.3,0.3,0.3,0.4,0.1,0.1,0.1,0.1,0.1,0.2,0.2,0.2,0.2,0.2,0.2,0.2,0.3,0.3,0.3,0.3,0.3,0.3,0.3,0.3,0.3,0.4,0.4,0.4,0.4,0.4,0.4,0.4,12.100000000000005,0.20166666666666674
1272,21:12,21,12,1272,0.1,0.1,0.1,0.1,0.1,0.3,0.4,0.2,0.3,0.3,0.4,0.1,0.1,0.1,0.1,0.1,0.1,0.2,0.2,0.3,0.3,0.3,0.4,0.1,0.1,0.1,0.1,0.1,0.2,0.2,0.2,0.2,0.2,0.2,0.2,0.3,0.3,0.3,0.3,0.3,0.3,0.3,0.3,0.3,0.4,0.4,0.4,0.4,0.4,0.4,0.4,12.100000000000005,0.20166666666666674
1273,21:13,21,13,1273,0.1,0.1,0.1,0.1,0.1,0.3,0.4,0.2,0.3,0.3,0.4,0.1,0.1,0.1,0.1,0.1,0.1,0.2,0.2,0.3,0.3,0.3,0.4,0.1,0.1,0.1,0.1,0.1,0.2,0.2,0.2,0.2,0.2,0.2,0.2,0.3,0.3,0.3,0.3,0.3,0.3,0.3,0.3,0.3,0.4,0.4,0.4,0.4,0.4,0.4,0.4,12.100000000000005,0.20166666666666674
1274,21:14,21,14,1274,0.1,0.1,0.1,0.1,0.1,0.3,0.4,0.2,0.3,0.3,0.4,0.1,0.1,0.1,0.1,0.1,0.1,0.2,0.2,0.3,0.3,0.3,0.4,0.1,0.1,0.1,0.1,0.1,0.2,0.2,0.2,0.2,0.2,0.2,0.2,0.3,0.3,0.3,0.3,0.3,0.3,0.3,0.3,0.3,0.4,0.4,0.4,0.4,0.4,0.4,0.4,12.100000000000005,0.20166666666666674
1275,21:15,21,15,1275,0.1,0.1,0.1,0.1,0.1,0.3,0.4,0.2,0.3,0.3,0.4,0.1,0.1,0.1,0.1,0.1,0.1,0.2,0.2,0.3,0.3,0.3,0.4,0.1,0.1,0.1,0.1,0.1,0.2,0.2,0.2,0.2,0.2,0.2,0.2,0.3,0.3,0.3,0.3,0.3,0.3,0.3,0.3,0.3,0.4,0.4,0.4,0.4,0.4,0.4,0.4,12.100000000000005,0.20166666666666674
1276,21:16,21,16,1276,0.1,0.1,0.1,0.1,0.1,0.3,0.4,0.2,0.3,0.3,0.4,0.1,0.1,0.1,0.1,0.1,0.1,0.2,0.2,0.3,0.3,0.3,0.4,0.1,0.1,0.1,0.1,0.1,0.2,0.2,0.2,0.2,0.2,0.2,0.2,0.3,0.3,0.3,0.3,0.3,0.3,0.3,0.3,0.3,0.4,0.4,0.4,0.4,0.4,0.4,0.4,12.100000000000005,0.20166666666666674
1277,21:17,21,17,1277,0.1,0.1,0.1,0.1,0.1,0.3,0.4,0.2,0.3,0.3,0.4,0.1,0.1,0.1,0.1,0.1,0.1,0.2,0.2,0.3,0.3,0.3,0.4,0.1,0.1,0.1,0.1,0.1,0.2,0.2,0.2,0.2,0.2,0.2,0.2,0.3,0.3,0.3,0.3,0.3,0.3,0.3,0.3,0.3,0.4,0.4,0.4,0.4,0.4,0.4,0.4,12.100000000000005,0.20166666666666674
1278,21:18,21,18,1278,0.1,0.1,0.1,0.1,0.1,0.3,0.4,0.2,0.3,0.3,0.4,0.1,0.1,0.1,0.1,0.1,0.1,0.2,0.2,0.3,0.3,0.3,0.4,0.1,0.1,0.1,0.1,0.1,0.2,0.2,0.2,0.2,0.2,0.2,0.2,0.3,0.3,0.3,0.3,0.3,0.3,0.3,0.3,0.3,0.4,0.4,0.4,0.4,0.4,0.4,0.4,12.100000000000005,0.20166666666666674
1279,21:19,21,19,1279,0.1,0.1,0.1,0.1,0.1,0.3,0.4,0.2,0.3,0.3,0.4,0.1,0.1,0.1,0.1,0.1,0.1,0.2,0.2,0.3,0.3,0.3,0.4,0.1,0.1,0.1,0.1,0.1,0.2,0.2,0.2,0.2,0.2,0.2,0.2,0.3,0.3,0.3,0.3,0.3,0.3,0.3,0.3,0.3,0.4,0.4,0.4,0.4,0.4,0.4,0.4,12.100000000000005,0.20166666666666674
1280,21:20,21,20,1280,0.1,0.1,0.1,0.1,0.1,0.3,0.4,0.2,0.3,0.3,0.4,0.1,0.1,0.1,0.1,0.1,0.1,0.2,0.2,0.3,0.3,0.3,0.4,0.1,0.1,0.1,0.1,0.1,0.2,0.2,0.2,0.2,0.2,0.2,0.2,0.3,0.3,0.3,0.3,0.3,0.3,0.3,0.3,0.3,0.4,0.4,0.4,0.4,0.4,0.4,0.4,12.100000000000005,0.20166666666666674
1281,21:21,21,21,1281,0.1,0.1,0.1,0.1,0.1,0.3,0.4,0.2,0.3,0.3,0.4,0.1,0.1,0.1,0.1,0.1,0.1,0.2,0.2,0.3,0.3,0.3,0.4,0.1,0.1,0.1,0.1,0.1,0.2,0.2,0.2,0.2,0.2,0.2,0.2,0.3,0.3,0.3,0.3,0.3,0.3,0.3,0.3,0.3,0.4,0.4,0.4,0.4,0.4,0.4,0.4,12.100000000000005,0.20166666666666674
1282,21:22,21,22,1282,0.1,0.1,0.1,0.1,0.1,0.3,0.4,0.2,0.3,0.3,0.4,0.1,0.1,0.1,0.1,0.1,0.1,0.2,0.2,0.3,0.3,0.3,0.4,0.1,0.1,0.1,0.1,0.1,0.2,0.2,0.2,0.2,0.2,0.2,0.2,0.3,0.3,0.3,0.3,0.3,0.3,0.3,0.3,0.3,0.4,0.4,0.4,0.4,0.4,0.4,0.4,12.100000000000005,0.20166666666666674
1283,21:23,21,23,1283,0.1,0.1,0.1,0.1,0.1,0.3,0.4,0.2,0.3,0.3,0.4,0.1,0.1,0.1,0.1,0.1,0.1,0.2,0.2,0.3,0.3,0.3,0.4,0.1,0.1,0.1,0.1,0.1,0.2,0.2,0.2,0.2,0.2,0.2,0.2,0.3,0.3,0.3,0.3,0.3,0.3,0.3,0.3,0.3,0.4,0.4,0.4,0.4,0.4,0.4,0.4,12.100000000000005,0.20166666666666674
1284,21:24,21,24,1284,0.1,0.1,0.1,0.1,0.1,0.3,0.4,0.2,0.3,0.3,0.4,0.1,0.1,0.1,0.1,0.1,0.1,0.2,0.2,0.3,0.3,0.3,0.4,0.1,0.1,0.1,0.1,0.1,0.2,0.2,0.2,0.2,0.2,0.2,0.2,0.3,0.3,0.3,0.3,0.3,0.3,0.3,0.3,0.3,0.4,0.4,0.4,0.4,0.4,0.4,0.4,12.100000000000005,0.20166666666666674
1285,21:25,21,25,1285,0.1,0.1,0.1,0.1,0.1,0.3,0.4,0.2,0.3,0.3,0.4,0.1,0.1,0.1,0.1,0.1,0.1,0.2,0.2,0.3,0.3,0.3,0.4,0.1,0.1,0.1,0.1,0.1,0.2,0.2,0.2,0.2,0.2,0.2,0.2,0.3,0.3,0.3,0.3,0.3,0.3,0.3,0.3,0.3,0.4,0.4,0.4,0.4,0.4,0.4,0.4,12.100000000000005,0.20166666666666674
1286,21:26,21,26,1286,0.1,0.1,0.1,0.1,0.1,0.3,0.4,0.2,0.3,0.3,0.4,0.1,0.1,0.1,0.1,0.1,0.1,0.2,0.2,0.3,0.3,0.3,0.4,0.1,0.1,0.1,0.1,0.1,0.2,0.2,0.2,0.2,0.2,0.2,0.2,0.3,0.3,0.3,0.3,0.3,0.3,0.3,0.3,0.3,0.4,0.4,0.4,0.4,0.4,0.4,0.4,12.100000000000005,0.20166666666666674
1287,21:27,21,27,1287,0.1,0.1,0.1,0.1,0.1,0.3,0.4,0.2,0.3,0.3,0.4,0.1,0.1,0.1,0.1,0.1,0.1,0.2,0.2,0.3,0.3,0.3,0.4,0.1,0.1,0.1,0.1,0.1,0.2,0.2,0.2,0.2,0.2,0.2,0.2,0.3,0.3,0.3,0.3,0.3,0.3,0.3,0.3,0.3,0.4,0.4,0.4,0.4,0.4,0.4,0.4,12.100000000000005,0.20166666666666674
1288,21:28,21,28,1288,0.1,0.1,0.1,0.1,0.1,0.3,0.4,0.2,0.3,0.3,0.4,0.1,0.1,0.1,0.1,0.1,0.1,0.2,0.2,0.3,0.3,0.3,0.4,0.1,0.1,0.1,0.1,0.1,0.2,0.2,0.2,0.2,0.2,0.2,0.2,0.3,0.3,0.3,0.3,0.3,0.3,0.3,0.3,0.3,0.4,0.4,0.4,0.4,0.4,0.4,0.4,12.100000000000005,0.20166666666666674
1289,21:29,21,29,1289,0.1,0.1,0.1,0.1,0.1,0.3,0.4,0.2,0.3,0.3,0.4,0.1,0.1,0.1,0.1,0.1,0.1,0.2,0.2,0.3,0.3,0.3,0.4,0.1,0.1,0.1,0.1,0.1,0.2,0.2,0.2,0.2,0.2,0.2,0.2,0.3,0.3,0.3,0.3,0.3,0.3,0.3,0.3,0.3,0.4,0.4,0.4,0.4,0.4,0.4,0.4,12.100000000000005,0.20166666666666674
1290,21:30,21,30,1290,0.1,0.1,0.1,0.1,0.1,0.3,0.4,0.2,0.3,0.3,0.4,0.1,0.1,0.1,0.1,0.1,0.1,0.2,0.2,0.3,0.3,0.3,0.4,0.1,0.1,0.1,0.1,0.1,0.2,0.2,0.2,0.2,0.2,0.2,0.2,0.3,0.3,0.3,0.3,0.3,0.3,0.3,0.3,0.3,0.4,0.4,0.4,0.4,0.4,0.4,0.4,12.100000000000005,0.20166666666666674
1291,21:31,21,31,1291,0.1,0.1,0.1,0.1,0.1,0.3,0.4,0.2,0.3,0.3,0.4,0.1,0.1,0.1,0.1,0.1,0.1,0.2,0.2,0.3,0.3,0.3,0.4,0.1,0.1,0.1,0.1,0.1,0.2,0.2,0.2,0.2,0.2,0.2,0.2,0.3,0.3,0.3,0.3,0.3,0.3,0.3,0.3,0.3,0.4,0.4,0.4,0.4,0.4,0.4,0.4,12.100000000000005,0.20166666666666674
1292,21:32,21,32,1292,0.1,0.1,0.1,0.1,0.1,0.3,0.4,0.2,0.3,0.3,0.4,0.1,0.1,0.1,0.1,0.1,0.1,0.2,0.2,0.3,0.3,0.3,0.4,0.1,0.1,0.1,0.1,0.1,0.2,0.2,0.2,0.2,0.2,0.2,0.2,0.3,0.3,0.3,0.3,0.3,0.3,0.3,0.3,0.3,0.4,0.4,0.4,0.4,0.4,0.4,0.4,12.100000000000005,0.20166666666666674
1293,21:33,21,33,1293,0.1,0.1,0.1,0.1,0.1,0.3,0.4,0.2,0.3,0.3,0.4,0.1,0.1,0.1,0.1,0.1,0.1,0.2,0.2,0.3,0.3,0.3,0.4,0.1,0.1,0.1,0.1,0.1,0.2,0.2,0.2,0.2,0.2,0.2,0.2,0.3,0.3,0.3,0.3,0.3,0.3,0.3,0.3,0.3,0.4,0.4,0.4,0.4,0.4,0.4,0.4,12.100000000000005,0.20166666666666674
1294,21:34,21,34,1294,0.1,0.1,0.1,0.1,0.1,0.3,0.4,0.2,0.3,0.3,0.4,0.1,0.1,0.1,0.1,0.1,0.1,0.2,0.2,0.3,0.3,0.3,0.4,0.1,0.1,0.1,0.1,0.1,0.2,0.2,0.2,0.2,0.2,0.2,0.2,0.3,0.3,0.3,0.3,0.3,0.3,0.3,0.3,0.3,0.4,0.4,0.4,0.4,0.4,0.4,0.4,12.100000000000005,0.20166666666666674
1295,21:35,21,35,1295,0.1,0.1,0.1,0.1,0.1,0.3,0.4,0.2,0.3,0.3,0.4,0.1,0.1,0.1,0.1,0.1,0.1,0.2,0.2,0.3,0.3,0.3,0.4,0.1,0.1,0.1,0.1,0.1,0.2,0.2,0.2,0.2,0.2,0.2,0.2,0.3,0.3,0.3,0.3,0.3,0.3,0.3,0.3,0.3,0.4,0.4,0.4,0.4,0.4,0.4,0.4,12.100000000000005,0.20166666666666674
1296,21:36,21,36,1296,0.1,0.1,0.1,0.1,0.1,0.3,0.4,0.2,0.3,0.3,0.4,0.1,0.1,0.1,0.1,0.1,0.1,0.2,0.2,0.3,0.3,0.3,0.4,0.1,0.1,0.1,0.1,0.1,0.2,0.2,0.2,0.2,0.2,0.2,0.2,0.3,0.3,0.3,0.3,0.3,0.3,0.3,0.3,0.3,0.4,0.4,0.4,0.4,0.4,0.4,0.4,12.100000000000005,0.20166666666666674
1297,21:37,21,37,1297,0.1,0.1,0.1,0.1,0.1,0.3,0.4,0.2,0.3,0.3,0.4,0.1,0.1,0.1,0.1,0.1,0.1,0.2,0.2,0.3,0.3,0.3,0.4,0.1,0.1,0.1,0.1,0.1,0.2,0.2,0.2,0.2,0.2,0.2,0.2,0.3,0.3,0.3,0.3,0.3,0.3,0.3,0.3,0.3,0.4,0.4,0.4,0.4,0.4,0.4,0.4,12.100000000000005,0.20166666666666674
1298,21:38,21,38,1298,0.1,0.1,0.1,0.1,0.1,0.3,0.4,0.2,0.3,0.3,0.4,0.1,0.1,0.1,0.1,0.1,0.1,0.2,0.2,0.3,0.3,0.3,0.4,0.1,0.1,0.1,0.1,0.1,0.2,0.2,0.2,0.2,0.2,0.2,0.2,0.3,0.3,0.3,0.3,0.3,0.3,0.3,0.3,0.3,0.4,0.4,0.4,0.4,0.4,0.4,0.4,12.100000000000005,0.20166666666666674
1299,21:39,21,39,1299,0.1,0.1,0.1,0.1,0.1,0.3,0.4,0.2,0.3,0.3,0.4,0.1,0.1,0.1,0.1,0.1,0.1,0.2,0.2,0.3,0.3,0.3,0.4,0.1,0.1,0.1,0.1,0.1,0.2,0.2,0.2,0.2,0.2,0.2,0.2,0.3,0.3,0.3,0.3,0.3,0.3,0.3,0.3,0.3,0.4,0.4,0.4,0.4,0.4,0.4,0.4,12.100000000000005,0.20166666666666674
1300,21:40,21,40,1300,0.1,0.1,0.1,0.1,0.1,0.3,0.4,0.2,0.3,0.3,0.4,0.1,0.1,0.1,0.1,0.1,0.1,0.2,0.2,0.3,0.3,0.3,0.4,0.1,0.1,0.1,0.1,0.1,0.2,0.2,0.2,0.2,0.2,0.2,0.2,0.3,0.3,0.3,0.3,0.3,0.3,0.3,0.3,0.3,0.4,0.4,0.4,0.4,0.4,0.4,0.4,12.100000000000005,0.20166666666666674
1301,21:41,21,41,1301,0.1,0.1,0.1,0.1,0.1,0.3,0.4,0.2,0.3,0.3,0.4,0.1,0.1,0.1,0.1,0.1,0.1,0.2,0.2,0.3,0.3,0.3,0.4,0.1,0.1,0.1,0.1,0.1,0.2,0.2,0.2,0.2,0.2,0.2,0.2,0.3,0.3,0.3,0.3,0.3,0.3,0.3,0.3,0.3,0.4,0.4,0.4,0.4,0.4,0.4,0.4,12.100000000000005,0.20166666666666674
1302,21:42,21,42,1302,0.1,0.1,0.1,0.1,0.1,0.3,0.4,0.2,0.3,0.3,0.4,0.1,0.1,0.1,0.1,0.1,0.1,0.2,0.2,0.3,0.3,0.3,0.4,0.1,0.1,0.1,0.1,0.1,0.2,0.2,0.2,0.2,0.2,0.2,0.2,0.3,0.3,0.3,0.3,0.3,0.3,0.3,0.3,0.3,0.4,0.4,0.4,0.4,0.4,0.4,0.4,12.100000000000005,0.20166666666666674
1303,21:43,21,43,1303,0.1,0.1,0.1,0.1,0.1,0.3,0.4,0.2,0.3,0.3,0.4,0.1,0.1,0.1,0.1,0.1,0.1,0.2,0.2,0.3,0.3,0.3,0.4,0.1,0.1,0.1,0.1,0.1,0.2,0.2,0.2,0.2,0.2,0.2,0.2,0.3,0.3,0.3,0.3,0.3,0.3,0.3,0.3,0.3,0.4,0.4,0.4,0.4,0.4,0.4,0.4,12.100000000000005,0.20166666666666674
1304,21:44,21,44,1304,0.1,0.1,0.1,0.1,0.1,0.3,0.4,0.2,0.3,0.3,0.4,0.1,0.1,0.1,0.1,0.1,0.1,0.2,0.2,0.3,0.3,0.3,0.4,0.1,0.1,0.1,0.1,0.1,0.2,0.2,0.2,0.2,0.2,0.2,0.2,0.3,0.3,0.3,0.3,0.3,0.3,0.3,0.3,0.3,0.4,0.4,0.4,0.4,0.4,0.4,0.4,12.100000000000005,0.20166666666666674
1305,21:45,21,45,1305,0.1,0.1,0.1,0.1,0.1,0.3,0.4,0.2,0.3,0.3,0.4,0.1,0.1,0.1,0.1,0.1,0.1,0.2,0.2,0.3,0.3,0.3,0.4,0.1,0.1,0.1,0.1,0.1,0.2,0.2,0.2,0.2,0.2,0.2,0.2,0.3,0.3,0.3,0.3,0.3,0.3,0.3,0.3,0.3,0.4,0.4,0.4,0.4,0.4,0.4,0.4,12.100000000000005,0.20166666666666674
1306,21:46,21,46,1306,0.1,0.1,0.1,0.1,0.1,0.3,0.4,0.2,0.3,0.3,0.4,0.1,0.1,0.1,0.1,0.1,0.1,0.2,0.2,0.3,0.3,0.3,0.4,0.1,0.1,0.1,0.1,0.1,0.2,0.2,0.2,0.2,0.2,0.2,0.2,0.3,0.3,0.3,0.3,0.3,0.3,0.3,0.3,0.3,0.4,0.4,0.4,0.4,0.4,0.4,0.4,12.100000000000005,0.20166666666666674
1307,21:47,21,47,1307,0.1,0.1,0.1,0.1,0.1,0.3,0.4,0.2,0.3,0.3,0.4,0.1,0.1,0.1,0.1,0.1,0.1,0.2,0.2,0.3,0.3,0.3,0.4,0.1,0.1,0.1,0.1,0.1,0.2,0.2,0.2,0.2,0.2,0.2,0.2,0.3,0.3,0.3,0.3,0.3,0.3,0.3,0.3,0.3,0.4,0.4,0.4,0.4,0.4,0.4,0.4,12.100000000000005,0.20166666666666674
1308,21:48,21,48,1308,0.1,0.1,0.1,0.1,0.1,0.3,0.4,0.2,0.3,0.3,0.4,0.1,0.1,0.1,0.1,0.1,0.1,0.2,0.2,0.3,0.3,0.3,0.4,0.1,0.1,0.1,0.1,0.1,0.2,0.2,0.2,0.2,0.2,0.2,0.2,0.3,0.3,0.3,0.3,0.3,0.3,0.3,0.3,0.3,0.4,0.4,0.4,0.4,0.4,0.4,0.4,12.100000000000005,0.20166666666666674
1309,21:49,21,49,1309,0.1,0.1,0.1,0.1,0.1,0.3,0.4,0.2,0.3,0.3,0.4,0.1,0.1,0.1,0.1,0.1,0.1,0.2,0.2,0.3,0.3,0.3,0.4,0.1,0.1,0.1,0.1,0.1,0.2,0.2,0.2,0.2,0.2,0.2,0.2,0.3,0.3,0.3,0.3,0.3,0.3,0.3,0.3,0.3,0.4,0.4,0.4,0.4,0.4,0.4,0.4,12.100000000000005,0.20166666666666674
1310,21:50,21,50,1310,0.1,0.1,0.1,0.1,0.1,0.3,0.4,0.2,0.3,0.3,0.4,0.1,0.1,0.1,0.1,0.1,0.1,0.2,0.2,0.3,0.3,0.3,0.4,0.1,0.1,0.1,0.1,0.1,0.2,0.2,0.2,0.2,0.2,0.2,0.2,0.3,0.3,0.3,0.3,0.3,0.3,0.3,0.3,0.3,0.4,0.4,0.4,0.4,0.4,0.4,0.4,12.100000000000005,0.20166666666666674
1311,21:51,21,51,1311,0.1,0.1,0.1,0.1,0.1,0.3,0.4,0.2,0.3,0.3,0.4,0.1,0.1,0.1,0.1,0.1,0.1,0.2,0.2,0.3,0.3,0.3,0.4,0.1,0.1,0.1,0.1,0.1,0.2,0.2,0.2,0.2,0.2,0.2,0.2,0.3,0.3,0.3,0.3,0.3,0.3,0.3,0.3,0.3,0.4,0.4,0.4,0.4,0.4,0.4,0.4,12.100000000000005,0.20166666666666674
1312,21:52,21,52,1312,0.1,0.1,0.1,0.1,0.1,0.3,0.4,0.2,0.3,0.3,0.4,0.1,0.1,0.1,0.1,0.1,0.1,0.2,0.2,0.3,0.3,0.3,0.4,0.1,0.1,0.1,0.1,0.1,0.2,0.2,0.2,0.2,0.2,0.2,0.2,0.3,0.3,0.3,0.3,0.3,0.3,0.3,0.3,0.3,0.4,0.4,0.4,0.4,0.4,0.4,0.4,12.100000000000005,0.20166666666666674
1313,21:53,21,53,1313,0.1,0.1,0.1,0.1,0.1,0.3,0.4,0.2,0.3,0.3,0.4,0.1,0.1,0.1,0.1,0.1,0.1,0.2,0.2,0.3,0.3,0.3,0.4,0.1,0.1,0.1,0.1,0.1,0.2,0.2,0.2,0.2,0.2,0.2,0.2,0.3,0.3,0.3,0.3,0.3,0.3,0.3,0.3,0.3,0.4,0.4,0.4,0.4,0.4,0.4,0.4,12.100000000000005,0.20166666666666674
1314,21:54,21,54,1314,0.1,0.1,0.1,0.1,0.1,0.3,0.4,0.2,0.3,0.3,0.4,0.1,0.1,0.1,0.1,0.1,0.1,0.2,0.2,0.3,0.3,0.3,0.4,0.1,0.1,0.1,0.1,0.1,0.2,0.2,0.2,0.2,0.2,0.2,0.2,0.3,0.3,0.3,0.3,0.3,0.3,0.3,0.3,0.3,0.4,0.4,0.4,0.4,0.4,0.4,0.4,12.100000000000005,0.20166666666666674
1315,21:55,21,55,1315,0.1,0.1,0.1,0.1,0.1,0.3,0.4,0.2,0.3,0.3,0.4,0.1,0.1,0.1,0.1,0.1,0.1,0.2,0.2,0.3,0.3,0.3,0.4,0.1,0.1,0.1,0.1,0.1,0.2,0.2,0.2,0.2,0.2,0.2,0.2,0.3,0.3,0.3,0.3,0.3,0.3,0.3,0.3,0.3,0.4,0.4,0.4,0.4,0.4,0.4,0.4,12.100000000000005,0.20166666666666674
1316,21:56,21,56,1316,0.1,0.1,0.1,0.1,0.1,0.3,0.4,0.2,0.3,0.3,0.4,0.1,0.1,0.1,0.1,0.1,0.1,0.2,0.2,0.3,0.3,0.3,0.4,0.1,0.1,0.1,0.1,0.1,0.2,0.2,0.2,0.2,0.2,0.2,0.2,0.3,0.3,0.3,0.3,0.3,0.3,0.3,0.3,0.3,0.4,0.4,0.4,0.4,0.4,0.4,0.4,12.100000000000005,0.20166666666666674
1317,21:57,21,57,1317,0.1,0.1,0.1,0.1,0.1,0.3,0.4,0.2,0.3,0.3,0.4,0.1,0.1,0.1,0.1,0.1,0.1,0.2,0.2,0.3,0.3,0.3,0.4,0.1,0.1,0.1,0.1,0.1,0.2,0.2,0.2,0.2,0.2,0.2,0.2,0.3,0.3,0.3,0.3,0.3,0.3,0.3,0.3,0.3,0.4,0.4,0.4,0.4,0.4,0.4,0.4,12.100000000000005,0.20166666666666674
1318,21:58,21,58,1318,0.1,0.1,0.1,0.1,0.1,0.3,0.4,0.2,0.3,0.3,0.4,0.1,0.1,0.1,0.1,0.1,0.1,0.2,0.2,0.3,0.3,0.3,0.4,0.1,0.1,0.1,0.1,0.1,0.2,0.2,0.2,0.2,0.2,0.2,0.2,0.3,0.3,0.3,0.3,0.3,0.3,0.3,0.3,0.3,0.4,0.4,0.4,0.4,0.4,0.4,0.4,12.100000000000005,0.20166666666666674
1319,21:59,21,59,1319,0.1,0.1,0.1,0.1,0.1,0.3,0.4,0.2,0.3,0.3,0.4,0.1,0.1,0.1,0.1,0.1,0.1,0.2,0.2,0.3,0.3,0.3,0.4,0.1,0.1,0.1,0.1,0.1,0.2,0.2,0.2,0.2,0.2,0.2,0.2,0.3,0.3,0.3,0.3,0.3,0.3,0.3,0.3,0.3,0.4,0.4,0.4,0.4,0.4,0.4,0.4,12.100000000000005,0.20166666666666674
1320,22:00,22,0,1320,0.1,0.1,0.1,0.1,0.1,0.3,0.4,0.2,0.3,0.3,0.4,0.1,0.1,0.1,0.1,0.1,0.1,0.2,0.2,0.3,0.3,0.3,0.4,0.1,0.1,0.1,0.1,0.1,0.2,0.2,0.2,0.2,0.2,0.2,0.2,0.3,0.3,0.3,0.3,0.3,0.3,0.3,0.3,0.3,0.4,0.4,0.4,0.4,0.4,0.4,0.4,12.100000000000005,0.20166666666666674
1321,22:01,22,1,1321,0.1,0.1,0.1,0.1,0.1,0.3,0.4,0.2,0.3,0.3,0.4,0.1,0.1,0.1,0.1,0.1,0.1,0.2,0.2,0.3,0.3,0.3,0.4,0.1,0.1,0.1,0.1,0.1,0.2,0.2,0.2,0.2,0.2,0.2,0.2,0.3,0.3,0.3,0.3,0.3,0.3,0.3,0.3,0.3,0.4,0.4,0.4,0.4,0.4,0.4,0.4,12.100000000000005,0.20166666666666674
1322,22:02,22,2,1322,0.1,0.1,0.1,0.1,0.1,0.3,0.4,0.2,0.3,0.3,0.4,0.1,0.1,0.1,0.1,0.1,0.1,0.2,0.2,0.3,0.3,0.3,0.4,0.1,0.1,0.1,0.1,0.1,0.2,0.2,0.2,0.2,0.2,0.2,0.2,0.3,0.3,0.3,0.3,0.3,0.3,0.3,0.3,0.3,0.4,0.4,0.4,0.4,0.4,0.4,0.4,12.100000000000005,0.20166666666666674
1323,22:03,22,3,1323,0.1,0.1,0.1,0.1,0.1,0.3,0.4,0.2,0.3,0.3,0.4,0.1,0.1,0.1,0.1,0.1,0.1,0.2,0.2,0.3,0.3,0.3,0.4,0.1,0.1,0.1,0.1,0.1,0.2,0.2,0.2,0.2,0.2,0.2,0.2,0.3,0.3,0.3,0.3,0.3,0.3,0.3,0.3,0.3,0.4,0.4,0.4,0.4,0.4,0.4,0.4,12.100000000000005,0.20166666666666674
1324,22:04,22,4,1324,0.1,0.1,0.1,0.1,0.1,0.3,0.4,0.2,0.3,0.3,0.4,0.1,0.1,0.1,0.1,0.1,0.1,0.2,0.2,0.3,0.3,0.3,0.4,0.1,0.1,0.1,0.1,0.1,0.2,0.2,0.2,0.2,0.2,0.2,0.2,0.3,0.3,0.3,0.3,0.3,0.3,0.3,0.3,0.3,0.4,0.4,0.4,0.4,0.4,0.4,0.4,12.100000000000005,0.20166666666666674
1325,22:05,22,5,1325,0.1,0.1,0.1,0.1,0.1,0.3,0.4,0.2,0.3,0.3,0.4,0.1,0.1,0.1,0.1,0.1,0.1,0.2,0.2,0.3,0.3,0.3,0.4,0.1,0.1,0.1,0.1,0.1,0.2,0.2,0.2,0.2,0.2,0.2,0.2,0.3,0.3,0.3,0.3,0.3,0.3,0.3,0.3,0.3,0.4,0.4,0.4,0.4,0.4,0.4,0.4,12.100000000000005,0.20166666666666674
1326,22:06,22,6,1326,0.1,0.1,0.1,0.1,0.1,0.3,0.4,0.2,0.3,0.3,0.4,0.1,0.1,0.1,0.1,0.1,0.1,0.2,0.2,0.3,0.3,0.3,0.4,0.1,0.1,0.1,0.1,0.1,0.2,0.2,0.2,0.2,0.2,0.2,0.2,0.3,0.3,0.3,0.3,0.3,0.3,0.3,0.3,0.3,0.4,0.4,0.4,0.4,0.4,0.4,0.4,12.100000000000005,0.20166666666666674
1327,22:07,22,7,1327,0.1,0.1,0.1,0.1,0.1,0.3,0.4,0.2,0.3,0.3,0.4,0.1,0.1,0.1,0.1,0.1,0.1,0.2,0.2,0.3,0.3,0.3,0.4,0.1,0.1,0.1,0.1,0.1,0.2,0.2,0.2,0.2,0.2,0.2,0.2,0.3,0.3,0.3,0.3,0.3,0.3,0.3,0.3,0.3,0.4,0.4,0.4,0.4,0.4,0.4,0.4,12.100000000000005,0.20166666666666674
1328,22:08,22,8,1328,0.1,0.1,0.1,0.1,0.1,0.3,0.4,0.2,0.3,0.3,0.4,0.1,0.1,0.1,0.1,0.1,0.1,0.2,0.2,0.3,0.3,0.3,0.4,0.1,0.1,0.1,0.1,0.1,0.2,0.2,0.2,0.2,0.2,0.2,0.2,0.3,0.3,0.3,0.3,0.3,0.3,0.3,0.3,0.3,0.4,0.4,0.4,0.4,0.4,0.4,0.4,12.100000000000005,0.20166666666666674
1329,22:09,22,9,1329,0.1,0.1,0.1,0.1,0.1,0.3,0.4,0.2,0.3,0.3,0.4,0.1,0.1,0.1,0.1,0.1,0.1,0.2,0.2,0.3,0.3,0.3,0.4,0.1,0.1,0.1,0.1,0.1,0.2,0.2,0.2,0.2,0.2,0.2,0.2,0.3,0.3,0.3,0.3,0.3,0.3,0.3,0.3,0.3,0.4,0.4,0.4,0.4,0.4,0.4,0.4,12.100000000000005,0.20166666666666674
1330,22:10,22,10,1330,0.1,0.1,0.1,0.1,0.1,0.3,0.4,0.2,0.3,0.3,0.4,0.1,0.1,0.1,0.1,0.1,0.1,0.2,0.2,0.3,0.3,0.3,0.4,0.1,0.1,0.1,0.1,0.1,0.2,0.2,0.2,0.2,0.2,0.2,0.2,0.3,0.3,0.3,0.3,0.3,0.3,0.3,0.3,0.3,0.4,0.4,0.4,0.4,0.4,0.4,0.4,12.100000000000005,0.20166666666666674
1331,22:11,22,11,1331,0.1,0.1,0.1,0.1,0.1,0.3,0.4,0.2,0.3,0.3,0.4,0.1,0.1,0.1,0.1,0.1,0.1,0.2,0.2,0.3,0.3,0.3,0.4,0.1,0.1,0.1,0.1,0.1,0.2,0.2,0.2,0.2,0.2,0.2,0.2,0.3,0.3,0.3,0.3,0.3,0.3,0.3,0.3,0.3,0.4,0.4,0.4,0.4,0.4,0.4,0.4,12.100000000000005,0.20166666666666674
1332,22:12,22,12,1332,0.1,0.1,0.1,0.1,0.1,0.3,0.4,0.2,0.3,0.3,0.4,0.1,0.1,0.1,0.1,0.1,0.1,0.2,0.2,0.3,0.3,0.3,0.4,0.1,0.1,0.1,0.1,0.1,0.2,0.2,0.2,0.2,0.2,0.2,0.2,0.3,0.3,0.3,0.3,0.3,0.3,0.3,0.3,0.3,0.4,0.4,0.4,0.4,0.4,0.4,0.4,12.100000000000005,0.20166666666666674
1333,22:13,22,13,1333,0.1,0.1,0.1,0.1,0.1,0.3,0.4,0.2,0.3,0.3,0.4,0.1,0.1,0.1,0.1,0.1,0.1,0.2,0.2,0.3,0.3,0.3,0.4,0.1,0.1,0.1,0.1,0.1,0.2,0.2,0.2,0.2,0.2,0.2,0.2,0.3,0.3,0.3,0.3,0.3,0.3,0.3,0.3,0.3,0.4,0.4,0.4,0.4,0.4,0.4,0.4,12.100000000000005,0.20166666666666674
1334,22:14,22,14,1334,0.1,0.1,0.1,0.1,0.1,0.3,0.4,0.2,0.3,0.3,0.4,0.1,0.1,0.1,0.1,0.1,0.1,0.2,0.2,0.3,0.3,0.3,0.4,0.1,0.1,0.1,0.1,0.1,0.2,0.2,0.2,0.2,0.2,0.2,0.2,0.3,0.3,0.3,0.3,0.3,0.3,0.3,0.3,0.3,0.4,0.4,0.4,0.4,0.4,0.4,0.4,12.100000000000005,0.20166666666666674
1335,22:15,22,15,1335,0.1,0.1,0.1,0.1,0.1,0.3,0.4,0.2,0.3,0.3,0.4,0.1,0.1,0.1,0.1,0.1,0.1,0.2,0.2,0.3,0.3,0.3,0.4,0.1,0.1,0.1,0.1,0.1,0.2,0.2,0.2,0.2,0.2,0.2,0.2,0.3,0.3,0.3,0.3,0.3,0.3,0.3,0.3,0.3,0.4,0.4,0.4,0.4,0.4,0.4,0.4,12.100000000000005,0.20166666666666674
1336,22:16,22,16,1336,0.1,0.1,0.1,0.1,0.1,0.3,0.4,0.2,0.3,0.3,0.4,0.1,0.1,0.1,0.1,0.1,0.1,0.2,0.2,0.3,0.3,0.3,0.4,0.1,0.1,0.1,0.1,0.1,0.2,0.2,0.2,0.2,0.2,0.2,0.2,0.3,0.3,0.3,0.3,0.3,0.3,0.3,0.3,0.3,0.4,0.4,0.4,0.4,0.4,0.4,0.4,12.100000000000005,0.20166666666666674
1337,22:17,22,17,1337,0.1,0.1,0.1,0.1,0.1,0.3,0.4,0.2,0.3,0.3,0.4,0.1,0.1,0.1,0.1,0.1,0.1,0.2,0.2,0.3,0.3,0.3,0.4,0.1,0.1,0.1,0.1,0.1,0.2,0.2,0.2,0.2,0.2,0.2,0.2,0.3,0.3,0.3,0.3,0.3,0.3,0.3,0.3,0.3,0.4,0.4,0.4,0.4,0.4,0.4,0.4,12.100000000000005,0.20166666666666674
1338,22:18,22,18,1338,0.1,0.1,0.1,0.1,0.1,0.3,0.4,0.2,0.3,0.3,0.4,0.1,0.1,0.1,0.1,0.1,0.1,0.2,0.2,0.3,0.3,0.3,0.4,0.1,0.1,0.1,0.1,0.1,0.2,0.2,0.2,0.2,0.2,0.2,0.2,0.3,0.3,0.3,0.3,0.3,0.3,0.3,0.3,0.3,0.4,0.4,0.4,0.4,0.4,0.4,0.4,12.100000000000005,0.20166666666666674
1339,22:19,22,19,1339,0.1,0.1,0.1,0.1,0.1,0.3,0.4,0.2,0.3,0.3,0.4,0.1,0.1,0.1,0.1,0.1,0.1,0.2,0.2,0.3,0.3,0.3,0.4,0.1,0.1,0.1,0.1,0.1,0.2,0.2,0.2,0.2,0.2,0.2,0.2,0.3,0.3,0.3,0.3,0.3,0.3,0.3,0.3,0.3,0.4,0.4,0.4,0.4,0.4,0.4,0.4,12.100000000000005,0.20166666666666674
1340,22:20,22,20,1340,0.1,0.1,0.1,0.1,0.1,0.3,0.4,0.2,0.3,0.3,0.4,0.1,0.1,0.1,0.1,0.1,0.1,0.2,0.2,0.3,0.3,0.3,0.4,0.1,0.1,0.1,0.1,0.1,0.2,0.2,0.2,0.2,0.2,0.2,0.2,0.3,0.3,0.3,0.3,0.3,0.3,0.3,0.3,0.3,0.4,0.4,0.4,0.4,0.4,0.4,0.4,12.100000000000005,0.20166666666666674
1341,22:21,22,21,1341,0.1,0.1,0.1,0.1,0.1,0.3,0.4,0.2,0.3,0.3,0.4,0.1,0.1,0.1,0.1,0.1,0.1,0.2,0.2,0.3,0.3,0.3,0.4,0.1,0.1,0.1,0.1,0.1,0.2,0.2,0.2,0.2,0.2,0.2,0.2,0.3,0.3,0.3,0.3,0.3,0.3,0.3,0.3,0.3,0.4,0.4,0.4,0.4,0.4,0.4,0.4,12.100000000000005,0.20166666666666674
1342,22:22,22,22,1342,0.1,0.1,0.1,0.1,0.1,0.3,0.4,0.2,0.3,0.3,0.4,0.1,0.1,0.1,0.1,0.1,0.1,0.2,0.2,0.3,0.3,0.3,0.4,0.1,0.1,0.1,0.1,0.1,0.2,0.2,0.2,0.2,0.2,0.2,0.2,0.3,0.3,0.3,0.3,0.3,0.3,0.3,0.3,0.3,0.4,0.4,0.4,0.4,0.4,0.4,0.4,12.100000000000005,0.20166666666666674
1343,22:23,22,23,1343,0.1,0.1,0.1,0.1,0.1,0.3,0.4,0.2,0.3,0.3,0.4,0.1,0.1,0.1,0.1,0.1,0.1,0.2,0.2,0.3,0.3,0.3,0.4,0.1,0.1,0.1,0.1,0.1,0.2,0.2,0.2,0.2,0.2,0.2,0.2,0.3,0.3,0.3,0.3,0.3,0.3,0.3,0.3,0.3,0.4,0.4,0.4,0.4,0.4,0.4,0.4,12.100000000000005,0.20166666666666674
1344,22:24,22,24,1344,0.1,0.1,0.1,0.1,0.1,0.3,0.4,0.2,0.3,0.3,0.4,0.1,0.1,0.1,0.1,0.1,0.1,0.2,0.2,0.3,0.3,0.3,0.4,0.1,0.1,0.1,0.1,0.1,0.2,0.2,0.2,0.2,0.2,0.2,0.2,0.3,0.3,0.3,0.3,0.3,0.3,0.3,0.3,0.3,0.4,0.4,0.4,0.4,0.4,0.4,0.4,12.100000000000005,0.20166666666666674
1345,22:25,22,25,1345,0.1,0.1,0.1,0.1,0.1,0.3,0.4,0.2,0.3,0.3,0.4,0.1,0.1,0.1,0.1,0.1,0.1,0.2,0.2,0.3,0.3,0.3,0.4,0.1,0.1,0.1,0.1,0.1,0.2,0.2,0.2,0.2,0.2,0.2,0.2,0.3,0.3,0.3,0.3,0.3,0.3,0.3,0.3,0.3,0.4,0.4,0.4,0.4,0.4,0.4,0.4,12.100000000000005,0.20166666666666674
1346,22:26,22,26,1346,0.1,0.1,0.1,0.1,0.1,0.3,0.4,0.2,0.3,0.3,0.4,0.1,0.1,0.1,0.1,0.1,0.1,0.2,0.2,0.3,0.3,0.3,0.4,0.1,0.1,0.1,0.1,0.1,0.2,0.2,0.2,0.2,0.2,0.2,0.2,0.3,0.3,0.3,0.3,0.3,0.3,0.3,0.3,0.3,0.4,0.4,0.4,0.4,0.4,0.4,0.4,12.100000000000005,0.20166666666666674
1347,22:27,22,27,1347,0.1,0.1,0.1,0.1,0.1,0.3,0.4,0.2,0.3,0.3,0.4,0.1,0.1,0.1,0.1,0.1,0.1,0.2,0.2,0.3,0.3,0.3,0.4,0.1,0.1,0.1,0.1,0.1,0.2,0.2,0.2,0.2,0.2,0.2,0.2,0.3,0.3,0.3,0.3,0.3,0.3,0.3,0.3,0.3,0.4,0.4,0.4,0.4,0.4,0.4,0.4,12.100000000000005,0.20166666666666674
1348,22:28,22,28,1348,0.1,0.1,0.1,0.1,0.1,0.3,0.4,0.2,0.3,0.3,0.4,0.1,0.1,0.1,0.1,0.1,0.1,0.2,0.2,0.3,0.3,0.3,0.4,0.1,0.1,0.1,0.1,0.1,0.2,0.2,0.2,0.2,0.2,0.2,0.2,0.3,0.3,0.3,0.3,0.3,0.3,0.3,0.3,0.3,0.4,0.4,0.4,0.4,0.4,0.4,0.4,12.100000000000005,0.20166666666666674
1349,22:29,22,29,1349,0.1,0.1,0.1,0.1,0.1,0.3,0.4,0.2,0.3,0.3,0.4,0.1,0.1,0.1,0.1,0.1,0.1,0.2,0.2,0.3,0.3,0.3,0.4,0.1,0.1,0.1,0.1,0.1,0.2,0.2,0.2,0.2,0.2,0.2,0.2,0.3,0.3,0.3,0.3,0.3,0.3,0.3,0.3,0.3,0.4,0.4,0.4,0.4,0.4,0.4,0.4,12.100000000000005,0.20166666666666674
1350,22:30,22,30,1350,0.1,0.1,0.1,0.1,0.1,0.3,0.4,0.2,0.3,0.3,0.4,0.1,0.1,0.1,0.1,0.1,0.1,0.2,0.2,0.3,0.3,0.3,0.4,0.1,0.1,0.1,0.1,0.1,0.2,0.2,0.2,0.2,0.2,0.2,0.2,0.3,0.3,0.3,0.3,0.3,0.3,0.3,0.3,0.3,0.4,0.4,0.4,0.4,0.4,0.4,0.4,12.100000000000005,0.20166666666666674
1351,22:31,22,31,1351,0.1,0.1,0.1,0.1,0.1,0.3,0.4,0.2,0.3,0.3,0.4,0.1,0.1,0.1,0.1,0.1,0.1,0.2,0.2,0.3,0.3,0.3,0.4,0.1,0.1,0.1,0.1,0.1,0.2,0.2,0.2,0.2,0.2,0.2,0.2,0.3,0.3,0.3,0.3,0.3,0.3,0.3,0.3,0.3,0.4,0.4,0.4,0.4,0.4,0.4,0.4,12.100000000000005,0.20166666666666674
1352,22:32,22,32,1352,0.1,0.1,0.1,0.1,0.1,0.3,0.4,0.2,0.3,0.3,0.4,0.1,0.1,0.1,0.1,0.1,0.1,0.2,0.2,0.3,0.3,0.3,0.4,0.1,0.1,0.1,0.1,0.1,0.2,0.2,0.2,0.2,0.2,0.2,0.2,0.3,0.3,0.3,0.3,0.3,0.3,0.3,0.3,0.3,0.4,0.4,0.4,0.4,0.4,0.4,0.4,12.100000000000005,0.20166666666666674
1353,22:33,22,33,1353,0.1,0.1,0.1,0.1,0.1,0.3,0.4,0.2,0.3,0.3,0.4,0.1,0.1,0.1,0.1,0.1,0.1,0.2,0.2,0.3,0.3,0.3,0.4,0.1,0.1,0.1,0.1,0.1,0.2,0.2,0.2,0.2,0.2,0.2,0.2,0.3,0.3,0.3,0.3,0.3,0.3,0.3,0.3,0.3,0.4,0.4,0.4,0.4,0.4,0.4,0.4,12.100000000000005,0.20166666666666674
1354,22:34,22,34,1354,0.1,0.1,0.1,0.1,0.1,0.3,0.4,0.2,0.3,0.3,0.4,0.1,0.1,0.1,0.1,0.1,0.1,0.2,0.2,0.3,0.3,0.3,0.4,0.1,0.1,0.1,0.1,0.1,0.2,0.2,0.2,0.2,0.2,0.2,0.2,0.3,0.3,0.3,0.3,0.3,0.3,0.3,0.3,0.3,0.4,0.4,0.4,0.4,0.4,0.4,0.4,12.100000000000005,0.20166666666666674
1355,22:35,22,35,1355,0.1,0.1,0.1,0.1,0.1,0.3,0.4,0.2,0.3,0.3,0.4,0.1,0.1,0.1,0.1,0.1,0.1,0.2,0.2,0.3,0.3,0.3,0.4,0.1,0.1,0.1,0.1,0.1,0.2,0.2,0.2,0.2,0.2,0.2,0.2,0.3,0.3,0.3,0.3,0.3,0.3,0.3,0.3,0.3,0.4,0.4,0.4,0.4,0.4,0.4,0.4,12.100000000000005,0.20166666666666674
1356,22:36,22,36,1356,0.1,0.1,0.1,0.1,0.1,0.3,0.4,0.2,0.3,0.3,0.4,0.1,0.1,0.1,0.1,0.1,0.1,0.2,0.2,0.3,0.3,0.3,0.4,0.1,0.1,0.1,0.1,0.1,0.2,0.2,0.2,0.2,0.2,0.2,0.2,0.3,0.3,0.3,0.3,0.3,0.3,0.3,0.3,0.3,0.4,0.4,0.4,0.4,0.4,0.4,0.4,12.100000000000005,0.20166666666666674
1357,22:37,22,37,1357,0.1,0.1,0.1,0.1,0.1,0.3,0.4,0.2,0.3,0.3,0.4,0.1,0.1,0.1,0.1,0.1,0.1,0.2,0.2,0.3,0.3,0.3,0.4,0.1,0.1,0.1,0.1,0.1,0.2,0.2,0.2,0.2,0.2,0.2,0.2,0.3,0.3,0.3,0.3,0.3,0.3,0.3,0.3,0.3,0.4,0.4,0.4,0.4,0.4,0.4,0.4,12.100000000000005,0.20166666666666674
1358,22:38,22,38,1358,0.1,0.1,0.1,0.1,0.1,0.3,0.4,0.2,0.3,0.3,0.4,0.1,0.1,0.1,0.1,0.1,0.1,0.2,0.2,0.3,0.3,0.3,0.4,0.1,0.1,0.1,0.1,0.1,0.2,0.2,0.2,0.2,0.2,0.2,0.2,0.3,0.3,0.3,0.3,0.3,0.3,0.3,0.3,0.3,0.4,0.4,0.4,0.4,0.4,0.4,0.4,12.100000000000005,0.20166666666666674
1359,22:39,22,39,1359,0.1,0.1,0.1,0.1,0.1,0.3,0.4,0.2,0.3,0.3,0.4,0.1,0.1,0.1,0.1,0.1,0.1,0.2,0.2,0.3,0.3,0.3,0.4,0.1,0.1,0.1,0.1,0.1,0.2,0.2,0.2,0.2,0.2,0.2,0.2,0.3,0.3,0.3,0.3,0.3,0.3,0.3,0.3,0.3,0.4,0.4,0.4,0.4,0.4,0.4,0.4,12.100000000000005,0.20166666666666674
1360,22:40,22,40,1360,0.1,0.1,0.1,0.1,0.1,0.3,0.4,0.2,0.3,0.3,0.4,0.1,0.1,0.1,0.1,0.1,0.1,0.2,0.2,0.3,0.3,0.3,0.4,0.1,0.1,0.1,0.1,0.1,0.2,0.2,0.2,0.2,0.2,0.2,0.2,0.3,0.3,0.3,0.3,0.3,0.3,0.3,0.3,0.3,0.4,0.4,0.4,0.4,0.4,0.4,0.4,12.100000000000005,0.20166666666666674
1361,22:41,22,41,1361,0.1,0.1,0.1,0.1,0.1,0.3,0.4,0.2,0.3,0.3,0.4,0.1,0.1,0.1,0.1,0.1,0.1,0.2,0.2,0.3,0.3,0.3,0.4,0.1,0.1,0.1,0.1,0.1,0.2,0.2,0.2,0.2,0.2,0.2,0.2,0.3,0.3,0.3,0.3,0.3,0.3,0.3,0.3,0.3,0.4,0.4,0.4,0.4,0.4,0.4,0.4,12.100000000000005,0.20166666666666674
1362,22:42,22,42,1362,0.1,0.1,0.1,0.1,0.1,0.3,0.4,0.2,0.3,0.3,0.4,0.1,0.1,0.1,0.1,0.1,0.1,0.2,0.2,0.3,0.3,0.3,0.4,0.1,0.1,0.1,0.1,0.1,0.2,0.2,0.2,0.2,0.2,0.2,0.2,0.3,0.3,0.3,0.3,0.3,0.3,0.3,0.3,0.3,0.4,0.4,0.4,0.4,0.4,0.4,0.4,12.100000000000005,0.20166666666666674
1363,22:43,22,43,1363,0.1,0.1,0.1,0.1,0.1,0.3,0.4,0.2,0.3,0.3,0.4,0.1,0.1,0.1,0.1,0.1,0.1,0.2,0.2,0.3,0.3,0.3,0.4,0.1,0.1,0.1,0.1,0.1,0.2,0.2,0.2,0.2,0.2,0.2,0.2,0.3,0.3,0.3,0.3,0.3,0.3,0.3,0.3,0.3,0.4,0.4,0.4,0.4,0.4,0.4,0.4,12.100000000000005,0.20166666666666674
1364,22:44,22,44,1364,0.1,0.1,0.1,0.1,0.1,0.3,0.4,0.2,0.3,0.3,0.4,0.1,0.1,0.1,0.1,0.1,0.1,0.2,0.2,0.3,0.3,0.3,0.4,0.1,0.1,0.1,0.1,0.1,0.2,0.2,0.2,0.2,0.2,0.2,0.2,0.3,0.3,0.3,0.3,0.3,0.3,0.3,0.3,0.3,0.4,0.4,0.4,0.4,0.4,0.4,0.4,12.100000000000005,0.20166666666666674
1365,22:45,22,45,1365,0.1,0.1,0.1,0.1,0.1,0.3,0.4,0.2,0.3,0.3,0.4,0.1,0.1,0.1,0.1,0.1,0.1,0.2,0.2,0.3,0.3,0.3,0.4,0.1,0.1,0.1,0.1,0.1,0.2,0.2,0.2,0.2,0.2,0.2,0.2,0.3,0.3,0.3,0.3,0.3,0.3,0.3,0.3,0.3,0.4,0.4,0.4,0.4,0.4,0.4,0.4,12.100000000000005,0.20166666666666674
1366,22:46,22,46,1366,0.1,0.1,0.1,0.1,0.1,0.3,0.4,0.2,0.3,0.3,0.4,0.1,0.1,0.1,0.1,0.1,0.1,0.2,0.2,0.3,0.3,0.3,0.4,0.1,0.1,0.1,0.1,0.1,0.2,0.2,0.2,0.2,0.2,0.2,0.2,0.3,0.3,0.3,0.3,0.3,0.3,0.3,0.3,0.3,0.4,0.4,0.4,0.4,0.4,0.4,0.4,12.100000000000005,0.20166666666666674
1367,22:47,22,47,1367,0.1,0.1,0.1,0.1,0.1,0.3,0.4,0.2,0.3,0.3,0.4,0.1,0.1,0.1,0.1,0.1,0.1,0.2,0.2,0.3,0.3,0.3,0.4,0.1,0.1,0.1,0.1,0.1,0.2,0.2,0.2,0.2,0.2,0.2,0.2,0.3,0.3,0.3,0.3,0.3,0.3,0.3,0.3,0.3,0.4,0.4,0.4,0.4,0.4,0.4,0.4,12.100000000000005,0.20166666666666674
1368,22:48,22,48,1368,0.1,0.1,0.1,0.1,0.1,0.3,0.4,0.2,0.3,0.3,0.4,0.1,0.1,0.1,0.1,0.1,0.1,0.2,0.2,0.3,0.3,0.3,0.4,0.1,0.1,0.1,0.1,0.1,0.2,0.2,0.2,0.2,0.2,0.2,0.2,0.3,0.3,0.3,0.3,0.3,0.3,0.3,0.3,0.3,0.4,0.4,0.4,0.4,0.4,0.4,0.4,12.100000000000005,0.20166666666666674
1369,22:49,22,49,1369,0.1,0.1,0.1,0.1,0.1,0.3,0.4,0.2,0.3,0.3,0.4,0.1,0.1,0.1,0.1,0.1,0.1,0.2,0.2,0.3,0.3,0.3,0.4,0.1,0.1,0.1,0.1,0.1,0.2,0.2,0.2,0.2,0.2,0.2,0.2,0.3,0.3,0.3,0.3,0.3,0.3,0.3,0.3,0.3,0.4,0.4,0.4,0.4,0.4,0.4,0.4,12.100000000000005,0.20166666666666674
1370,22:50,22,50,1370,0.1,0.1,0.1,0.1,0.1,0.3,0.4,0.2,0.3,0.3,0.4,0.1,0.1,0.1,0.1,0.1,0.1,0.2,0.2,0.3,0.3,0.3,0.4,0.1,0.1,0.1,0.1,0.1,0.2,0.2,0.2,0.2,0.2,0.2,0.2,0.3,0.3,0.3,0.3,0.3,0.3,0.3,0.3,0.3,0.4,0.4,0.4,0.4,0.4,0.4,0.4,12.100000000000005,0.20166666666666674
1371,22:51,22,51,1371,0.1,0.1,0.1,0.1,0.1,0.3,0.4,0.2,0.3,0.3,0.4,0.1,0.1,0.1,0.1,0.1,0.1,0.2,0.2,0.3,0.3,0.3,0.4,0.1,0.1,0.1,0.1,0.1,0.2,0.2,0.2,0.2,0.2,0.2,0.2,0.3,0.3,0.3,0.3,0.3,0.3,0.3,0.3,0.3,0.4,0.4,0.4,0.4,0.4,0.4,0.4,12.100000000000005,0.20166666666666674
1372,22:52,22,52,1372,0.1,0.1,0.1,0.1,0.1,0.3,0.4,0.2,0.3,0.3,0.4,0.1,0.1,0.1,0.1,0.1,0.1,0.2,0.2,0.3,0.3,0.3,0.4,0.1,0.1,0.1,0.1,0.1,0.2,0.2,0.2,0.2,0.2,0.2,0.2,0.3,0.3,0.3,0.3,0.3,0.3,0.3,0.3,0.3,0.4,0.4,0.4,0.4,0.4,0.4,0.4,12.100000000000005,0.20166666666666674
1373,22:53,22,53,1373,0.1,0.1,0.1,0.1,0.1,0.3,0.4,0.2,0.3,0.3,0.4,0.1,0.1,0.1,0.1,0.1,0.1,0.2,0.2,0.3,0.3,0.3,0.4,0.1,0.1,0.1,0.1,0.1,0.2,0.2,0.2,0.2,0.2,0.2,0.2,0.3,0.3,0.3,0.3,0.3,0.3,0.3,0.3,0.3,0.4,0.4,0.4,0.4,0.4,0.4,0.4,12.100000000000005,0.20166666666666674
1374,22:54,22,54,1374,0.1,0.1,0.1,0.1,0.1,0.3,0.4,0.2,0.3,0.3,0.4,0.1,0.1,0.1,0.1,0.1,0.1,0.2,0.2,0.3,0.3,0.3,0.4,0.1,0.1,0.1,0.1,0.1,0.2,0.2,0.2,0.2,0.2,0.2,0.2,0.3,0.3,0.3,0.3,0.3,0.3,0.3,0.3,0.3,0.4,0.4,0.4,0.4,0.4,0.4,0.4,12.100000000000005,0.20166666666666674
1375,22:55,22,55,1375,0.1,0.1,0.1,0.1,0.1,0.3,0.4,0.2,0.3,0.3,0.4,0.1,0.1,0.1,0.1,0.1,0.1,0.2,0.2,0.3,0.3,0.3,0.4,0.1,0.1,0.1,0.1,0.1,0.2,0.2,0.2,0.2,0.2,0.2,0.2,0.3,0.3,0.3,0.3,0.3,0.3,0.3,0.3,0.3,0.4,0.4,0.4,0.4,0.4,0.4,0.4,12.100000000000005,0.20166666666666674
1376,22:56,22,56,1376,0.1,0.1,0.1,0.1,0.1,0.3,0.4,0.2,0.3,0.3,0.4,0.1,0.1,0.1,0.1,0.1,0.1,0.2,0.2,0.3,0.3,0.3,0.4,0.1,0.1,0.1,0.1,0.1,0.2,0.2,0.2,0.2,0.2,0.2,0.2,0.3,0.3,0.3,0.3,0.3,0.3,0.3,0.3,0.3,0.4,0.4,0.4,0.4,0.4,0.4,0.4,12.100000000000005,0.20166666666666674
1377,22:57,22,57,1377,0.1,0.1,0.1,0.1,0.1,0.3,0.4,0.2,0.3,0.3,0.4,0.1,0.1,0.1,0.1,0.1,0.1,0.2,0.2,0.3,0.3,0.3,0.4,0.1,0.1,0.1,0.1,0.1,0.2,0.2,0.2,0.2,0.2,0.2,0.2,0.3,0.3,0.3,0.3,0.3,0.3,0.3,0.3,0.3,0.4,0.4,0.4,0.4,0.4,0.4,0.4,12.100000000000005,0.20166666666666674
1378,22:58,22,58,1378,0.1,0.1,0.1,0.1,0.1,0.3,0.4,0.2,0.3,0.3,0.4,0.1,0.1,0.1,0.1,0.1,0.1,0.2,0.2,0.3,0.3,0.3,0.4,0.1,0.1,0.1,0.1,0.1,0.2,0.2,0.2,0.2,0.2,0.2,0.2,0.3,0.3,0.3,0.3,0.3,0.3,0.3,0.3,0.3,0.4,0.4,0.4,0.4,0.4,0.4,0.4,12.100000000000005,0.20166666666666674
1379,22:59,22,59,1379,0.1,0.1,0.1,0.1,0.1,0.3,0.4,0.2,0.3,0.3,0.4,0.1,0.1,0.1,0.1,0.1,0.1,0.2,0.2,0.3,0.3,0.3,0.4,0.1,0.1,0.1,0.1,0.1,0.2,0.2,0.2,0.2,0.2,0.2,0.2,0.3,0.3,0.3,0.3,0.3,0.3,0.3,0.3,0.3,0.4,0.4,0.4,0.4,0.4,0.4,0.4,12.100000000000005,0.20166666666666674
1380,23:00,23,0,1380,0.1,0.1,0.1,0.1,0.1,0.3,0.4,0.2,0.3,0.3,0.4,0.1,0.1,0.1,0.1,0.1,0.1,0.2,0.2,0.3,0.3,0.3,0.4,0.1,0.1,0.1,0.1,0.1,0.2,0.2,0.2,0.2,0.2,0.2,0.2,0.3,0.3,0.3,0.3,0.3,0.3,0.3,0.3,0.3,0.4,0.4,0.4,0.4,0.4,0.4,0.4,12.100000000000005,0.20166666666666674
1381,23:01,23,1,1381,0.1,0.1,0.1,0.1,0.1,0.3,0.4,0.2,0.3,0.3,0.4,0.1,0.1,0.1,0.1,0.1,0.1,0.2,0.2,0.3,0.3,0.3,0.4,0.1,0.1,0.1,0.1,0.1,0.2,0.2,0.2,0.2,0.2,0.2,0.2,0.3,0.3,0.3,0.3,0.3,0.3,0.3,0.3,0.3,0.4,0.4,0.4,0.4,0.4,0.4,0.4,12.100000000000005,0.20166666666666674
1382,23:02,23,2,1382,0.1,0.1,0.1,0.1,0.1,0.3,0.4,0.2,0.3,0.3,0.4,0.1,0.1,0.1,0.1,0.1,0.1,0.2,0.2,0.3,0.3,0.3,0.4,0.1,0.1,0.1,0.1,0.1,0.2,0.2,0.2,0.2,0.2,0.2,0.2,0.3,0.3,0.3,0.3,0.3,0.3,0.3,0.3,0.3,0.4,0.4,0.4,0.4,0.4,0.4,0.4,12.100000000000005,0.20166666666666674
1383,23:03,23,3,1383,0.1,0.1,0.1,0.1,0.1,0.3,0.4,0.2,0.3,0.3,0.4,0.1,0.1,0.1,0.1,0.1,0.1,0.2,0.2,0.3,0.3,0.3,0.4,0.1,0.1,0.1,0.1,0.1,0.2,0.2,0.2,0.2,0.2,0.2,0.2,0.3,0.3,0.3,0.3,0.3,0.3,0.3,0.3,0.3,0.4,0.4,0.4,0.4,0.4,0.4,0.4,12.100000000000005,0.20166666666666674
1384,23:04,23,4,1384,0.1,0.1,0.1,0.1,0.1,0.3,0.4,0.2,0.3,0.3,0.4,0.1,0.1,0.1,0.1,0.1,0.1,0.2,0.2,0.3,0.3,0.3,0.4,0.1,0.1,0.1,0.1,0.1,0.2,0.2,0.2,0.2,0.2,0.2,0.2,0.3,0.3,0.3,0.3,0.3,0.3,0.3,0.3,0.3,0.4,0.4,0.4,0.4,0.4,0.4,0.4,12.100000000000005,0.20166666666666674
1385,23:05,23,5,1385,0.1,0.1,0.1,0.1,0.1,0.3,0.4,0.2,0.3,0.3,0.4,0.1,0.1,0.1,0.1,0.1,0.1,0.2,0.2,0.3,0.3,0.3,0.4,0.1,0.1,0.1,0.1,0.1,0.2,0.2,0.2,0.2,0.2,0.2,0.2,0.3,0.3,0.3,0.3,0.3,0.3,0.3,0.3,0.3,0.4,0.4,0.4,0.4,0.4,0.4,0.4,12.100000000000005,0.20166666666666674
1386,23:06,23,6,1386,0.1,0.1,0.1,0.1,0.1,0.3,0.4,0.2,0.3,0.3,0.4,0.1,0.1,0.1,0.1,0.1,0.1,0.2,0.2,0.3,0.3,0.3,0.4,0.1,0.1,0.1,0.1,0.1,0.2,0.2,0.2,0.2,0.2,0.2,0.2,0.3,0.3,0.3,0.3,0.3,0.3,0.3,0.3,0.3,0.4,0.4,0.4,0.4,0.4,0.4,0.4,12.100000000000005,0.20166666666666674
1387,23:07,23,7,1387,0.1,0.1,0.1,0.1,0.1,0.3,0.4,0.2,0.3,0.3,0.4,0.1,0.1,0.1,0.1,0.1,0.1,0.2,0.2,0.3,0.3,0.3,0.4,0.1,0.1,0.1,0.1,0.1,0.2,0.2,0.2,0.2,0.2,0.2,0.2,0.3,0.3,0.3,0.3,0.3,0.3,0.3,0.3,0.3,0.4,0.4,0.4,0.4,0.4,0.4,0.4,12.100000000000005,0.20166666666666674
1388,23:08,23,8,1388,0.1,0.1,0.1,0.1,0.1,0.3,0.4,0.2,0.3,0.3,0.4,0.1,0.1,0.1,0.1,0.1,0.1,0.2,0.2,0.3,0.3,0.3,0.4,0.1,0.1,0.1,0.1,0.1,0.2,0.2,0.2,0.2,0.2,0.2,0.2,0.3,0.3,0.3,0.3,0.3,0.3,0.3,0.3,0.3,0.4,0.4,0.4,0.4,0.4,0.4,0.4,12.100000000000005,0.20166666666666674
1389,23:09,23,9,1389,0.1,0.1,0.1,0.1,0.1,0.3,0.4,0.2,0.3,0.3,0.4,0.1,0.1,0.1,0.1,0.1,0.1,0.2,0.2,0.3,0.3,0.3,0.4,0.1,0.1,0.1,0.1,0.1,0.2,0.2,0.2,0.2,0.2,0.2,0.2,0.3,0.3,0.3,0.3,0.3,0.3,0.3,0.3,0.3,0.4,0.4,0.4,0.4,0.4,0.4,0.4,12.100000000000005,0.20166666666666674
1390,23:10,23,10,1390,0.1,0.1,0.1,0.1,0.1,0.3,0.4,0.2,0.3,0.3,0.4,0.1,0.1,0.1,0.1,0.1,0.1,0.2,0.2,0.3,0.3,0.3,0.4,0.1,0.1,0.1,0.1,0.1,0.2,0.2,0.2,0.2,0.2,0.2,0.2,0.3,0.3,0.3,0.3,0.3,0.3,0.3,0.3,0.3,0.4,0.4,0.4,0.4,0.4,0.4,0.4,12.100000000000005,0.20166666666666674
1391,23:11,23,11,1391,0.1,0.1,0.1,0.1,0.1,0.3,0.4,0.2,0.3,0.3,0.4,0.1,0.1,0.1,0.1,0.1,0.1,0.2,0.2,0.3,0.3,0.3,0.4,0.1,0.1,0.1,0.1,0.1,0.2,0.2,0.2,0.2,0.2,0.2,0.2,0.3,0.3,0.3,0.3,0.3,0.3,0.3,0.3,0.3,0.4,0.4,0.4,0.4,0.4,0.4,0.4,12.100000000000005,0.20166666666666674
1392,23:12,23,12,1392,0.1,0.1,0.1,0.1,0.1,0.3,0.4,0.2,0.3,0.3,0.4,0.1,0.1,0.1,0.1,0.1,0.1,0.2,0.2,0.3,0.3,0.3,0.4,0.1,0.1,0.1,0.1,0.1,0.2,0.2,0.2,0.2,0.2,0.2,0.2,0.3,0.3,0.3,0.3,0.3,0.3,0.3,0.3,0.3,0.4,0.4,0.4,0.4,0.4,0.4,0.4,12.100000000000005,0.20166666666666674
1393,23:13,23,13,1393,0.1,0.1,0.1,0.1,0.1,0.3,0.4,0.2,0.3,0.3,0.4,0.1,0.1,0.1,0.1,0.1,0.1,0.2,0.2,0.3,0.3,0.3,0.4,0.1,0.1,0.1,0.1,0.1,0.2,0.2,0.2,0.2,0.2,0.2,0.2,0.3,0.3,0.3,0.3,0.3,0.3,0.3,0.3,0.3,0.4,0.4,0.4,0.4,0.4,0.4,0.4,12.100000000000005,0.20166666666666674
1394,23:14,23,14,1394,0.1,0.1,0.1,0.1,0.1,0.3,0.4,0.2,0.3,0.3,0.4,0.1,0.1,0.1,0.1,0.1,0.1,0.2,0.2,0.3,0.3,0.3,0.4,0.1,0.1,0.1,0.1,0.1,0.2,0.2,0.2,0.2,0.2,0.2,0.2,0.3,0.3,0.3,0.3,0.3,0.3,0.3,0.3,0.3,0.4,0.4,0.4,0.4,0.4,0.4,0.4,12.100000000000005,0.20166666666666674
1395,23:15,23,15,1395,0.1,0.1,0.1,0.1,0.1,0.3,0.4,0.2,0.3,0.3,0.4,0.1,0.1,0.1,0.1,0.1,0.1,0.2,0.2,0.3,0.3,0.3,0.4,0.1,0.1,0.1,0.1,0.1,0.2,0.2,0.2,0.2,0.2,0.2,0.2,0.3,0.3,0.3,0.3,0.3,0.3,0.3,0.3,0.3,0.4,0.4,0.4,0.4,0.4,0.4,0.4,12.100000000000005,0.20166666666666674
1396,23:16,23,16,1396,0.1,0.1,0.1,0.1,0.1,0.3,0.4,0.2,0.3,0.3,0.4,0.1,0.1,0.1,0.1,0.1,0.1,0.2,0.2,0.3,0.3,0.3,0.4,0.1,0.1,0.1,0.1,0.1,0.2,0.2,0.2,0.2,0.2,0.2,0.2,0.3,0.3,0.3,0.3,0.3,0.3,0.3,0.3,0.3,0.4,0.4,0.4,0.4,0.4,0.4,0.4,12.100000000000005,0.20166666666666674
1397,23:17,23,17,1397,0.1,0.1,0.1,0.1,0.1,0.3,0.4,0.2,0.3,0.3,0.4,0.1,0.1,0.1,0.1,0.1,0.1,0.2,0.2,0.3,0.3,0.3,0.4,0.1,0.1,0.1,0.1,0.1,0.2,0.2,0.2,0.2,0.2,0.2,0.2,0.3,0.3,0.3,0.3,0.3,0.3,0.3,0.3,0.3,0.4,0.4,0.4,0.4,0.4,0.4,0.4,12.100000000000005,0.20166666666666674
1398,23:18,23,18,1398,0.1,0.1,0.1,0.1,0.1,0.3,0.4,0.2,0.3,0.3,0.4,0.1,0.1,0.1,0.1,0.1,0.1,0.2,0.2,0.3,0.3,0.3,0.4,0.1,0.1,0.1,0.1,0.1,0.2,0.2,0.2,0.2,0.2,0.2,0.2,0.3,0.3,0.3,0.3,0.3,0.3,0.3,0.3,0.3,0.4,0.4,0.4,0.4,0.4,0.4,0.4,12.100000000000005,0.20166666666666674
1399,23:19,23,19,1399,0.1,0.1,0.1,0.1,0.1,0.3,0.4,0.2,0.3,0.3,0.4,0.1,0.1,0.1,0.1,0.1,0.1,0.2,0.2,0.3,0.3,0.3,0.4,0.1,0.1,0.1,0.1,0.1,0.2,0.2,0.2,0.2,0.2,0.2,0.2,0.3,0.3,0.3,0.3,0.3,0.3,0.3,0.3,0.3,0.4,0.4,0.4,0.4,0.4,0.4,0.4,12.100000000000005,0.20166666666666674
1400,23:20,23,20,1400,0.1,0.1,0.1,0.1,0.1,0.3,0.4,0.2,0.3,0.3,0.4,0.1,0.1,0.1,0.1,0.1,0.1,0.2,0.2,0.3,0.3,0.3,0.4,0.1,0.1,0.1,0.1,0.1,0.2,0.2,0.2,0.2,0.2,0.2,0.2,0.3,0.3,0.3,0.3,0.3,0.3,0.3,0.3,0.3,0.4,0.4,0.4,0.4,0.4,0.4,0.4,12.100000000000005,0.20166666666666674
1401,23:21,23,21,1401,0.1,0.1,0.1,0.1,0.1,0.3,0.4,0.2,0.3,0.3,0.4,0.1,0.1,0.1,0.1,0.1,0.1,0.2,0.2,0.3,0.3,0.3,0.4,0.1,0.1,0.1,0.1,0.1,0.2,0.2,0.2,0.2,0.2,0.2,0.2,0.3,0.3,0.3,0.3,0.3,0.3,0.3,0.3,0.3,0.4,0.4,0.4,0.4,0.4,0.4,0.4,12.100000000000005,0.20166666666666674
1402,23:22,23,22,1402,0.1,0.1,0.1,0.1,0.1,0.3,0.4,0.2,0.3,0.3,0.4,0.1,0.1,0.1,0.1,0.1,0.1,0.2,0.2,0.3,0.3,0.3,0.4,0.1,0.1,0.1,0.1,0.1,0.2,0.2,0.2,0.2,0.2,0.2,0.2,0.3,0.3,0.3,0.3,0.3,0.3,0.3,0.3,0.3,0.4,0.4,0.4,0.4,0.4,0.4,0.4,12.100000000000005,0.20166666666666674
1403,23:23,23,23,1403,0.1,0.1,0.1,0.1,0.1,0.3,0.4,0.2,0.3,0.3,0.4,0.1,0.1,0.1,0.1,0.1,0.1,0.2,0.2,0.3,0.3,0.3,0.4,0.1,0.1,0.1,0.1,0.1,0.2,0.2,0.2,0.2,0.2,0.2,0.2,0.3,0.3,0.3,0.3,0.3,0.3,0.3,0.3,0.3,0.4,0.4,0.4,0.4,0.4,0.4,0.4,12.100000000000005,0.20166666666666674
1404,23:24,23,24,1404,0.1,0.1,0.1,0.1,0.1,0.3,0.4,0.2,0.3,0.3,0.4,0.1,0.1,0.1,0.1,0.1,0.1,0.2,0.2,0.3,0.3,0.3,0.4,0.1,0.1,0.1,0.1,0.1,0.2,0.2,0.2,0.2,0.2,0.2,0.2,0.3,0.3,0.3,0.3,0.3,0.3,0.3,0.3,0.3,0.4,0.4,0.4,0.4,0.4,0.4,0.4,12.100000000000005,0.20166666666666674
1405,23:25,23,25,1405,0.1,0.1,0.1,0.1,0.1,0.3,0.4,0.2,0.3,0.3,0.4,0.1,0.1,0.1,0.1,0.1,0.1,0.2,0.2,0.3,0.3,0.3,0.4,0.1,0.1,0.1,0.1,0.1,0.2,0.2,0.2,0.2,0.2,0.2,0.2,0.3,0.3,0.3,0.3,0.3,0.3,0.3,0.3,0.3,0.4,0.4,0.4,0.4,0.4,0.4,0.4,12.100000000000005,0.20166666666666674
1406,23:26,23,26,1406,0.1,0.1,0.1,0.1,0.1,0.3,0.4,0.2,0.3,0.3,0.4,0.1,0.1,0.1,0.1,0.1,0.1,0.2,0.2,0.3,0.3,0.3,0.4,0.1,0.1,0.1,0.1,0.1,0.2,0.2,0.2,0.2,0.2,0.2,0.2,0.3,0.3,0.3,0.3,0.3,0.3,0.3,0.3,0.3,0.4,0.4,0.4,0.4,0.4,0.4,0.4,12.100000000000005,0.20166666666666674
1407,23:27,23,27,1407,0.1,0.1,0.1,0.1,0.1,0.3,0.4,0.2,0.3,0.3,0.4,0.1,0.1,0.1,0.1,0.1,0.1,0.2,0.2,0.3,0.3,0.3,0.4,0.1,0.1,0.1,0.1,0.1,0.2,0.2,0.2,0.2,0.2,0.2,0.2,0.3,0.3,0.3,0.3,0.3,0.3,0.3,0.3,0.3,0.4,0.4,0.4,0.4,0.4,0.4,0.4,12.100000000000005,0.20166666666666674
1408,23:28,23,28,1408,0.1,0.1,0.1,0.1,0.1,0.3,0.4,0.2,0.3,0.3,0.4,0.1,0.1,0.1,0.1,0.1,0.1,0.2,0.2,0.3,0.3,0.3,0.4,0.1,0.1,0.1,0.1,0.1,0.2,0.2,0.2,0.2,0.2,0.2,0.2,0.3,0.3,0.3,0.3,0.3,0.3,0.3,0.3,0.3,0.4,0.4,0.4,0.4,0.4,0.4,0.4,12.100000000000005,0.20166666666666674
1409,23:29,23,29,1409,0.1,0.1,0.1,0.1,0.1,0.3,0.4,0.2,0.3,0.3,0.4,0.1,0.1,0.1,0.1,0.1,0.1,0.2,0.2,0.3,0.3,0.3,0.4,0.1,0.1,0.1,0.1,0.1,0.2,0.2,0.2,0.2,0.2,0.2,0.2,0.3,0.3,0.3,0.3,0.3,0.3,0.3,0.3,0.3,0.4,0.4,0.4,0.4,0.4,0.4,0.4,12.100000000000005,0.20166666666666674
1410,23:30,23,30,1410,0.1,0.1,0.1,0.1,0.1,0.3,0.4,0.2,0.3,0.3,0.4,0.1,0.1,0.1,0.1,0.1,0.1,0.2,0.2,0.3,0.3,0.3,0.4,0.1,0.1,0.1,0.1,0.1,0.2,0.2,0.2,0.2,0.2,0.2,0.2,0.3,0.3,0.3,0.3,0.3,0.3,0.3,0.3,0.3,0.4,0.4,0.4,0.4,0.4,0.4,0.4,12.100000000000005,0.20166666666666674
1411,23:31,23,31,1411,0.1,0.1,0.1,0.1,0.1,0.3,0.4,0.2,0.3,0.3,0.4,0.1,0.1,0.1,0.1,0.1,0.1,0.2,0.2,0.3,0.3,0.3,0.4,0.1,0.1,0.1,0.1,0.1,0.2,0.2,0.2,0.2,0.2,0.2,0.2,0.3,0.3,0.3,0.3,0.3,0.3,0.3,0.3,0.3,0.4,0.4,0.4,0.4,0.4,0.4,0.4,12.100000000000005,0.20166666666666674
1412,23:32,23,32,1412,0.1,0.1,0.1,0.1,0.1,0.3,0.4,0.2,0.3,0.3,0.4,0.1,0.1,0.1,0.1,0.1,0.1,0.2,0.2,0.3,0.3,0.3,0.4,0.1,0.1,0.1,0.1,0.1,0.2,0.2,0.2,0.2,0.2,0.2,0.2,0.3,0.3,0.3,0.3,0.3,0.3,0.3,0.3,0.3,0.4,0.4,0.4,0.4,0.4,0.4,0.4,12.100000000000005,0.20166666666666674
1413,23:33,23,33,1413,0.1,0.1,0.1,0.1,0.1,0.3,0.4,0.2,0.3,0.3,0.4,0.1,0.1,0.1,0.1,0.1,0.1,0.2,0.2,0.3,0.3,0.3,0.4,0.1,0.1,0.1,0.1,0.1,0.2,0.2,0.2,0.2,0.2,0.2,0.2,0.3,0.3,0.3,0.3,0.3,0.3,0.3,0.3,0.3,0.4,0.4,0.4,0.4,0.4,0.4,0.4,12.100000000000005,0.20166666666666674
1414,23:34,23,34,1414,0.1,0.1,0.1,0.1,0.1,0.3,0.4,0.2,0.3,0.3,0.4,0.1,0.1,0.1,0.1,0.1,0.1,0.2,0.2,0.3,0.3,0.3,0.4,0.1,0.1,0.1,0.1,0.1,0.2,0.2,0.2,0.2,0.2,0.2,0.2,0.3,0.3,0.3,0.3,0.3,0.3,0.3,0.3,0.3,0.4,0.4,0.4,0.4,0.4,0.4,0.4,12.100000000000005,0.20166666666666674
1415,23:35,23,35,1415,0.1,0.1,0.1,0.1,0.1,0.3,0.4,0.2,0.3,0.3,0.4,0.1,0.1,0.1,0.1,0.1,0.1,0.2,0.2,0.3,0.3,0.3,0.4,0.1,0.1,0.1,0.1,0.1,0.2,0.2,0.2,0.2,0.2,0.2,0.2,0.3,0.3,0.3,0.3,0.3,0.3,0.3,0.3,0.3,0.4,0.4,0.4,0.4,0.4,0.4,0.4,12.100000000000005,0.20166666666666674
1416,23:36,23,36,1416,0.1,0.1,0.1,0.1,0.1,0.3,0.4,0.2,0.3,0.3,0.4,0.1,0.1,0.1,0.1,0.1,0.1,0.2,0.2,0.3,0.3,0.3,0.4,0.1,0.1,0.1,0.1,0.1,0.2,0.2,0.2,0.2,0.2,0.2,0.2,0.3,0.3,0.3,0.3,0.3,0.3,0.3,0.3,0.3,0.4,0.4,0.4,0.4,0.4,0.4,0.4,12.100000000000005,0.20166666666666674
1417,23:37,23,37,1417,0.1,0.1,0.1,0.1,0.1,0.3,0.4,0.2,0.3,0.3,0.4,0.1,0.1,0.1,0.1,0.1,0.1,0.2,0.2,0.3,0.3,0.3,0.4,0.1,0.1,0.1,0.1,0.1,0.2,0.2,0.2,0.2,0.2,0.2,0.2,0.3,0.3,0.3,0.3,0.3,0.3,0.3,0.3,0.3,0.4,0.4,0.4,0.4,0.4,0.4,0.4,12.100000000000005,0.20166666666666674
1418,23:38,23,38,1418,0.1,0.1,0.1,0.1,0.1,0.3,0.4,0.2,0.3,0.3,0.4,0.1,0.1,0.1,0.1,0.1,0.1,0.2,0.2,0.3,0.3,0.3,0.4,0.1,0.1,0.1,0.1,0.1,0.2,0.2,0.2,0.2,0.2,0.2,0.2,0.3,0.3,0.3,0.3,0.3,0.3,0.3,0.3,0.3,0.4,0.4,0.4,0.4,0.4,0.4,0.4,12.100000000000005,0.20166666666666674
1419,23:39,23,39,1419,0.1,0.1,0.1,0.1,0.1,0.3,0.4,0.2,0.3,0.3,0.4,0.1,0.1,0.1,0.1,0.1,0.1,0.2,0.2,0.3,0.3,0.3,0.4,0.1,0.1,0.1,0.1,0.1,0.2,0.2,0.2,0.2,0.2,0.2,0.2,0.3,0.3,0.3,0.3,0.3,0.3,0.3,0.3,0.3,0.4,0.4,0.4,0.4,0.4,0.4,0.4,12.100000000000005,0.20166666666666674
1420,23:40,23,40,1420,0.1,0.1,0.1,0.1,0.1,0.3,0.4,0.2,0.3,0.3,0.4,0.1,0.1,0.1,0.1,0.1,0.1,0.2,0.2,0.3,0.3,0.3,0.4,0.1,0.1,0.1,0.1,0.1,0.2,0.2,0.2,0.2,0.2,0.2,0.2,0.3,0.3,0.3,0.3,0.3,0.3,0.3,0.3,0.3,0.4,0.4,0.4,0.4,0.4,0.4,0.4,12.100000000000005,0.20166666666666674
1421,23:41,23,41,1421,0.1,0.1,0.1,0.1,0.1,0.3,0.4,0.2,0.3,0.3,0.4,0.1,0.1,0.1,0.1,0.1,0.1,0.2,0.2,0.3,0.3,0.3,0.4,0.1,0.1,0.1,0.1,0.1,0.2,0.2,0.2,0.2,0.2,0.2,0.2,0.3,0.3,0.3,0.3,0.3,0.3,0.3,0.3,0.3,0.4,0.4,0.4,0.4,0.4,0.4,0.4,12.100000000000005,0.20166666666666674
1422,23:42,23,42,1422,0.1,0.1,0.1,0.1,0.1,0.3,0.4,0.2,0.3,0.3,0.4,0.1,0.1,0.1,0.1,0.1,0.1,0.2,0.2,0.3,0.3,0.3,0.4,0.1,0.1,0.1,0.1,0.1,0.2,0.2,0.2,0.2,0.2,0.2,0.2,0.3,0.3,0.3,0.3,0.3,0.3,0.3,0.3,0.3,0.4,0.4,0.4,0.4,0.4,0.4,0.4,12.100000000000005,0.20166666666666674
1423,23:43,23,43,1423,0.1,0.1,0.1,0.1,0.1,0.3,0.4,0.2,0.3,0.3,0.4,0.1,0.1,0.1,0.1,0.1,0.1,0.2,0.2,0.3,0.3,0.3,0.4,0.1,0.1,0.1,0.1,0.1,0.2,0.2,0.2,0.2,0.2,0.2,0.2,0.3,0.3,0.3,0.3,0.3,0.3,0.3,0.3,0.3,0.4,0.4,0.4,0.4,0.4,0.4,0.4,12.100000000000005,0.20166666666666674
1424,23:44,23,44,1424,0.1,0.1,0.1,0.1,0.1,0.3,0.4,0.2,0.3,0.3,0.4,0.1,0.1,0.1,0.1,0.1,0.1,0.2,0.2,0.3,0.3,0.3,0.4,0.1,0.1,0.1,0.1,0.1,0.2,0.2,0.2,0.2,0.2,0.2,0.2,0.3,0.3,0.3,0.3,0.3,0.3,0.3,0.3,0.3,0.4,0.4,0.4,0.4,0.4,0.4,0.4,12.100000000000005,0.20166666666666674
1425,23:45,23,45,1425,0.1,0.1,0.1,0.1,0.1,0.3,0.4,0.2,0.3,0.3,0.4,0.1,0.1,0.1,0.1,0.1,0.1,0.2,0.2,0.3,0.3,0.3,0.4,0.1,0.1,0.1,0.1,0.1,0.2,0.2,0.2,0.2,0.2,0.2,0.2,0.3,0.3,0.3,0.3,0.3,0.3,0.3,0.3,0.3,0.4,0.4,0.4,0.4,0.4,0.4,0.4,12.100000000000005,0.20166666666666674
1426,23:46,23,46,1426,0.1,0.1,0.1,0.1,0.1,0.3,0.4,0.2,0.3,0.3,0.4,0.1,0.1,0.1,0.1,0.1,0.1,0.2,0.2,0.3,0.3,0.3,0.4,0.1,0.1,0.1,0.1,0.1,0.2,0.2,0.2,0.2,0.2,0.2,0.2,0.3,0.3,0.3,0.3,0.3,0.3,0.3,0.3,0.3,0.4,0.4,0.4,0.4,0.4,0.4,0.4,12.100000000000005,0.20166666666666674
1427,23:47,23,47,1427,0.1,0.1,0.1,0.1,0.1,0.3,0.4,0.2,0.3,0.3,0.4,0.1,0.1,0.1,0.1,0.1,0.1,0.2,0.2,0.3,0.3,0.3,0.4,0.1,0.1,0.1,0.1,0.1,0.2,0.2,0.2,0.2,0.2,0.2,0.2,0.3,0.3,0.3,0.3,0.3,0.3,0.3,0.3,0.3,0.4,0.4,0.4,0.4,0.4,0.4,0.4,12.100000000000005,0.20166666666666674
1428,23:48,23,48,1428,0.1,0.1,0.1,0.1,0.1,0.3,0.4,0.2,0.3,0.3,0.4,0.1,0.1,0.1,0.1,0.1,0.1,0.2,0.2,0.3,0.3,0.3,0.4,0.1,0.1,0.1,0.1,0.1,0.2,0.2,0.2,0.2,0.2,0.2,0.2,0.3,0.3,0.3,0.3,0.3,0.3,0.3,0.3,0.3,0.4,0.4,0.4,0.4,0.4,0.4,0.4,12.100000000000005,0.20166666666666674
1429,23:49,23,49,1429,0.1,0.1,0.1,0.1,0.1,0.3,0.4,0.2,0.3,0.3,0.4,0.1,0.1,0.1,0.1,0.1,0.1,0.2,0.2,0.3,0.3,0.3,0.4,0.1,0.1,0.1,0.1,0.1,0.2,0.2,0.2,0.2,0.2,0.2,0.2,0.3,0.3,0.3,0.3,0.3,0.3,0.3,0.3,0.3,0.4,0.4,0.4,0.4,0.4,0.4,0.4,12.100000000000005,0.20166666666666674
1430,23:50,23,50,1430,0.1,0.1,0.1,0.1,0.1,0.3,0.4,0.2,0.3,0.3,0.4,0.1,0.1,0.1,0.1,0.1,0.1,0.2,0.2,0.3,0.3,0.3,0.4,0.1,0.1,0.1,0.1,0.1,0.2,0.2,0.2,0.2,0.2,0.2,0.2,0.3,0.3,0.3,0.3,0.3,0.3,0.3,0.3,0.3,0.4,0.4,0.4,0.4,0.4,0.4,0.4,12.100000000000005,0.20166666666666674
1431,23:51,23,51,1431,0.1,0.1,0.1,0.1,0.1,0.3,0.4,0.2,0.3,0.3,0.4,0.1,0.1,0.1,0.1,0.1,0.1,0.2,0.2,0.3,0.3,0.3,0.4,0.1,0.1,0.1,0.1,0.1,0.2,0.2,0.2,0.2,0.2,0.2,0.2,0.3,0.3,0.3,0.3,0.3,0.3,0.3,0.3,0.3,0.4,0.4,0.4,0.4,0.4,0.4,0.4,12.100000000000005,0.20166666666666674
1432,23:52,23,52,1432,0.1,0.1,0.1,0.1,0.1,0.3,0.4,0.2,0.3,0.3,0.4,0.1,0.1,0.1,0.1,0.1,0.1,0.2,0.2,0.3,0.3,0.3,0.4,0.1,0.1,0.1,0.1,0.1,0.2,0.2,0.2,0.2,0.2,0.2,0.2,0.3,0.3,0.3,0.3,0.3,0.3,0.3,0.3,0.3,0.4,0.4,0.4,0.4,0.4,0.4,0.4,12.100000000000005,0.20166666666666674
1433,23:53,23,53,1433,0.1,0.1,0.1,0.1,0.1,0.3,0.4,0.2,0.3,0.3,0.4,0.1,0.1,0.1,0.1,0.1,0.1,0.2,0.2,0.3,0.3,0.3,0.4,0.1,0.1,0.1,0.1,0.1,0.2,0.2,0.2,0.2,0.2,0.2,0.2,0.3,0.3,0.3,0.3,0.3,0.3,0.3,0.3,0.3,0.4,0.4,0.4,0.4,0.4,0.4,0.4,12.100000000000005,0.20166666666666674
1434,23:54,23,54,1434,0.1,0.1,0.1,0.1,0.1,0.3,0.4,0.2,0.3,0.3,0.4,0.1,0.1,0.1,0.1,0.1,0.1,0.2,0.2,0.3,0.3,0.3,0.4,0.1,0.1,0.1,0.1,0.1,0.2,0.2,0.2,0.2,0.2,0.2,0.2,0.3,0.3,0.3,0.3,0.3,0.3,0.3,0.3,0.3,0.4,0.4,0.4,0.4,0.4,0.4,0.4,12.100000000000005,0.20166666666666674
1435,23:55,23,55,1435,0.1,0.1,0.1,0.1,0.1,0.3,0.4,0.2,0.3,0.3,0.4,0.1,0.1,0.1,0.1,0.1,0.1,0.2,0.2,0.3,0.3,0.3,0.4,0.1,0.1,0.1,0.1,0.1,0.2,0.2,0.2,0.2,0.2,0.2,0.2,0.3,0.3,0.3,0.3,0.3,0.3,0.3,0.3,0.3,0.4,0.4,0.4,0.4,0.4,0.4,0.4,12.100000000000005,0.20166666666666674
1436,23:56,23,56,1436,0.1,0.1,0.1,0.1,0.1,0.3,0.4,0.2,0.3,0.3,0.4,0.1,0.1,0.1,0.1,0.1,0.1,0.2,0.2,0.3,0.3,0.3,0.4,0.1,0.1,0.1,0.1,0.1,0.2,0.2,0.2,0.2,0.2,0.2,0.2,0.3,0.3,0.3,0.3,0.3,0.3,0.3,0.3,0.3,0.4,0.4,0.4,0.4,0.4,0.4,0.4,12.100000000000005,0.20166666666666674
1437,23:57,23,57,1437,0.1,0.1,0.1,0.1,0.1,0.3,0.4,0.2,0.3,0.3,0.4,0.1,0.1,0.1,0.1,0.1,0.1,0.2,0.2,0.3,0.3,0.3,0.4,0.1,0.1,0.1,0.1,0.1,0.2,0.2,0.2,0.2,0.2,0.2,0.2,0.3,0.3,0.3,0.3,0.3,0.3,0.3,0.3,0.3,0.4,0.4,0.4,0.4,0.4,0.4,0.4,12.100000000000005,0.20166666666666674
1438,23:58,23,58,1438,0.1,0.1,0.1,0.1,0.1,0.3,0.4,0.2,0.3,0.3,0.4,0.1,0.1,0.1,0.1,0.1,0.1,0.2,0.2,0.3,0.3,0.3,0.4,0.1,0.1,0.1,0.1,0.1,0.2,0.2,0.2,0.2,0.2,0.2,0.2,0.3,0.3,0.3,0.3,0.3,0.3,0.3,0.3,0.3,0.4,0.4,0.4,0.4,0.4,0.4,0.4,12.100000000000005,0.20166666666666674
1439,23:59,23,59,1439,0.1,0.1,0.1,0.1,0.1,0.3,0.4,0.2,0.3,0.3,0.4,0.1,0.1,0.1,0.1,0.1,0.1,0.2,0.2,0.3,0.3,0.3,0.4,0.1,0.1,0.1,0.1,0.1,0.2,0.2,0.2,0.2,0.2,0.2,0.2,0.3,0.3,0.3,0.3,0.3,0.3,0.3,0.3,0.3,0.4,0.4,0.4,0.4,0.4,0.4,0.4,12.100000000000005,0.20166666666666674
